Product,Test,Time,log10_thresh,Sensitivity,Specificity,PPV,NPV,Prevalence,Accuracy,F1,Jaccard,MCC,Youden_J
UHT Milk,Charm,6 Hours,0.3,1,0,0.4792,NA,0.4792,0.4792,0.8606,0.4792,NA,0
UHT Milk,Charm,6 Hours,0.4,1,0,0.4792,NA,0.4792,0.4792,0.8606,0.4792,NA,0
UHT Milk,Charm,6 Hours,0.5,1,0.1667,0.5104,1,0.4792,0.6042,0.8987,0.5104,0.7071,0.1333
UHT Milk,Charm,6 Hours,0.6,1,0.1667,0.5104,1,0.4792,0.6042,0.8987,0.5104,0.7071,0.1333
UHT Milk,Charm,6 Hours,0.7,1,0.6458,0.6667,1,0.4792,0.8542,0.9636,0.6667,1,0.6
UHT Milk,Charm,6 Hours,0.8,1,0.7292,0.7778,1,0.4792,0.9375,0.9636,0.7778,1,0.6
UHT Milk,Charm,6 Hours,0.9,1,0.75,0.9333,1,0.4792,0.9583,0.9636,0.9333,1,0.6
UHT Milk,Charm,6 Hours,1,1,0.875,0.9667,1,0.4792,0.9792,0.9818,0.9667,1,0.8
UHT Milk,Charm,6 Hours,1.1,1,0.875,0.9667,1,0.4792,0.9792,0.9818,0.9667,1,0.8
UHT Milk,Charm,6 Hours,1.2,1,0.875,0.9667,1,0.4792,0.9792,0.9818,0.9667,1,0.8
UHT Milk,Charm,6 Hours,1.3,1,0.875,0.9667,1,0.4792,0.9792,0.9818,0.9667,1,0.8
UHT Milk,Charm,6 Hours,1.4,1,0.875,0.9667,1,0.4792,0.9792,0.9818,0.9667,1,0.8
UHT Milk,Charm,6 Hours,1.5,0.9333,0.875,0.9667,0.9643,0.4792,0.9583,0.9418,0.9,0.9268,0.7333
UHT Milk,Charm,6 Hours,1.6,0.9333,0.875,0.9667,0.9643,0.4792,0.9583,0.9418,0.9,0.9268,0.7333
UHT Milk,Charm,6 Hours,1.7,0.9333,0.875,0.9667,0.9643,0.4792,0.9583,0.9418,0.9,0.9268,0.7333
UHT Milk,Charm,6 Hours,1.8,0.9333,1,1,0.9688,0.4792,0.9792,0.96,0.9333,0.9414,0.9333
UHT Milk,Charm,6 Hours,1.9,0.9333,1,1,0.9688,0.4792,0.9792,0.96,0.9333,0.9414,0.9333
UHT Milk,Charm,6 Hours,2,0.9333,1,1,0.9688,0.4792,0.9792,0.96,0.9333,0.9414,0.9333
UHT Milk,Charm,6 Hours,2.1,0.8667,1,1,0.95,0.4792,0.9583,0.9,0.8667,0.8894,0.8667
UHT Milk,Charm,6 Hours,2.2,0.8667,1,1,0.95,0.4792,0.9583,0.9,0.8667,0.8894,0.8667
UHT Milk,Charm,6 Hours,2.3,0.8667,1,1,0.95,0.4792,0.9583,0.9,0.8667,0.8894,0.8667
UHT Milk,Charm,6 Hours,2.4,0.8,1,1,0.9375,0.4792,0.9375,1,0.8,1,0.8
UHT Milk,Charm,6 Hours,2.5,0.8,1,1,0.9375,0.4792,0.9375,1,0.8,1,0.8
UHT Milk,Charm,6 Hours,2.6,0.8,1,1,0.9375,0.4792,0.9375,1,0.8,1,0.8
UHT Milk,Charm,6 Hours,2.7,0.8,1,1,0.9375,0.4792,0.9375,1,0.8,1,0.8
UHT Milk,Charm,6 Hours,2.8,0.8,1,1,0.9375,0.4792,0.9375,1,0.8,1,0.8
UHT Milk,Charm,6 Hours,2.9,0.8,1,1,0.9375,0.4792,0.9375,1,0.8,1,0.8
UHT Milk,Charm,6 Hours,3,0.8,1,1,0.9375,0.4792,0.9375,1,0.8,1,0.8
UHT Milk,Charm,6 Hours,3.1,0.8,1,1,0.9375,0.4792,0.9375,1,0.8,1,0.8
UHT Milk,Charm,6 Hours,3.2,0.8,1,1,0.9375,0.4792,0.9375,1,0.8,1,0.8
UHT Milk,Charm,6 Hours,3.3,0.8,1,1,0.9375,0.4792,0.9375,1,0.8,1,0.8
UHT Milk,Charm,6 Hours,3.4,0.8,1,1,0.9375,0.4792,0.9375,1,0.8,1,0.8
UHT Milk,Charm,6 Hours,3.5,0.8,1,1,0.9375,0.4792,0.9375,1,0.8,1,0.8
UHT Milk,Charm,6 Hours,3.6,0.8,1,1,0.9375,0.4792,0.9375,1,0.8,1,0.8
UHT Milk,Charm,6 Hours,3.7,0.8,1,1,0.9375,0.4792,0.9375,1,0.8,1,0.8
UHT Milk,Charm,6 Hours,3.8,0.72,1,1,0.8542,0.4792,0.8958,0.9375,0.72,0.8618,0.72
UHT Milk,Charm,6 Hours,3.9,0.64,1,1,0.7812,0.4792,0.8542,0.8651,0.64,0.7372,0.64
UHT Milk,Charm,6 Hours,4,0.6,1,1,0.7188,0.4792,0.8333,0.8373,0.6,0.6453,0.6
UHT Milk,Charm,6 Hours,4.1,0.52,1,1,0.6771,0.4792,0.7917,0.7679,0.52,0.5527,0.52
UHT Milk,Charm,6 Hours,4.2,0.48,1,1,0.6708,0.4792,0.7708,0.7083,0.48,0.5236,0.48
UHT Milk,Charm,6 Hours,4.3,0.4,1,1,0.6542,0.4792,0.7292,0.6042,0.4,0.4618,0.4
UHT Milk,Charm,6 Hours,4.4,0.32,1,1,0.6458,0.4792,0.6875,0.875,0.32,0.7236,0.32
UHT Milk,Charm,6 Hours,4.5,0.32,1,1,0.6458,0.4792,0.6875,0.875,0.32,0.7236,0.32
UHT Milk,Charm,6 Hours,4.6,0.24,1,1,0.5625,0.4792,0.6458,0.75,0.24,0.4472,0.24
UHT Milk,Charm,6 Hours,4.7,0.16,1,1,0.5458,0.4792,0.6042,0.5417,0.16,0.3236,0.16
UHT Milk,Charm,6 Hours,4.8,0.12,1,1,0.5417,0.4792,0.5833,0.75,0.12,0.4472,0.12
UHT Milk,Charm,6 Hours,4.9,0.08,1,1,0.5312,0.4792,0.5625,0.5714,0.08,0.3162,0.08
UHT Milk,Charm,6 Hours,5,0,1,NA,0.5208,0.4792,0.5208,NA,0,NA,0
UHT Milk,Charm,6 Hours,5.1,0,1,NA,0.5208,0.4792,0.5208,NA,0,NA,0
UHT Milk,Charm,6 Hours,5.2,0,1,NA,0.5208,0.4792,0.5208,NA,0,NA,0
UHT Milk,Charm,6 Hours,5.3,0,1,NA,0.5208,0.4792,0.5208,NA,0,NA,0
UHT Milk,Charm,6 Hours,5.4,0,1,NA,0.5208,0.4792,0.5208,NA,0,NA,0
UHT Milk,Charm,6 Hours,5.5,0,1,NA,0.5208,0.4792,0.5208,NA,0,NA,0
UHT Milk,Charm,12 Hours,0.3,1,0,0.6458,NA,0.6458,0.6458,0.82,0.6458,NA,0
UHT Milk,Charm,12 Hours,0.4,1,0,0.6458,NA,0.6458,0.6458,0.82,0.6458,NA,0
UHT Milk,Charm,12 Hours,0.5,1,0.075,0.6667,1,0.6458,0.7083,0.8506,0.6667,0.4472,0.0857
UHT Milk,Charm,12 Hours,0.6,1,0.075,0.6667,1,0.6458,0.7083,0.8506,0.6667,0.4472,0.0857
UHT Milk,Charm,12 Hours,0.7,0.8571,0.5208,0.7857,0.9667,0.6458,0.8125,0.9545,0.6875,1,0.4286
UHT Milk,Charm,12 Hours,0.8,0.8571,0.7292,0.8095,0.9722,0.6458,0.9167,0.9697,0.7083,1,0.5714
UHT Milk,Charm,12 Hours,0.9,0.8571,0.875,0.9722,0.9762,0.6458,0.9583,0.9848,0.8333,1,0.7143
UHT Milk,Charm,12 Hours,1,0.8571,0.875,0.9722,0.9762,0.6458,0.9583,0.9848,0.8333,1,0.7143
UHT Milk,Charm,12 Hours,1.1,0.8571,0.875,0.9722,0.9762,0.6458,0.9583,0.9848,0.8333,1,0.7143
UHT Milk,Charm,12 Hours,1.2,0.8571,0.875,0.9722,0.9762,0.6458,0.9583,0.9848,0.8333,1,0.7143
UHT Milk,Charm,12 Hours,1.3,0.8571,0.875,0.9722,0.9762,0.6458,0.9583,0.9848,0.8333,1,0.7143
UHT Milk,Charm,12 Hours,1.4,0.8571,1,1,0.9792,0.6458,0.9792,1,0.8571,1,0.8571
UHT Milk,Charm,12 Hours,1.5,0.8571,1,1,0.9792,0.6458,0.9792,1,0.8571,1,0.8571
UHT Milk,Charm,12 Hours,1.6,0.8571,1,1,0.9792,0.6458,0.9792,1,0.8571,1,0.8571
UHT Milk,Charm,12 Hours,1.7,0.8571,1,1,0.9792,0.6458,0.9792,1,0.8571,1,0.8571
UHT Milk,Charm,12 Hours,1.8,0.8571,1,1,0.9792,0.6458,0.9792,1,0.8571,1,0.8571
UHT Milk,Charm,12 Hours,1.9,0.8571,1,1,0.9792,0.6458,0.9792,1,0.8571,1,0.8571
UHT Milk,Charm,12 Hours,2,0.8571,1,1,0.9792,0.6458,0.9792,1,0.8571,1,0.8571
UHT Milk,Charm,12 Hours,2.1,0.8571,1,1,0.9792,0.6458,0.9792,1,0.8571,1,0.8571
UHT Milk,Charm,12 Hours,2.2,0.8571,1,1,0.9792,0.6458,0.9792,1,0.8571,1,0.8571
UHT Milk,Charm,12 Hours,2.3,0.8571,1,1,0.9792,0.6458,0.9792,1,0.8571,1,0.8571
UHT Milk,Charm,12 Hours,2.4,0.8571,1,1,0.9792,0.6458,0.9792,1,0.8571,1,0.8571
UHT Milk,Charm,12 Hours,2.5,0.8571,1,1,0.9792,0.6458,0.9792,1,0.8571,1,0.8571
UHT Milk,Charm,12 Hours,2.6,0.8571,1,1,0.9792,0.6458,0.9792,1,0.8571,1,0.8571
UHT Milk,Charm,12 Hours,2.7,0.8571,1,1,0.9792,0.6458,0.9792,1,0.8571,1,0.8571
UHT Milk,Charm,12 Hours,2.8,0.8571,1,1,0.9792,0.6458,0.9792,1,0.8571,1,0.8571
UHT Milk,Charm,12 Hours,2.9,0.8286,1,1,0.9167,0.6458,0.9583,0.9815,0.8286,0.9387,0.8286
UHT Milk,Charm,12 Hours,3,0.8,1,1,0.8958,0.6458,0.9375,0.9583,0.8,0.9079,0.8
UHT Milk,Charm,12 Hours,3.1,0.8,1,1,0.8958,0.6458,0.9375,0.9583,0.8,0.9079,0.8
UHT Milk,Charm,12 Hours,3.2,0.7714,1,1,0.8854,0.6458,0.9167,0.9286,0.7714,0.886,0.7714
UHT Milk,Charm,12 Hours,3.3,0.7429,1,1,0.8792,0.6458,0.8958,0.8889,0.7429,0.8667,0.7429
UHT Milk,Charm,12 Hours,3.4,0.7143,1,1,0.875,0.6458,0.875,1,0.7143,1,0.7143
UHT Milk,Charm,12 Hours,3.5,0.7143,1,1,0.875,0.6458,0.875,1,0.7143,1,0.7143
UHT Milk,Charm,12 Hours,3.6,0.7143,1,1,0.875,0.6458,0.875,1,0.7143,1,0.7143
UHT Milk,Charm,12 Hours,3.7,0.7143,1,1,0.875,0.6458,0.875,1,0.7143,1,0.7143
UHT Milk,Charm,12 Hours,3.8,0.7143,1,1,0.875,0.6458,0.875,1,0.7143,1,0.7143
UHT Milk,Charm,12 Hours,3.9,0.7143,1,1,0.875,0.6458,0.875,1,0.7143,1,0.7143
UHT Milk,Charm,12 Hours,4,0.7143,1,1,0.875,0.6458,0.875,1,0.7143,1,0.7143
UHT Milk,Charm,12 Hours,4.1,0.7143,1,1,0.875,0.6458,0.875,1,0.7143,1,0.7143
UHT Milk,Charm,12 Hours,4.2,0.7143,1,1,0.875,0.6458,0.875,1,0.7143,1,0.7143
UHT Milk,Charm,12 Hours,4.3,0.7143,1,1,0.875,0.6458,0.875,1,0.7143,1,0.7143
UHT Milk,Charm,12 Hours,4.4,0.7143,1,1,0.875,0.6458,0.875,1,0.7143,1,0.7143
UHT Milk,Charm,12 Hours,4.5,0.6857,1,1,0.8125,0.6458,0.8542,0.9778,0.6857,0.9265,0.6857
UHT Milk,Charm,12 Hours,4.6,0.6286,1,1,0.7292,0.6458,0.8125,0.9278,0.6286,0.8159,0.6286
UHT Milk,Charm,12 Hours,4.7,0.4571,1,1,0.6146,0.6458,0.6875,0.8651,0.4571,0.7372,0.4571
UHT Milk,Charm,12 Hours,4.8,0.2286,1,1,0.4792,0.6458,0.5208,0.875,0.2286,0.7236,0.2286
UHT Milk,Charm,12 Hours,4.9,0.1429,1,1,0.4583,0.6458,0.4583,1,0.1429,1,0.1429
UHT Milk,Charm,12 Hours,5,0.1429,1,1,0.4583,0.6458,0.4583,1,0.1429,1,0.1429
UHT Milk,Charm,12 Hours,5.1,0.1429,1,1,0.4583,0.6458,0.4583,1,0.1429,1,0.1429
UHT Milk,Charm,12 Hours,5.2,0.1429,1,1,0.4583,0.6458,0.4583,1,0.1429,1,0.1429
UHT Milk,Charm,12 Hours,5.3,0.1429,1,1,0.4583,0.6458,0.4583,1,0.1429,1,0.1429
UHT Milk,Charm,12 Hours,5.4,0.0571,1,1,0.3646,0.6458,0.3958,0.5714,0.0571,0.3162,0.0571
UHT Milk,Charm,12 Hours,5.5,0,1,NA,0.3542,0.6458,0.3542,NA,0,NA,0
UHT Milk,Charm,24 Hours,0.3,1,0,0.6875,NA,0.6875,0.6875,0.7872,0.6875,NA,0
UHT Milk,Charm,24 Hours,0.4,1,0.025,0.6917,1,0.6875,0.7083,0.7932,0.6917,0.2,0.025
UHT Milk,Charm,24 Hours,0.5,1,0.125,0.7917,1,0.6875,0.7917,0.8765,0.7917,1,0.125
UHT Milk,Charm,24 Hours,0.6,1,0.125,0.7917,1,0.6875,0.7917,0.8765,0.7917,1,0.125
UHT Milk,Charm,24 Hours,0.7,1,0.5833,0.8854,1,0.6875,0.8958,0.9344,0.8854,0.9414,0.5833
UHT Milk,Charm,24 Hours,0.8,1,0.625,0.9167,1,0.6875,0.9167,0.9523,0.9167,1,0.625
UHT Milk,Charm,24 Hours,0.9,1,0.625,0.9167,1,0.6875,0.9167,0.9523,0.9167,1,0.625
UHT Milk,Charm,24 Hours,1,1,0.75,0.9375,1,0.6875,0.9375,0.9636,0.9375,1,0.75
UHT Milk,Charm,24 Hours,1.1,1,0.875,0.9583,1,0.6875,0.9583,0.975,0.9583,1,0.875
UHT Milk,Charm,24 Hours,1.2,1,0.875,0.9583,1,0.6875,0.9583,0.975,0.9583,1,0.875
UHT Milk,Charm,24 Hours,1.3,1,0.9375,0.975,1,0.6875,0.9792,0.9861,0.975,0.9541,0.9375
UHT Milk,Charm,24 Hours,1.4,1,0.9375,0.975,1,0.6875,0.9792,0.9861,0.975,0.9541,0.9375
UHT Milk,Charm,24 Hours,1.5,1,0.9375,0.975,1,0.6875,0.9792,0.9861,0.975,0.9541,0.9375
UHT Milk,Charm,24 Hours,1.6,1,1,1,1,0.6875,1,1,1,1,1
UHT Milk,Charm,24 Hours,1.7,1,1,1,1,0.6875,1,1,1,1,1
UHT Milk,Charm,24 Hours,1.8,1,1,1,1,0.6875,1,1,1,1,1
UHT Milk,Charm,24 Hours,1.9,1,1,1,1,0.6875,1,1,1,1,1
UHT Milk,Charm,24 Hours,2,1,1,1,1,0.6875,1,1,1,1,1
UHT Milk,Charm,24 Hours,2.1,1,1,1,1,0.6875,1,1,1,1,1
UHT Milk,Charm,24 Hours,2.2,1,1,1,1,0.6875,1,1,1,1,1
UHT Milk,Charm,24 Hours,2.3,1,1,1,1,0.6875,1,1,1,1,1
UHT Milk,Charm,24 Hours,2.4,1,1,1,1,0.6875,1,1,1,1,1
UHT Milk,Charm,24 Hours,2.5,1,1,1,1,0.6875,1,1,1,1,1
UHT Milk,Charm,24 Hours,2.6,1,1,1,1,0.6875,1,1,1,1,1
UHT Milk,Charm,24 Hours,2.7,1,1,1,1,0.6875,1,1,1,1,1
UHT Milk,Charm,24 Hours,2.8,1,1,1,1,0.6875,1,1,1,1,1
UHT Milk,Charm,24 Hours,2.9,1,1,1,1,0.6875,1,1,1,1,1
UHT Milk,Charm,24 Hours,3,0.9688,1,1,0.9583,0.6875,0.9792,0.9821,0.9688,0.9634,0.9688
UHT Milk,Charm,24 Hours,3.1,0.8625,1,1,0.8438,0.6875,0.8958,0.9048,0.8625,0.852,0.8625
UHT Milk,Charm,24 Hours,3.2,0.7812,1,1,0.8208,0.6875,0.8333,0.9143,0.7812,0.9023,0.7812
UHT Milk,Charm,24 Hours,3.3,0.75,1,1,0.8125,0.6875,0.8125,1,0.75,1,0.75
UHT Milk,Charm,24 Hours,3.4,0.6833,1,1,0.7188,0.6875,0.7708,0.9481,0.6833,0.8899,0.6833
UHT Milk,Charm,24 Hours,3.5,0.4083,1,1,0.5146,0.6875,0.625,0.7544,0.4083,0.5974,0.4083
UHT Milk,Charm,24 Hours,3.6,0.2583,1,1,0.4562,0.6875,0.5,0.6167,0.2583,0.5268,0.2583
UHT Milk,Charm,24 Hours,3.7,0.2333,1,1,0.3938,0.6875,0.4792,0.5889,0.2333,0.4349,0.2333
UHT Milk,Charm,24 Hours,3.8,0.1417,1,1,0.3667,0.6875,0.4167,0.6944,0.1417,0.5398,0.1417
UHT Milk,Charm,24 Hours,3.9,0.0917,1,1,0.3354,0.6875,0.375,0.5357,0.0917,0.3817,0.0917
UHT Milk,Charm,24 Hours,4,0.05,1,1,0.3229,0.6875,0.3542,0.5714,0.05,0.3162,0.05
UHT Milk,Charm,24 Hours,4.1,0.05,1,1,0.3229,0.6875,0.3542,0.5714,0.05,0.3162,0.05
UHT Milk,Charm,24 Hours,4.2,0.025,1,1,0.3167,0.6875,0.3333,0.3333,0.025,0.2,0.025
UHT Milk,Charm,24 Hours,4.3,0,1,NA,0.3125,0.6875,0.3125,NA,0,NA,0
UHT Milk,Charm,24 Hours,4.4,0,1,NA,0.3125,0.6875,0.3125,NA,0,NA,0
UHT Milk,Charm,24 Hours,4.5,0,1,NA,0.3125,0.6875,0.3125,NA,0,NA,0
UHT Milk,Charm,24 Hours,4.6,0,1,NA,0.3125,0.6875,0.3125,NA,0,NA,0
UHT Milk,Charm,24 Hours,4.7,0,1,NA,0.3125,0.6875,0.3125,NA,0,NA,0
UHT Milk,Charm,24 Hours,4.8,0,1,NA,0.3125,0.6875,0.3125,NA,0,NA,0
UHT Milk,Charm,24 Hours,4.9,0,1,NA,0.3125,0.6875,0.3125,NA,0,NA,0
UHT Milk,Charm,24 Hours,5,0,1,NA,0.3125,0.6875,0.3125,NA,0,NA,0
UHT Milk,Charm,24 Hours,5.1,0,1,NA,0.3125,0.6875,0.3125,NA,0,NA,0
UHT Milk,Charm,24 Hours,5.2,0,1,NA,0.3125,0.6875,0.3125,NA,0,NA,0
UHT Milk,Charm,24 Hours,5.3,0,1,NA,0.3125,0.6875,0.3125,NA,0,NA,0
UHT Milk,Charm,24 Hours,5.4,0,1,NA,0.3125,0.6875,0.3125,NA,0,NA,0
UHT Milk,Charm,24 Hours,5.5,0,1,NA,0.3125,0.6875,0.3125,NA,0,NA,0
UHT Milk,Charm,48 Hours,0.3,1,0,0.7292,NA,0.7292,0.7292,0.9091,0.7292,NA,0
UHT Milk,Charm,48 Hours,0.4,1,0.1875,0.75,1,0.7292,0.8125,0.9221,0.75,1,0.1429
UHT Milk,Charm,48 Hours,0.5,1,0.3542,0.7708,1,0.7292,0.875,0.9351,0.7708,1,0.2857
UHT Milk,Charm,48 Hours,0.6,1,0.3542,0.7708,1,0.7292,0.875,0.9351,0.7708,1,0.2857
UHT Milk,Charm,48 Hours,0.7,1,0.875,0.9762,1,0.7292,0.9792,0.987,0.9762,1,0.8571
UHT Milk,Charm,48 Hours,0.8,0.9714,0.875,0.9762,0.9286,0.7292,0.9583,0.9711,0.9476,0.9387,0.8286
UHT Milk,Charm,48 Hours,0.9,0.9714,1,1,0.9375,0.7292,0.9792,0.9841,0.9714,0.9475,0.9714
UHT Milk,Charm,48 Hours,1,0.9429,1,1,0.875,0.7292,0.9583,0.9683,0.9429,0.895,0.9429
UHT Milk,Charm,48 Hours,1.1,0.8857,1,1,0.8438,0.7292,0.9167,0.9229,0.8857,0.8498,0.8857
UHT Milk,Charm,48 Hours,1.2,0.8,1,1,0.7708,0.7292,0.8542,0.963,0.8,0.8775,0.8
UHT Milk,Charm,48 Hours,1.3,0.6857,1,1,0.7125,0.7292,0.7708,0.8472,0.6857,0.7745,0.6857
UHT Milk,Charm,48 Hours,1.4,0.5714,1,1,0.6146,0.7292,0.6875,0.8643,0.5714,0.7527,0.5714
UHT Milk,Charm,48 Hours,1.5,0.5143,1,1,0.6042,0.7292,0.6458,0.9375,0.5143,0.8618,0.5143
UHT Milk,Charm,48 Hours,1.6,0.5143,1,1,0.6042,0.7292,0.6458,0.9375,0.5143,0.8618,0.5143
UHT Milk,Charm,48 Hours,1.7,0.5143,1,1,0.6042,0.7292,0.6458,0.9375,0.5143,0.8618,0.5143
UHT Milk,Charm,48 Hours,1.8,0.4571,1,1,0.5208,0.7292,0.6042,0.875,0.4571,0.7236,0.4571
UHT Milk,Charm,48 Hours,1.9,0.4286,1,1,0.5104,0.7292,0.5833,0.8304,0.4286,0.6909,0.4286
UHT Milk,Charm,48 Hours,2,0.3429,1,1,0.3792,0.7292,0.5208,0.7153,0.3429,0.478,0.3429
UHT Milk,Charm,48 Hours,2.1,0.3429,1,1,0.3792,0.7292,0.5208,0.7153,0.3429,0.478,0.3429
UHT Milk,Charm,48 Hours,2.2,0.3143,1,1,0.3583,0.7292,0.5,0.6806,0.3143,0.4317,0.3143
UHT Milk,Charm,48 Hours,2.3,0.2,1,1,0.3125,0.7292,0.4167,0.631,0.2,0.3599,0.2
UHT Milk,Charm,48 Hours,2.4,0.1143,1,1,0.2917,0.7292,0.3542,0.5714,0.1143,0.3162,0.1143
UHT Milk,Charm,48 Hours,2.5,0.0857,1,1,0.2854,0.7292,0.3333,0.4524,0.0857,0.2581,0.0857
UHT Milk,Charm,48 Hours,2.6,0.0857,1,1,0.2854,0.7292,0.3333,0.4524,0.0857,0.2581,0.0857
UHT Milk,Charm,48 Hours,2.7,0.0857,1,1,0.2854,0.7292,0.3333,0.4524,0.0857,0.2581,0.0857
UHT Milk,Charm,48 Hours,2.8,0.0571,1,1,0.2812,0.7292,0.3125,0.5714,0.0571,0.3162,0.0571
UHT Milk,Charm,48 Hours,2.9,0.0571,1,1,0.2812,0.7292,0.3125,0.5714,0.0571,0.3162,0.0571
UHT Milk,Charm,48 Hours,3,0.0571,1,1,0.2812,0.7292,0.3125,0.5714,0.0571,0.3162,0.0571
UHT Milk,Charm,48 Hours,3.1,0.0571,1,1,0.2812,0.7292,0.3125,0.5714,0.0571,0.3162,0.0571
UHT Milk,Charm,48 Hours,3.2,0.0286,1,1,0.275,0.7292,0.2917,0.3333,0.0286,0.2,0.0286
UHT Milk,Charm,48 Hours,3.3,0,1,NA,0.2708,0.7292,0.2708,NA,0,NA,0
UHT Milk,Charm,48 Hours,3.4,0,1,NA,0.2708,0.7292,0.2708,NA,0,NA,0
UHT Milk,Charm,48 Hours,3.5,0,1,NA,0.2708,0.7292,0.2708,NA,0,NA,0
UHT Milk,Charm,48 Hours,3.6,0,1,NA,0.2708,0.7292,0.2708,NA,0,NA,0
UHT Milk,Charm,48 Hours,3.7,0,1,NA,0.2708,0.7292,0.2708,NA,0,NA,0
UHT Milk,Charm,48 Hours,3.8,0,1,NA,0.2708,0.7292,0.2708,NA,0,NA,0
UHT Milk,Charm,48 Hours,3.9,0,1,NA,0.2708,0.7292,0.2708,NA,0,NA,0
UHT Milk,Charm,48 Hours,4,0,1,NA,0.2708,0.7292,0.2708,NA,0,NA,0
UHT Milk,Charm,48 Hours,4.1,0,1,NA,0.2708,0.7292,0.2708,NA,0,NA,0
UHT Milk,Charm,48 Hours,4.2,0,1,NA,0.2708,0.7292,0.2708,NA,0,NA,0
UHT Milk,Charm,48 Hours,4.3,0,1,NA,0.2708,0.7292,0.2708,NA,0,NA,0
UHT Milk,Charm,48 Hours,4.4,0,1,NA,0.2708,0.7292,0.2708,NA,0,NA,0
UHT Milk,Charm,48 Hours,4.5,0,1,NA,0.2708,0.7292,0.2708,NA,0,NA,0
UHT Milk,Charm,48 Hours,4.6,0,1,NA,0.2708,0.7292,0.2708,NA,0,NA,0
UHT Milk,Charm,48 Hours,4.7,0,1,NA,0.2708,0.7292,0.2708,NA,0,NA,0
UHT Milk,Charm,48 Hours,4.8,0,1,NA,0.2708,0.7292,0.2708,NA,0,NA,0
UHT Milk,Charm,48 Hours,4.9,0,1,NA,0.2708,0.7292,0.2708,NA,0,NA,0
UHT Milk,Charm,48 Hours,5,0,1,NA,0.2708,0.7292,0.2708,NA,0,NA,0
UHT Milk,Charm,48 Hours,5.1,0,1,NA,0.2708,0.7292,0.2708,NA,0,NA,0
UHT Milk,Charm,48 Hours,5.2,0,1,NA,0.2708,0.7292,0.2708,NA,0,NA,0
UHT Milk,Charm,48 Hours,5.3,0,1,NA,0.2708,0.7292,0.2708,NA,0,NA,0
UHT Milk,Charm,48 Hours,5.4,0,1,NA,0.2708,0.7292,0.2708,NA,0,NA,0
UHT Milk,Charm,48 Hours,5.5,0,1,NA,0.2708,0.7292,0.2708,NA,0,NA,0
UHT Milk,AttuneDilut,6 Hours,-0.4,1,0,0.4792,NA,0.4792,0.4792,0.8606,0.4792,NA,0
UHT Milk,AttuneDilut,6 Hours,-0.3,1,0.4375,0.5521,1,0.4792,0.6667,0.9351,0.5521,0.9024,0.5333
UHT Milk,AttuneDilut,6 Hours,-0.2,1,0.4375,0.5521,1,0.4792,0.6667,0.9351,0.5521,0.9024,0.5333
UHT Milk,AttuneDilut,6 Hours,-0.1,1,0.4375,0.5521,1,0.4792,0.6667,0.9351,0.5521,0.9024,0.5333
UHT Milk,AttuneDilut,6 Hours,0,1,0.4375,0.5521,1,0.4792,0.6667,0.9351,0.5521,0.9024,0.5333
UHT Milk,AttuneDilut,6 Hours,0.1,1,0.4375,0.5521,1,0.4792,0.6667,0.9351,0.5521,0.9024,0.5333
UHT Milk,AttuneDilut,6 Hours,0.2,1,0.4375,0.5521,1,0.4792,0.6667,0.9351,0.5521,0.9024,0.5333
UHT Milk,AttuneDilut,6 Hours,0.3,1,0.4375,0.5521,1,0.4792,0.6667,0.9351,0.5521,0.9024,0.5333
UHT Milk,AttuneDilut,6 Hours,0.4,1,0.4375,0.5521,1,0.4792,0.6667,0.9351,0.5521,0.9024,0.5333
UHT Milk,AttuneDilut,6 Hours,0.5,1,0.4375,0.5521,1,0.4792,0.6667,0.9351,0.5521,0.9024,0.5333
UHT Milk,AttuneDilut,6 Hours,0.6,1,0.4375,0.5521,1,0.4792,0.6667,0.9351,0.5521,0.9024,0.5333
UHT Milk,AttuneDilut,6 Hours,0.7,1,0.4375,0.5521,1,0.4792,0.6667,0.9351,0.5521,0.9024,0.5333
UHT Milk,AttuneDilut,6 Hours,0.8,1,0.4375,0.5521,1,0.4792,0.6667,0.9351,0.5521,0.9024,0.5333
UHT Milk,AttuneDilut,6 Hours,0.9,1,0.4375,0.5521,1,0.4792,0.6667,0.9351,0.5521,0.9024,0.5333
UHT Milk,AttuneDilut,6 Hours,1,1,0.4375,0.5521,1,0.4792,0.6667,0.9351,0.5521,0.9024,0.5333
UHT Milk,AttuneDilut,6 Hours,1.1,1,0.4375,0.5521,1,0.4792,0.6667,0.9351,0.5521,0.9024,0.5333
UHT Milk,AttuneDilut,6 Hours,1.2,1,0.4375,0.5521,1,0.4792,0.6667,0.9351,0.5521,0.9024,0.5333
UHT Milk,AttuneDilut,6 Hours,1.3,1,0.4375,0.5521,1,0.4792,0.6667,0.9351,0.5521,0.9024,0.5333
UHT Milk,AttuneDilut,6 Hours,1.4,1,0.4375,0.5521,1,0.4792,0.6667,0.9351,0.5521,0.9024,0.5333
UHT Milk,AttuneDilut,6 Hours,1.5,1,0.4375,0.5521,1,0.4792,0.6667,0.9351,0.5521,0.9024,0.5333
UHT Milk,AttuneDilut,6 Hours,1.6,1,0.4375,0.5521,1,0.4792,0.6667,0.9351,0.5521,0.9024,0.5333
UHT Milk,AttuneDilut,6 Hours,1.7,1,0.4375,0.5521,1,0.4792,0.6667,0.9351,0.5521,0.9024,0.5333
UHT Milk,AttuneDilut,6 Hours,1.8,1,0.4375,0.5521,1,0.4792,0.6667,0.9351,0.5521,0.9024,0.5333
UHT Milk,AttuneDilut,6 Hours,1.9,1,0.4375,0.5521,1,0.4792,0.6667,0.9351,0.5521,0.9024,0.5333
UHT Milk,AttuneDilut,6 Hours,2,1,0.625,0.5729,1,0.4792,0.75,0.9532,0.5729,0.9268,0.7333
UHT Milk,AttuneDilut,6 Hours,2.1,1,0.625,0.5729,1,0.4792,0.75,0.9532,0.5729,0.9268,0.7333
UHT Milk,AttuneDilut,6 Hours,2.2,1,0.625,0.5729,1,0.4792,0.75,0.9532,0.5729,0.9268,0.7333
UHT Milk,AttuneDilut,6 Hours,2.3,1,0.625,0.5729,1,0.4792,0.75,0.9532,0.5729,0.9268,0.7333
UHT Milk,AttuneDilut,6 Hours,2.4,1,0.6667,0.5729,1,0.4792,0.7917,0.9532,0.5729,0.9268,0.7333
UHT Milk,AttuneDilut,6 Hours,2.5,1,0.6875,0.5729,1,0.4792,0.8125,0.9532,0.5729,0.9268,0.7333
UHT Milk,AttuneDilut,6 Hours,2.6,1,0.6875,0.5729,1,0.4792,0.8125,0.9532,0.5729,0.9268,0.7333
UHT Milk,AttuneDilut,6 Hours,2.7,1,0.7292,0.5729,1,0.4792,0.8542,0.9532,0.5729,0.9268,0.7333
UHT Milk,AttuneDilut,6 Hours,2.8,1,0.7708,0.6042,1,0.4792,0.875,0.9818,0.6042,1,0.8
UHT Milk,AttuneDilut,6 Hours,2.9,1,0.7708,0.6042,1,0.4792,0.875,0.9818,0.6042,1,0.8
UHT Milk,AttuneDilut,6 Hours,3,1,0.8542,0.8056,1,0.4792,0.9583,0.9818,0.8056,1,0.8
UHT Milk,AttuneDilut,6 Hours,3.1,1,0.875,0.9667,1,0.4792,0.9792,0.9818,0.9667,1,0.8
UHT Milk,AttuneDilut,6 Hours,3.2,1,1,1,1,0.4792,1,1,1,1,1
UHT Milk,AttuneDilut,6 Hours,3.3,1,1,1,1,0.4792,1,1,1,1,1
UHT Milk,AttuneDilut,6 Hours,3.4,1,1,1,1,0.4792,1,1,1,1,1
UHT Milk,AttuneDilut,6 Hours,3.5,1,1,1,1,0.4792,1,1,1,1,1
UHT Milk,AttuneDilut,6 Hours,3.6,1,1,1,1,0.4792,1,1,1,1,1
UHT Milk,AttuneDilut,6 Hours,3.7,1,1,1,1,0.4792,1,1,1,1,1
UHT Milk,AttuneDilut,6 Hours,3.8,1,1,1,1,0.4792,1,1,1,1,1
UHT Milk,AttuneDilut,6 Hours,3.9,0.9333,1,1,0.9688,0.4792,0.9792,0.96,0.9333,0.9414,0.9333
UHT Milk,AttuneDilut,6 Hours,4,0.9333,1,1,0.9688,0.4792,0.9792,0.96,0.9333,0.9414,0.9333
UHT Milk,AttuneDilut,6 Hours,4.1,0.9333,1,1,0.9688,0.4792,0.9792,0.96,0.9333,0.9414,0.9333
UHT Milk,AttuneDilut,6 Hours,4.2,0.9333,1,1,0.9688,0.4792,0.9792,0.96,0.9333,0.9414,0.9333
UHT Milk,AttuneDilut,6 Hours,4.3,0.9333,1,1,0.9688,0.4792,0.9792,0.96,0.9333,0.9414,0.9333
UHT Milk,AttuneDilut,6 Hours,4.4,0.9333,1,1,0.9688,0.4792,0.9792,0.96,0.9333,0.9414,0.9333
UHT Milk,AttuneDilut,6 Hours,4.5,0.9333,1,1,0.9688,0.4792,0.9792,0.96,0.9333,0.9414,0.9333
UHT Milk,AttuneDilut,6 Hours,4.6,0.8667,1,1,0.95,0.4792,0.9583,0.9,0.8667,0.8894,0.8667
UHT Milk,AttuneDilut,6 Hours,4.7,0.8667,1,1,0.95,0.4792,0.9583,0.9,0.8667,0.8894,0.8667
UHT Milk,AttuneDilut,6 Hours,4.8,0.8667,1,1,0.95,0.4792,0.9583,0.9,0.8667,0.8894,0.8667
UHT Milk,AttuneDilut,6 Hours,4.9,0.8,1,1,0.9375,0.4792,0.9375,1,0.8,1,0.8
UHT Milk,AttuneDilut,6 Hours,5,0.8,1,1,0.9375,0.4792,0.9375,1,0.8,1,0.8
UHT Milk,AttuneDilut,6 Hours,5.1,0.8,1,1,0.9375,0.4792,0.9375,1,0.8,1,0.8
UHT Milk,AttuneDilut,6 Hours,5.2,0.8,1,1,0.9375,0.4792,0.9375,1,0.8,1,0.8
UHT Milk,AttuneDilut,6 Hours,5.3,0.8,1,1,0.9375,0.4792,0.9375,1,0.8,1,0.8
UHT Milk,AttuneDilut,6 Hours,5.4,0.8,1,1,0.9375,0.4792,0.9375,1,0.8,1,0.8
UHT Milk,AttuneDilut,6 Hours,5.5,0.8,1,1,0.9375,0.4792,0.9375,1,0.8,1,0.8
UHT Milk,AttuneDilut,6 Hours,5.6,0.8,1,1,0.9375,0.4792,0.9375,1,0.8,1,0.8
UHT Milk,AttuneDilut,6 Hours,5.7,0.8,1,1,0.9375,0.4792,0.9375,1,0.8,1,0.8
UHT Milk,AttuneDilut,6 Hours,5.8,0.8,1,1,0.9375,0.4792,0.9375,1,0.8,1,0.8
UHT Milk,AttuneDilut,6 Hours,5.9,0.8,1,1,0.9375,0.4792,0.9375,1,0.8,1,0.8
UHT Milk,AttuneDilut,6 Hours,6,0.8,1,1,0.9375,0.4792,0.9375,1,0.8,1,0.8
UHT Milk,AttuneDilut,6 Hours,6.1,0.8,1,1,0.9375,0.4792,0.9375,1,0.8,1,0.8
UHT Milk,AttuneDilut,6 Hours,6.2,0.8,1,1,0.9375,0.4792,0.9375,1,0.8,1,0.8
UHT Milk,AttuneDilut,6 Hours,6.3,0.8,1,1,0.9375,0.4792,0.9375,1,0.8,1,0.8
UHT Milk,AttuneDilut,6 Hours,6.4,0.8,1,1,0.9375,0.4792,0.9375,1,0.8,1,0.8
UHT Milk,AttuneDilut,6 Hours,6.5,0.64,1,1,0.7292,0.4792,0.8542,0.8819,0.64,0.678,0.64
UHT Milk,AttuneDilut,6 Hours,6.6,0.56,1,1,0.6875,0.4792,0.8125,0.8125,0.56,0.5854,0.56
UHT Milk,AttuneDilut,6 Hours,6.7,0.44,1,1,0.6604,0.4792,0.75,0.6637,0.44,0.4909,0.44
UHT Milk,AttuneDilut,6 Hours,6.8,0.4,1,1,0.6562,0.4792,0.7292,0.7738,0.4,0.5878,0.4
UHT Milk,AttuneDilut,6 Hours,6.9,0.36,1,1,0.65,0.4792,0.7083,0.6944,0.36,0.5491,0.36
UHT Milk,AttuneDilut,6 Hours,7,0.32,1,1,0.6458,0.4792,0.6875,0.875,0.32,0.7236,0.32
UHT Milk,AttuneDilut,6 Hours,7.1,0.32,1,1,0.6458,0.4792,0.6875,0.875,0.32,0.7236,0.32
UHT Milk,AttuneDilut,6 Hours,7.2,0.32,1,1,0.6458,0.4792,0.6875,0.875,0.32,0.7236,0.32
UHT Milk,AttuneDilut,6 Hours,7.3,0.28,1,1,0.5833,0.4792,0.6667,0.8194,0.28,0.5398,0.28
UHT Milk,AttuneDilut,6 Hours,7.4,0.16,1,1,0.5625,0.4792,0.6042,0.8889,0.16,0.6325,0.16
UHT Milk,AttuneDilut,6 Hours,7.5,0.12,1,1,0.5417,0.4792,0.5833,0.75,0.12,0.4472,0.12
UHT Milk,AttuneDilut,6 Hours,7.6,0,1,NA,0.5208,0.4792,0.5208,NA,0,NA,0
UHT Milk,AttuneDilut,6 Hours,7.7,0,1,NA,0.5208,0.4792,0.5208,NA,0,NA,0
UHT Milk,AttuneDilut,6 Hours,7.8,0,1,NA,0.5208,0.4792,0.5208,NA,0,NA,0
UHT Milk,AttuneDilut,6 Hours,7.9,0,1,NA,0.5208,0.4792,0.5208,NA,0,NA,0
UHT Milk,AttuneDilut,6 Hours,8,0,1,NA,0.5208,0.4792,0.5208,NA,0,NA,0
UHT Milk,AttuneDilut,6 Hours,8.1,0,1,NA,0.5208,0.4792,0.5208,NA,0,NA,0
UHT Milk,AttuneDilut,6 Hours,8.2,0,1,NA,0.5208,0.4792,0.5208,NA,0,NA,0
UHT Milk,AttuneDilut,12 Hours,-0.4,1,0,0.6458,NA,0.6458,0.6458,0.82,0.6458,NA,0
UHT Milk,AttuneDilut,12 Hours,-0.3,1,0.2333,0.6708,1,0.6458,0.7708,0.8398,0.6708,0.6,0.1714
UHT Milk,AttuneDilut,12 Hours,-0.2,1,0.2333,0.6708,1,0.6458,0.7708,0.8398,0.6708,0.6,0.1714
UHT Milk,AttuneDilut,12 Hours,-0.1,1,0.2333,0.6708,1,0.6458,0.7708,0.8398,0.6708,0.6,0.1714
UHT Milk,AttuneDilut,12 Hours,0,1,0.2333,0.6708,1,0.6458,0.7708,0.8398,0.6708,0.6,0.1714
UHT Milk,AttuneDilut,12 Hours,0.1,1,0.2333,0.6708,1,0.6458,0.7708,0.8398,0.6708,0.6,0.1714
UHT Milk,AttuneDilut,12 Hours,0.2,1,0.2333,0.6708,1,0.6458,0.7708,0.8398,0.6708,0.6,0.1714
UHT Milk,AttuneDilut,12 Hours,0.3,1,0.2333,0.6708,1,0.6458,0.7708,0.8398,0.6708,0.6,0.1714
UHT Milk,AttuneDilut,12 Hours,0.4,1,0.2333,0.6708,1,0.6458,0.7708,0.8398,0.6708,0.6,0.1714
UHT Milk,AttuneDilut,12 Hours,0.5,1,0.2333,0.6708,1,0.6458,0.7708,0.8398,0.6708,0.6,0.1714
UHT Milk,AttuneDilut,12 Hours,0.6,1,0.2333,0.6708,1,0.6458,0.7708,0.8398,0.6708,0.6,0.1714
UHT Milk,AttuneDilut,12 Hours,0.7,1,0.2333,0.6708,1,0.6458,0.7708,0.8398,0.6708,0.6,0.1714
UHT Milk,AttuneDilut,12 Hours,0.8,1,0.2333,0.6708,1,0.6458,0.7708,0.8398,0.6708,0.6,0.1714
UHT Milk,AttuneDilut,12 Hours,0.9,1,0.2333,0.6708,1,0.6458,0.7708,0.8398,0.6708,0.6,0.1714
UHT Milk,AttuneDilut,12 Hours,1,1,0.2333,0.6708,1,0.6458,0.7708,0.8398,0.6708,0.6,0.1714
UHT Milk,AttuneDilut,12 Hours,1.1,1,0.2333,0.6708,1,0.6458,0.7708,0.8398,0.6708,0.6,0.1714
UHT Milk,AttuneDilut,12 Hours,1.2,1,0.2333,0.6708,1,0.6458,0.7708,0.8398,0.6708,0.6,0.1714
UHT Milk,AttuneDilut,12 Hours,1.3,1,0.2333,0.6708,1,0.6458,0.7708,0.8398,0.6708,0.6,0.1714
UHT Milk,AttuneDilut,12 Hours,1.4,1,0.2333,0.6708,1,0.6458,0.7708,0.8398,0.6708,0.6,0.1714
UHT Milk,AttuneDilut,12 Hours,1.5,1,0.2333,0.6708,1,0.6458,0.7708,0.8398,0.6708,0.6,0.1714
UHT Milk,AttuneDilut,12 Hours,1.6,1,0.2333,0.6708,1,0.6458,0.7708,0.8398,0.6708,0.6,0.1714
UHT Milk,AttuneDilut,12 Hours,1.7,1,0.2333,0.6708,1,0.6458,0.7708,0.8398,0.6708,0.6,0.1714
UHT Milk,AttuneDilut,12 Hours,1.8,1,0.2333,0.6708,1,0.6458,0.7708,0.8398,0.6708,0.6,0.1714
UHT Milk,AttuneDilut,12 Hours,1.9,1,0.2333,0.6708,1,0.6458,0.7708,0.8398,0.6708,0.6,0.1714
UHT Milk,AttuneDilut,12 Hours,2,1,0.4292,0.7083,1,0.6458,0.8542,0.8766,0.7083,0.8157,0.3714
UHT Milk,AttuneDilut,12 Hours,2.1,1,0.4292,0.7083,1,0.6458,0.8542,0.8766,0.7083,0.8157,0.3714
UHT Milk,AttuneDilut,12 Hours,2.2,1,0.4292,0.7083,1,0.6458,0.8542,0.8766,0.7083,0.8157,0.3714
UHT Milk,AttuneDilut,12 Hours,2.3,1,0.4292,0.7083,1,0.6458,0.8542,0.8766,0.7083,0.8157,0.3714
UHT Milk,AttuneDilut,12 Hours,2.4,1,0.4292,0.7083,1,0.6458,0.8542,0.8766,0.7083,0.8157,0.3714
UHT Milk,AttuneDilut,12 Hours,2.5,1,0.5542,0.7292,1,0.6458,0.875,0.8896,0.7292,0.8618,0.5143
UHT Milk,AttuneDilut,12 Hours,2.6,1,0.5542,0.7292,1,0.6458,0.875,0.8896,0.7292,0.8618,0.5143
UHT Milk,AttuneDilut,12 Hours,2.7,1,0.6,0.8571,1,0.6458,0.9167,0.9134,0.8571,0.9081,0.5429
UHT Milk,AttuneDilut,12 Hours,2.8,1,0.725,0.881,1,0.6458,0.9375,0.9264,0.881,0.9265,0.6857
UHT Milk,AttuneDilut,12 Hours,2.9,0.8571,0.75,0.9444,0.9722,0.6458,0.9375,0.9697,0.8095,1,0.5714
UHT Milk,AttuneDilut,12 Hours,3,0.8571,0.75,0.9444,0.9722,0.6458,0.9375,0.9697,0.8095,1,0.5714
UHT Milk,AttuneDilut,12 Hours,3.1,0.8571,0.75,0.9444,0.9722,0.6458,0.9375,0.9697,0.8095,1,0.5714
UHT Milk,AttuneDilut,12 Hours,3.2,0.8571,0.75,0.9444,0.9722,0.6458,0.9375,0.9697,0.8095,1,0.5714
UHT Milk,AttuneDilut,12 Hours,3.3,0.8571,0.75,0.9444,0.9722,0.6458,0.9375,0.9697,0.8095,1,0.5714
UHT Milk,AttuneDilut,12 Hours,3.4,0.8571,0.875,0.9722,0.9762,0.6458,0.9583,0.9848,0.8333,1,0.7143
UHT Milk,AttuneDilut,12 Hours,3.5,0.8571,0.875,0.9722,0.9762,0.6458,0.9583,0.9848,0.8333,1,0.7143
UHT Milk,AttuneDilut,12 Hours,3.6,0.8571,0.875,0.9722,0.9762,0.6458,0.9583,0.9848,0.8333,1,0.7143
UHT Milk,AttuneDilut,12 Hours,3.7,0.8571,0.875,0.9722,0.9762,0.6458,0.9583,0.9848,0.8333,1,0.7143
UHT Milk,AttuneDilut,12 Hours,3.8,0.8571,0.875,0.9722,0.9762,0.6458,0.9583,0.9848,0.8333,1,0.7143
UHT Milk,AttuneDilut,12 Hours,3.9,0.8571,0.875,0.9722,0.9762,0.6458,0.9583,0.9848,0.8333,1,0.7143
UHT Milk,AttuneDilut,12 Hours,4,0.8571,1,1,0.9792,0.6458,0.9792,1,0.8571,1,0.8571
UHT Milk,AttuneDilut,12 Hours,4.1,0.8571,1,1,0.9792,0.6458,0.9792,1,0.8571,1,0.8571
UHT Milk,AttuneDilut,12 Hours,4.2,0.8571,1,1,0.9792,0.6458,0.9792,1,0.8571,1,0.8571
UHT Milk,AttuneDilut,12 Hours,4.3,0.8571,1,1,0.9792,0.6458,0.9792,1,0.8571,1,0.8571
UHT Milk,AttuneDilut,12 Hours,4.4,0.8571,1,1,0.9792,0.6458,0.9792,1,0.8571,1,0.8571
UHT Milk,AttuneDilut,12 Hours,4.5,0.8571,1,1,0.9792,0.6458,0.9792,1,0.8571,1,0.8571
UHT Milk,AttuneDilut,12 Hours,4.6,0.8571,1,1,0.9792,0.6458,0.9792,1,0.8571,1,0.8571
UHT Milk,AttuneDilut,12 Hours,4.7,0.8571,1,1,0.9792,0.6458,0.9792,1,0.8571,1,0.8571
UHT Milk,AttuneDilut,12 Hours,4.8,0.8571,1,1,0.9792,0.6458,0.9792,1,0.8571,1,0.8571
UHT Milk,AttuneDilut,12 Hours,4.9,0.8571,1,1,0.9792,0.6458,0.9792,1,0.8571,1,0.8571
UHT Milk,AttuneDilut,12 Hours,5,0.8571,1,1,0.9792,0.6458,0.9792,1,0.8571,1,0.8571
UHT Milk,AttuneDilut,12 Hours,5.1,0.8571,1,1,0.9792,0.6458,0.9792,1,0.8571,1,0.8571
UHT Milk,AttuneDilut,12 Hours,5.2,0.8571,1,1,0.9792,0.6458,0.9792,1,0.8571,1,0.8571
UHT Milk,AttuneDilut,12 Hours,5.3,0.8571,1,1,0.9792,0.6458,0.9792,1,0.8571,1,0.8571
UHT Milk,AttuneDilut,12 Hours,5.4,0.8286,1,1,0.9167,0.6458,0.9583,0.9815,0.8286,0.9387,0.8286
UHT Milk,AttuneDilut,12 Hours,5.5,0.8286,1,1,0.9167,0.6458,0.9583,0.9815,0.8286,0.9387,0.8286
UHT Milk,AttuneDilut,12 Hours,5.6,0.8,1,1,0.8958,0.6458,0.9375,0.9583,0.8,0.9079,0.8
UHT Milk,AttuneDilut,12 Hours,5.7,0.7714,1,1,0.8854,0.6458,0.9167,0.9286,0.7714,0.886,0.7714
UHT Milk,AttuneDilut,12 Hours,5.8,0.7429,1,1,0.8792,0.6458,0.8958,0.8889,0.7429,0.8667,0.7429
UHT Milk,AttuneDilut,12 Hours,5.9,0.7143,1,1,0.875,0.6458,0.875,1,0.7143,1,0.7143
UHT Milk,AttuneDilut,12 Hours,6,0.7143,1,1,0.875,0.6458,0.875,1,0.7143,1,0.7143
UHT Milk,AttuneDilut,12 Hours,6.1,0.7143,1,1,0.875,0.6458,0.875,1,0.7143,1,0.7143
UHT Milk,AttuneDilut,12 Hours,6.2,0.7143,1,1,0.875,0.6458,0.875,1,0.7143,1,0.7143
UHT Milk,AttuneDilut,12 Hours,6.3,0.7143,1,1,0.875,0.6458,0.875,1,0.7143,1,0.7143
UHT Milk,AttuneDilut,12 Hours,6.4,0.7143,1,1,0.875,0.6458,0.875,1,0.7143,1,0.7143
UHT Milk,AttuneDilut,12 Hours,6.5,0.7143,1,1,0.875,0.6458,0.875,1,0.7143,1,0.7143
UHT Milk,AttuneDilut,12 Hours,6.6,0.7143,1,1,0.875,0.6458,0.875,1,0.7143,1,0.7143
UHT Milk,AttuneDilut,12 Hours,6.7,0.6857,1,1,0.8125,0.6458,0.8542,0.9778,0.6857,0.9265,0.6857
UHT Milk,AttuneDilut,12 Hours,6.8,0.6571,1,1,0.7917,0.6458,0.8333,0.95,0.6571,0.8894,0.6571
UHT Milk,AttuneDilut,12 Hours,6.9,0.5714,1,1,0.7708,0.6458,0.7708,1,0.5714,1,0.5714
UHT Milk,AttuneDilut,12 Hours,7,0.5714,1,1,0.7708,0.6458,0.7708,1,0.5714,1,0.5714
UHT Milk,AttuneDilut,12 Hours,7.1,0.5714,1,1,0.7708,0.6458,0.7708,1,0.5714,1,0.5714
UHT Milk,AttuneDilut,12 Hours,7.2,0.5714,1,1,0.7708,0.6458,0.7708,1,0.5714,1,0.5714
UHT Milk,AttuneDilut,12 Hours,7.3,0.5714,1,1,0.7708,0.6458,0.7708,1,0.5714,1,0.5714
UHT Milk,AttuneDilut,12 Hours,7.4,0.5714,1,1,0.7708,0.6458,0.7708,1,0.5714,1,0.5714
UHT Milk,AttuneDilut,12 Hours,7.5,0.5714,1,1,0.7708,0.6458,0.7708,1,0.5714,1,0.5714
UHT Milk,AttuneDilut,12 Hours,7.6,0.5714,1,1,0.7708,0.6458,0.7708,1,0.5714,1,0.5714
UHT Milk,AttuneDilut,12 Hours,7.7,0.4571,1,1,0.6708,0.6458,0.6875,0.8333,0.4571,0.8,0.4571
UHT Milk,AttuneDilut,12 Hours,7.8,0.2,1,1,0.4667,0.6458,0.5,0.5556,0.2,0.4667,0.2
UHT Milk,AttuneDilut,12 Hours,7.9,0,1,NA,0.3542,0.6458,0.3542,NA,0,NA,0
UHT Milk,AttuneDilut,12 Hours,8,0,1,NA,0.3542,0.6458,0.3542,NA,0,NA,0
UHT Milk,AttuneDilut,12 Hours,8.1,0,1,NA,0.3542,0.6458,0.3542,NA,0,NA,0
UHT Milk,AttuneDilut,12 Hours,8.2,0,1,NA,0.3542,0.6458,0.3542,NA,0,NA,0
UHT Milk,AttuneDilut,24 Hours,-0.4,1,0,0.6875,NA,0.6875,0.6875,0.7872,0.6875,NA,0
UHT Milk,AttuneDilut,24 Hours,-0.3,1,0.25,0.7292,1,0.6875,0.7292,0.81,0.7292,1,0.25
UHT Milk,AttuneDilut,24 Hours,-0.2,1,0.25,0.7292,1,0.6875,0.7292,0.81,0.7292,1,0.25
UHT Milk,AttuneDilut,24 Hours,-0.1,1,0.25,0.7292,1,0.6875,0.7292,0.81,0.7292,1,0.25
UHT Milk,AttuneDilut,24 Hours,0,1,0.25,0.7292,1,0.6875,0.7292,0.81,0.7292,1,0.25
UHT Milk,AttuneDilut,24 Hours,0.1,1,0.25,0.7292,1,0.6875,0.7292,0.81,0.7292,1,0.25
UHT Milk,AttuneDilut,24 Hours,0.2,1,0.25,0.7292,1,0.6875,0.7292,0.81,0.7292,1,0.25
UHT Milk,AttuneDilut,24 Hours,0.3,1,0.25,0.7292,1,0.6875,0.7292,0.81,0.7292,1,0.25
UHT Milk,AttuneDilut,24 Hours,0.4,1,0.25,0.7292,1,0.6875,0.7292,0.81,0.7292,1,0.25
UHT Milk,AttuneDilut,24 Hours,0.5,1,0.25,0.7292,1,0.6875,0.7292,0.81,0.7292,1,0.25
UHT Milk,AttuneDilut,24 Hours,0.6,1,0.25,0.7292,1,0.6875,0.7292,0.81,0.7292,1,0.25
UHT Milk,AttuneDilut,24 Hours,0.7,1,0.25,0.7292,1,0.6875,0.7292,0.81,0.7292,1,0.25
UHT Milk,AttuneDilut,24 Hours,0.8,1,0.25,0.7292,1,0.6875,0.7292,0.81,0.7292,1,0.25
UHT Milk,AttuneDilut,24 Hours,0.9,1,0.25,0.7292,1,0.6875,0.7292,0.81,0.7292,1,0.25
UHT Milk,AttuneDilut,24 Hours,1,1,0.25,0.7292,1,0.6875,0.7292,0.81,0.7292,1,0.25
UHT Milk,AttuneDilut,24 Hours,1.1,1,0.25,0.7292,1,0.6875,0.7292,0.81,0.7292,1,0.25
UHT Milk,AttuneDilut,24 Hours,1.2,1,0.25,0.7292,1,0.6875,0.7292,0.81,0.7292,1,0.25
UHT Milk,AttuneDilut,24 Hours,1.3,1,0.25,0.7292,1,0.6875,0.7292,0.81,0.7292,1,0.25
UHT Milk,AttuneDilut,24 Hours,1.4,1,0.25,0.7292,1,0.6875,0.7292,0.81,0.7292,1,0.25
UHT Milk,AttuneDilut,24 Hours,1.5,1,0.25,0.7292,1,0.6875,0.7292,0.81,0.7292,1,0.25
UHT Milk,AttuneDilut,24 Hours,1.6,1,0.25,0.7292,1,0.6875,0.7292,0.81,0.7292,1,0.25
UHT Milk,AttuneDilut,24 Hours,1.7,1,0.25,0.7292,1,0.6875,0.7292,0.81,0.7292,1,0.25
UHT Milk,AttuneDilut,24 Hours,1.8,1,0.25,0.7292,1,0.6875,0.7292,0.81,0.7292,1,0.25
UHT Milk,AttuneDilut,24 Hours,1.9,1,0.25,0.7292,1,0.6875,0.7292,0.81,0.7292,1,0.25
UHT Milk,AttuneDilut,24 Hours,2,1,0.25,0.7292,1,0.6875,0.7292,0.81,0.7292,1,0.25
UHT Milk,AttuneDilut,24 Hours,2.1,1,0.25,0.7292,1,0.6875,0.7292,0.81,0.7292,1,0.25
UHT Milk,AttuneDilut,24 Hours,2.2,1,0.25,0.7292,1,0.6875,0.7292,0.81,0.7292,1,0.25
UHT Milk,AttuneDilut,24 Hours,2.3,1,0.25,0.7292,1,0.6875,0.7292,0.81,0.7292,1,0.25
UHT Milk,AttuneDilut,24 Hours,2.4,1,0.25,0.7292,1,0.6875,0.7292,0.81,0.7292,1,0.25
UHT Milk,AttuneDilut,24 Hours,2.5,1,0.25,0.7292,1,0.6875,0.7292,0.81,0.7292,1,0.25
UHT Milk,AttuneDilut,24 Hours,2.6,1,0.25,0.7292,1,0.6875,0.7292,0.81,0.7292,1,0.25
UHT Milk,AttuneDilut,24 Hours,2.7,1,0.25,0.7292,1,0.6875,0.7292,0.81,0.7292,1,0.25
UHT Milk,AttuneDilut,24 Hours,2.8,1,0.25,0.7292,1,0.6875,0.7292,0.81,0.7292,1,0.25
UHT Milk,AttuneDilut,24 Hours,2.9,1,0.25,0.7292,1,0.6875,0.7292,0.81,0.7292,1,0.25
UHT Milk,AttuneDilut,24 Hours,3,1,0.6292,0.8042,1,0.6875,0.8333,0.8602,0.8042,0.7542,0.6292
UHT Milk,AttuneDilut,24 Hours,3.1,1,0.6292,0.8042,1,0.6875,0.8333,0.8602,0.8042,0.7542,0.6292
UHT Milk,AttuneDilut,24 Hours,3.2,1,0.6292,0.8042,1,0.6875,0.8333,0.8602,0.8042,0.7542,0.6292
UHT Milk,AttuneDilut,24 Hours,3.3,1,0.6292,0.8042,1,0.6875,0.8333,0.8602,0.8042,0.7542,0.6292
UHT Milk,AttuneDilut,24 Hours,3.4,1,0.6792,0.8208,1,0.6875,0.875,0.881,0.8208,0.7896,0.6792
UHT Milk,AttuneDilut,24 Hours,3.5,1,0.6792,0.8208,1,0.6875,0.875,0.881,0.8208,0.7896,0.6792
UHT Milk,AttuneDilut,24 Hours,3.6,1,0.6792,0.8208,1,0.6875,0.875,0.881,0.8208,0.7896,0.6792
UHT Milk,AttuneDilut,24 Hours,3.7,1,0.7208,0.8396,1,0.6875,0.8958,0.8944,0.8396,0.8267,0.7208
UHT Milk,AttuneDilut,24 Hours,3.8,1,0.7208,0.8396,1,0.6875,0.8958,0.8944,0.8396,0.8267,0.7208
UHT Milk,AttuneDilut,24 Hours,3.9,1,0.8083,0.8854,1,0.6875,0.9375,0.9291,0.8854,0.9057,0.8083
UHT Milk,AttuneDilut,24 Hours,4,1,0.875,0.9792,1,0.6875,0.9792,0.9886,0.9792,1,0.875
UHT Milk,AttuneDilut,24 Hours,4.1,1,1,1,1,0.6875,1,1,1,1,1
UHT Milk,AttuneDilut,24 Hours,4.2,1,1,1,1,0.6875,1,1,1,1,1
UHT Milk,AttuneDilut,24 Hours,4.3,1,1,1,1,0.6875,1,1,1,1,1
UHT Milk,AttuneDilut,24 Hours,4.4,1,1,1,1,0.6875,1,1,1,1,1
UHT Milk,AttuneDilut,24 Hours,4.5,1,1,1,1,0.6875,1,1,1,1,1
UHT Milk,AttuneDilut,24 Hours,4.6,1,1,1,1,0.6875,1,1,1,1,1
UHT Milk,AttuneDilut,24 Hours,4.7,1,1,1,1,0.6875,1,1,1,1,1
UHT Milk,AttuneDilut,24 Hours,4.8,1,1,1,1,0.6875,1,1,1,1,1
UHT Milk,AttuneDilut,24 Hours,4.9,1,1,1,1,0.6875,1,1,1,1,1
UHT Milk,AttuneDilut,24 Hours,5,1,1,1,1,0.6875,1,1,1,1,1
UHT Milk,AttuneDilut,24 Hours,5.1,1,1,1,1,0.6875,1,1,1,1,1
UHT Milk,AttuneDilut,24 Hours,5.2,1,1,1,1,0.6875,1,1,1,1,1
UHT Milk,AttuneDilut,24 Hours,5.3,1,1,1,1,0.6875,1,1,1,1,1
UHT Milk,AttuneDilut,24 Hours,5.4,1,1,1,1,0.6875,1,1,1,1,1
UHT Milk,AttuneDilut,24 Hours,5.5,1,1,1,1,0.6875,1,1,1,1,1
UHT Milk,AttuneDilut,24 Hours,5.6,1,1,1,1,0.6875,1,1,1,1,1
UHT Milk,AttuneDilut,24 Hours,5.7,1,1,1,1,0.6875,1,1,1,1,1
UHT Milk,AttuneDilut,24 Hours,5.8,1,1,1,1,0.6875,1,1,1,1,1
UHT Milk,AttuneDilut,24 Hours,5.9,1,1,1,1,0.6875,1,1,1,1,1
UHT Milk,AttuneDilut,24 Hours,6,1,1,1,1,0.6875,1,1,1,1,1
UHT Milk,AttuneDilut,24 Hours,6.1,1,1,1,1,0.6875,1,1,1,1,1
UHT Milk,AttuneDilut,24 Hours,6.2,1,1,1,1,0.6875,1,1,1,1,1
UHT Milk,AttuneDilut,24 Hours,6.3,1,1,1,1,0.6875,1,1,1,1,1
UHT Milk,AttuneDilut,24 Hours,6.4,1,1,1,1,0.6875,1,1,1,1,1
UHT Milk,AttuneDilut,24 Hours,6.5,1,1,1,1,0.6875,1,1,1,1,1
UHT Milk,AttuneDilut,24 Hours,6.6,1,1,1,1,0.6875,1,1,1,1,1
UHT Milk,AttuneDilut,24 Hours,6.7,1,1,1,1,0.6875,1,1,1,1,1
UHT Milk,AttuneDilut,24 Hours,6.8,1,1,1,1,0.6875,1,1,1,1,1
UHT Milk,AttuneDilut,24 Hours,6.9,1,1,1,1,0.6875,1,1,1,1,1
UHT Milk,AttuneDilut,24 Hours,7,0.975,1,1,0.9375,0.6875,0.9792,0.9861,0.975,0.9541,0.975
UHT Milk,AttuneDilut,24 Hours,7.1,0.825,1,1,0.8062,0.6875,0.8542,0.8631,0.825,0.8145,0.825
UHT Milk,AttuneDilut,24 Hours,7.2,0.775,1,1,0.7958,0.6875,0.8125,0.9048,0.775,0.8857,0.775
UHT Milk,AttuneDilut,24 Hours,7.3,0.75,1,1,0.7917,0.6875,0.7917,1,0.75,1,0.75
UHT Milk,AttuneDilut,24 Hours,7.4,0.75,1,1,0.7917,0.6875,0.7917,1,0.75,1,0.75
UHT Milk,AttuneDilut,24 Hours,7.5,0.75,1,1,0.7917,0.6875,0.7917,1,0.75,1,0.75
UHT Milk,AttuneDilut,24 Hours,7.6,0.6438,1,1,0.6562,0.6875,0.7083,0.9048,0.6438,0.8372,0.6438
UHT Milk,AttuneDilut,24 Hours,7.7,0.5375,1,1,0.5625,0.6875,0.625,0.9111,0.5375,0.8265,0.5375
UHT Milk,AttuneDilut,24 Hours,7.8,0.4062,1,1,0.5083,0.6875,0.5208,0.85,0.4062,0.8291,0.4062
UHT Milk,AttuneDilut,24 Hours,7.9,0.2917,1,1,0.45,0.6875,0.4583,0.8333,0.2917,0.8157,0.2917
UHT Milk,AttuneDilut,24 Hours,8,0.25,1,1,0.4375,0.6875,0.4375,1,0.25,1,0.25
UHT Milk,AttuneDilut,24 Hours,8.1,0.25,1,1,0.4375,0.6875,0.4375,1,0.25,1,0.25
UHT Milk,AttuneDilut,24 Hours,8.2,0,1,NA,0.3125,0.6875,0.3125,NA,0,NA,0
UHT Milk,AttuneDilut,48 Hours,-0.4,1,0,0.7292,NA,0.7292,0.7292,0.9091,0.7292,NA,0
UHT Milk,AttuneDilut,48 Hours,-0.3,1,0.5,0.8125,1,0.7292,0.8125,0.961,0.8125,1,0.5714
UHT Milk,AttuneDilut,48 Hours,-0.2,1,0.5,0.8125,1,0.7292,0.8125,0.961,0.8125,1,0.5714
UHT Milk,AttuneDilut,48 Hours,-0.1,1,0.5,0.8125,1,0.7292,0.8125,0.961,0.8125,1,0.5714
UHT Milk,AttuneDilut,48 Hours,0,1,0.5,0.8125,1,0.7292,0.8125,0.961,0.8125,1,0.5714
UHT Milk,AttuneDilut,48 Hours,0.1,1,0.5,0.8125,1,0.7292,0.8125,0.961,0.8125,1,0.5714
UHT Milk,AttuneDilut,48 Hours,0.2,1,0.5,0.8125,1,0.7292,0.8125,0.961,0.8125,1,0.5714
UHT Milk,AttuneDilut,48 Hours,0.3,1,0.5,0.8125,1,0.7292,0.8125,0.961,0.8125,1,0.5714
UHT Milk,AttuneDilut,48 Hours,0.4,1,0.5,0.8125,1,0.7292,0.8125,0.961,0.8125,1,0.5714
UHT Milk,AttuneDilut,48 Hours,0.5,1,0.5,0.8125,1,0.7292,0.8125,0.961,0.8125,1,0.5714
UHT Milk,AttuneDilut,48 Hours,0.6,1,0.5,0.8125,1,0.7292,0.8125,0.961,0.8125,1,0.5714
UHT Milk,AttuneDilut,48 Hours,0.7,1,0.5,0.8125,1,0.7292,0.8125,0.961,0.8125,1,0.5714
UHT Milk,AttuneDilut,48 Hours,0.8,1,0.5,0.8125,1,0.7292,0.8125,0.961,0.8125,1,0.5714
UHT Milk,AttuneDilut,48 Hours,0.9,1,0.5,0.8125,1,0.7292,0.8125,0.961,0.8125,1,0.5714
UHT Milk,AttuneDilut,48 Hours,1,1,0.5,0.8125,1,0.7292,0.8125,0.961,0.8125,1,0.5714
UHT Milk,AttuneDilut,48 Hours,1.1,1,0.5,0.8125,1,0.7292,0.8125,0.961,0.8125,1,0.5714
UHT Milk,AttuneDilut,48 Hours,1.2,1,0.5,0.8125,1,0.7292,0.8125,0.961,0.8125,1,0.5714
UHT Milk,AttuneDilut,48 Hours,1.3,1,0.5,0.8125,1,0.7292,0.8125,0.961,0.8125,1,0.5714
UHT Milk,AttuneDilut,48 Hours,1.4,1,0.5,0.8125,1,0.7292,0.8125,0.961,0.8125,1,0.5714
UHT Milk,AttuneDilut,48 Hours,1.5,1,0.5,0.8125,1,0.7292,0.8125,0.961,0.8125,1,0.5714
UHT Milk,AttuneDilut,48 Hours,1.6,1,0.5,0.8125,1,0.7292,0.8125,0.961,0.8125,1,0.5714
UHT Milk,AttuneDilut,48 Hours,1.7,1,0.5,0.8125,1,0.7292,0.8125,0.961,0.8125,1,0.5714
UHT Milk,AttuneDilut,48 Hours,1.8,1,0.5,0.8125,1,0.7292,0.8125,0.961,0.8125,1,0.5714
UHT Milk,AttuneDilut,48 Hours,1.9,1,0.5,0.8125,1,0.7292,0.8125,0.961,0.8125,1,0.5714
UHT Milk,AttuneDilut,48 Hours,2,1,0.5,0.8125,1,0.7292,0.8125,0.961,0.8125,1,0.5714
UHT Milk,AttuneDilut,48 Hours,2.1,1,0.5,0.8125,1,0.7292,0.8125,0.961,0.8125,1,0.5714
UHT Milk,AttuneDilut,48 Hours,2.2,1,0.5,0.8125,1,0.7292,0.8125,0.961,0.8125,1,0.5714
UHT Milk,AttuneDilut,48 Hours,2.3,1,0.5,0.8125,1,0.7292,0.8125,0.961,0.8125,1,0.5714
UHT Milk,AttuneDilut,48 Hours,2.4,1,0.5,0.8125,1,0.7292,0.8125,0.961,0.8125,1,0.5714
UHT Milk,AttuneDilut,48 Hours,2.5,1,0.5,0.8125,1,0.7292,0.8125,0.961,0.8125,1,0.5714
UHT Milk,AttuneDilut,48 Hours,2.6,1,0.5,0.8125,1,0.7292,0.8125,0.961,0.8125,1,0.5714
UHT Milk,AttuneDilut,48 Hours,2.7,1,0.5,0.8125,1,0.7292,0.8125,0.961,0.8125,1,0.5714
UHT Milk,AttuneDilut,48 Hours,2.8,1,0.5,0.8125,1,0.7292,0.8125,0.961,0.8125,1,0.5714
UHT Milk,AttuneDilut,48 Hours,2.9,1,0.5,0.8125,1,0.7292,0.8125,0.961,0.8125,1,0.5714
UHT Milk,AttuneDilut,48 Hours,3,1,0.6458,0.8333,1,0.7292,0.8542,0.974,0.8333,1,0.7143
UHT Milk,AttuneDilut,48 Hours,3.1,1,0.6458,0.8333,1,0.7292,0.8542,0.974,0.8333,1,0.7143
UHT Milk,AttuneDilut,48 Hours,3.2,1,0.6458,0.8333,1,0.7292,0.8542,0.974,0.8333,1,0.7143
UHT Milk,AttuneDilut,48 Hours,3.3,1,0.6458,0.8333,1,0.7292,0.8542,0.974,0.8333,1,0.7143
UHT Milk,AttuneDilut,48 Hours,3.4,1,0.6875,0.8333,1,0.7292,0.8958,0.974,0.8333,1,0.7143
UHT Milk,AttuneDilut,48 Hours,3.5,1,0.7083,0.8333,1,0.7292,0.9167,0.974,0.8333,1,0.7143
UHT Milk,AttuneDilut,48 Hours,3.6,1,0.7083,0.8333,1,0.7292,0.9167,0.974,0.8333,1,0.7143
UHT Milk,AttuneDilut,48 Hours,3.7,1,0.9583,0.875,1,0.7292,0.9583,1,0.875,1,1
UHT Milk,AttuneDilut,48 Hours,3.8,1,1,1,1,0.7292,1,1,1,1,1
UHT Milk,AttuneDilut,48 Hours,3.9,1,1,1,1,0.7292,1,1,1,1,1
UHT Milk,AttuneDilut,48 Hours,4,1,1,1,1,0.7292,1,1,1,1,1
UHT Milk,AttuneDilut,48 Hours,4.1,1,1,1,1,0.7292,1,1,1,1,1
UHT Milk,AttuneDilut,48 Hours,4.2,1,1,1,1,0.7292,1,1,1,1,1
UHT Milk,AttuneDilut,48 Hours,4.3,1,1,1,1,0.7292,1,1,1,1,1
UHT Milk,AttuneDilut,48 Hours,4.4,1,1,1,1,0.7292,1,1,1,1,1
UHT Milk,AttuneDilut,48 Hours,4.5,1,1,1,1,0.7292,1,1,1,1,1
UHT Milk,AttuneDilut,48 Hours,4.6,1,1,1,1,0.7292,1,1,1,1,1
UHT Milk,AttuneDilut,48 Hours,4.7,1,1,1,1,0.7292,1,1,1,1,1
UHT Milk,AttuneDilut,48 Hours,4.8,1,1,1,1,0.7292,1,1,1,1,1
UHT Milk,AttuneDilut,48 Hours,4.9,1,1,1,1,0.7292,1,1,1,1,1
UHT Milk,AttuneDilut,48 Hours,5,1,1,1,1,0.7292,1,1,1,1,1
UHT Milk,AttuneDilut,48 Hours,5.1,1,1,1,1,0.7292,1,1,1,1,1
UHT Milk,AttuneDilut,48 Hours,5.2,1,1,1,1,0.7292,1,1,1,1,1
UHT Milk,AttuneDilut,48 Hours,5.3,1,1,1,1,0.7292,1,1,1,1,1
UHT Milk,AttuneDilut,48 Hours,5.4,0.9429,1,1,0.875,0.7292,0.9583,0.9683,0.9429,0.895,0.9429
UHT Milk,AttuneDilut,48 Hours,5.5,0.8,1,1,0.8125,0.7292,0.8542,0.9583,0.8,0.9079,0.8
UHT Milk,AttuneDilut,48 Hours,5.6,0.7714,1,1,0.8021,0.7292,0.8333,0.9286,0.7714,0.886,0.7714
UHT Milk,AttuneDilut,48 Hours,5.7,0.7143,1,1,0.7333,0.7292,0.7917,0.8704,0.7143,0.8054,0.7143
UHT Milk,AttuneDilut,48 Hours,5.8,0.6286,1,1,0.6979,0.7292,0.7292,0.9143,0.6286,0.8632,0.6286
UHT Milk,AttuneDilut,48 Hours,5.9,0.6,1,1,0.6917,0.7292,0.7083,0.8667,0.6,0.84,0.6
UHT Milk,AttuneDilut,48 Hours,6,0.5429,1,1,0.625,0.7292,0.6667,0.9722,0.5429,0.9081,0.5429
UHT Milk,AttuneDilut,48 Hours,6.1,0.4286,1,1,0.525,0.7292,0.5833,0.8056,0.4286,0.7081,0.4286
UHT Milk,AttuneDilut,48 Hours,6.2,0.4,1,1,0.5208,0.7292,0.5625,0.963,0.4,0.8775,0.4
UHT Milk,AttuneDilut,48 Hours,6.3,0.4,1,1,0.5208,0.7292,0.5625,0.963,0.4,0.8775,0.4
UHT Milk,AttuneDilut,48 Hours,6.4,0.3429,1,1,0.4375,0.7292,0.5208,0.8796,0.3429,0.6932,0.3429
UHT Milk,AttuneDilut,48 Hours,6.5,0.2571,1,1,0.4167,0.7292,0.4583,0.9444,0.2571,0.8162,0.2571
UHT Milk,AttuneDilut,48 Hours,6.6,0.2571,1,1,0.4167,0.7292,0.4583,0.9444,0.2571,0.8162,0.2571
UHT Milk,AttuneDilut,48 Hours,6.7,0.2,1,1,0.3333,0.7292,0.4167,0.8194,0.2,0.5398,0.2
UHT Milk,AttuneDilut,48 Hours,6.8,0.1714,1,1,0.3125,0.7292,0.3958,0.75,0.1714,0.4472,0.1714
UHT Milk,AttuneDilut,48 Hours,6.9,0.1429,1,1,0.3021,0.7292,0.375,0.6607,0.1429,0.3817,0.1429
UHT Milk,AttuneDilut,48 Hours,7,0.1143,1,1,0.2917,0.7292,0.3542,0.5714,0.1143,0.3162,0.1143
UHT Milk,AttuneDilut,48 Hours,7.1,0.0571,1,1,0.2792,0.7292,0.3125,0.3333,0.0571,0.2,0.0571
UHT Milk,AttuneDilut,48 Hours,7.2,0,1,NA,0.2708,0.7292,0.2708,NA,0,NA,0
UHT Milk,AttuneDilut,48 Hours,7.3,0,1,NA,0.2708,0.7292,0.2708,NA,0,NA,0
UHT Milk,AttuneDilut,48 Hours,7.4,0,1,NA,0.2708,0.7292,0.2708,NA,0,NA,0
UHT Milk,AttuneDilut,48 Hours,7.5,0,1,NA,0.2708,0.7292,0.2708,NA,0,NA,0
UHT Milk,AttuneDilut,48 Hours,7.6,0,1,NA,0.2708,0.7292,0.2708,NA,0,NA,0
UHT Milk,AttuneDilut,48 Hours,7.7,0,1,NA,0.2708,0.7292,0.2708,NA,0,NA,0
UHT Milk,AttuneDilut,48 Hours,7.8,0,1,NA,0.2708,0.7292,0.2708,NA,0,NA,0
UHT Milk,AttuneDilut,48 Hours,7.9,0,1,NA,0.2708,0.7292,0.2708,NA,0,NA,0
UHT Milk,AttuneDilut,48 Hours,8,0,1,NA,0.2708,0.7292,0.2708,NA,0,NA,0
UHT Milk,AttuneDilut,48 Hours,8.1,0,1,NA,0.2708,0.7292,0.2708,NA,0,NA,0
UHT Milk,AttuneDilut,48 Hours,8.2,0,1,NA,0.2708,0.7292,0.2708,NA,0,NA,0
Cream,Charm,6 Hours,0,1,0.1458,0.6667,1,0.5833,0.7292,0.8727,0.6667,NA,0
Cream,Charm,6 Hours,0.1,1,0.1458,0.6667,1,0.5833,0.7292,0.8727,0.6667,NA,0
Cream,Charm,6 Hours,0.2,1,0.1458,0.6667,1,0.5833,0.7292,0.8727,0.6667,NA,0
Cream,Charm,6 Hours,0.3,1,0.1458,0.6667,1,0.5833,0.7292,0.8727,0.6667,NA,0
Cream,Charm,6 Hours,0.4,0.5667,0.4583,0.6667,0.5,0.5833,0.625,0.6205,0.4286,-0.0662,-0.1
Cream,Charm,6 Hours,0.5,0.275,0.8542,0.7667,0.4714,0.5833,0.5417,0.4939,0.2119,0.2387,0.1083
Cream,Charm,6 Hours,0.6,0.275,0.8542,0.7667,0.4714,0.5833,0.5417,0.4939,0.2119,0.2387,0.1083
Cream,Charm,6 Hours,0.7,0.0333,1,1,0.4208,0.5833,0.4375,0.3333,0.0333,0.2,0.0333
Cream,Charm,6 Hours,0.8,0,1,NA,0.4167,0.5833,0.4167,NA,0,NA,0
Cream,Charm,6 Hours,0.9,0,1,NA,0.4167,0.5833,0.4167,NA,0,NA,0
Cream,Charm,6 Hours,1,0,1,NA,0.4167,0.5833,0.4167,NA,0,NA,0
Cream,Charm,6 Hours,1.1,0,1,NA,0.4167,0.5833,0.4167,NA,0,NA,0
Cream,Charm,6 Hours,1.2,0,1,NA,0.4167,0.5833,0.4167,NA,0,NA,0
Cream,Charm,6 Hours,1.3,0,1,NA,0.4167,0.5833,0.4167,NA,0,NA,0
Cream,Charm,6 Hours,1.4,0,1,NA,0.4167,0.5833,0.4167,NA,0,NA,0
Cream,Charm,6 Hours,1.5,0,1,NA,0.4167,0.5833,0.4167,NA,0,NA,0
Cream,Charm,6 Hours,1.6,0,1,NA,0.4167,0.5833,0.4167,NA,0,NA,0
Cream,Charm,6 Hours,1.7,0,1,NA,0.4167,0.5833,0.4167,NA,0,NA,0
Cream,Charm,6 Hours,1.8,0,1,NA,0.4167,0.5833,0.4167,NA,0,NA,0
Cream,Charm,6 Hours,1.9,0,1,NA,0.4167,0.5833,0.4167,NA,0,NA,0
Cream,Charm,6 Hours,2,0,1,NA,0.4167,0.5833,0.4167,NA,0,NA,0
Cream,Charm,6 Hours,2.1,0,1,NA,0.4167,0.5833,0.4167,NA,0,NA,0
Cream,Charm,6 Hours,2.2,0,1,NA,0.4167,0.5833,0.4167,NA,0,NA,0
Cream,Charm,6 Hours,2.3,0,1,NA,0.4167,0.5833,0.4167,NA,0,NA,0
Cream,Charm,6 Hours,2.4,0,1,NA,0.4167,0.5833,0.4167,NA,0,NA,0
Cream,Charm,6 Hours,2.5,0,1,NA,0.4167,0.5833,0.4167,NA,0,NA,0
Cream,Charm,6 Hours,2.6,0,1,NA,0.4167,0.5833,0.4167,NA,0,NA,0
Cream,Charm,6 Hours,2.7,0,1,NA,0.4167,0.5833,0.4167,NA,0,NA,0
Cream,Charm,6 Hours,2.8,0,1,NA,0.4167,0.5833,0.4167,NA,0,NA,0
Cream,Charm,6 Hours,2.9,0,1,NA,0.4167,0.5833,0.4167,NA,0,NA,0
Cream,Charm,6 Hours,3,0,1,NA,0.4167,0.5833,0.4167,NA,0,NA,0
Cream,Charm,6 Hours,3.1,0,1,NA,0.4167,0.5833,0.4167,NA,0,NA,0
Cream,Charm,12 Hours,0,0.8857,0,0.6667,0,0.7083,0.625,0.8045,0.625,-0.6325,-0.1143
Cream,Charm,12 Hours,0.1,0.8857,0,0.6667,0,0.7083,0.625,0.8045,0.625,-0.6325,-0.1143
Cream,Charm,12 Hours,0.2,0.8857,0,0.6667,0,0.7083,0.625,0.8045,0.625,-0.6325,-0.1143
Cream,Charm,12 Hours,0.3,0.8857,0,0.6667,0,0.7083,0.625,0.8045,0.625,-0.6325,-0.1143
Cream,Charm,12 Hours,0.4,0.8857,0.1458,0.7292,0.6,0.7083,0.6667,0.8113,0.6292,0.2,0.0286
Cream,Charm,12 Hours,0.5,0.6,0.5417,0.7714,0.3167,0.7083,0.5833,0.7519,0.475,0.1442,0.1714
Cream,Charm,12 Hours,0.6,0.6,0.5417,0.7714,0.3167,0.7083,0.5833,0.7519,0.475,0.1442,0.1714
Cream,Charm,12 Hours,0.7,0.2286,1,1,0.3438,0.7083,0.4583,0.6905,0.2286,0.4036,0.2286
Cream,Charm,12 Hours,0.8,0.1429,1,1,0.3229,0.7083,0.3958,0.6607,0.1429,0.3817,0.1429
Cream,Charm,12 Hours,0.9,0.1143,1,1,0.3167,0.7083,0.375,0.5417,0.1143,0.3236,0.1143
Cream,Charm,12 Hours,1,0,1,NA,0.2917,0.7083,0.2917,NA,0,NA,0
Cream,Charm,12 Hours,1.1,0,1,NA,0.2917,0.7083,0.2917,NA,0,NA,0
Cream,Charm,12 Hours,1.2,0,1,NA,0.2917,0.7083,0.2917,NA,0,NA,0
Cream,Charm,12 Hours,1.3,0,1,NA,0.2917,0.7083,0.2917,NA,0,NA,0
Cream,Charm,12 Hours,1.4,0,1,NA,0.2917,0.7083,0.2917,NA,0,NA,0
Cream,Charm,12 Hours,1.5,0,1,NA,0.2917,0.7083,0.2917,NA,0,NA,0
Cream,Charm,12 Hours,1.6,0,1,NA,0.2917,0.7083,0.2917,NA,0,NA,0
Cream,Charm,12 Hours,1.7,0,1,NA,0.2917,0.7083,0.2917,NA,0,NA,0
Cream,Charm,12 Hours,1.8,0,1,NA,0.2917,0.7083,0.2917,NA,0,NA,0
Cream,Charm,12 Hours,1.9,0,1,NA,0.2917,0.7083,0.2917,NA,0,NA,0
Cream,Charm,12 Hours,2,0,1,NA,0.2917,0.7083,0.2917,NA,0,NA,0
Cream,Charm,12 Hours,2.1,0,1,NA,0.2917,0.7083,0.2917,NA,0,NA,0
Cream,Charm,12 Hours,2.2,0,1,NA,0.2917,0.7083,0.2917,NA,0,NA,0
Cream,Charm,12 Hours,2.3,0,1,NA,0.2917,0.7083,0.2917,NA,0,NA,0
Cream,Charm,12 Hours,2.4,0,1,NA,0.2917,0.7083,0.2917,NA,0,NA,0
Cream,Charm,12 Hours,2.5,0,1,NA,0.2917,0.7083,0.2917,NA,0,NA,0
Cream,Charm,12 Hours,2.6,0,1,NA,0.2917,0.7083,0.2917,NA,0,NA,0
Cream,Charm,12 Hours,2.7,0,1,NA,0.2917,0.7083,0.2917,NA,0,NA,0
Cream,Charm,12 Hours,2.8,0,1,NA,0.2917,0.7083,0.2917,NA,0,NA,0
Cream,Charm,12 Hours,2.9,0,1,NA,0.2917,0.7083,0.2917,NA,0,NA,0
Cream,Charm,12 Hours,3,0,1,NA,0.2917,0.7083,0.2917,NA,0,NA,0
Cream,Charm,12 Hours,3.1,0,1,NA,0.2917,0.7083,0.2917,NA,0,NA,0
Cream,Charm,24 Hours,0,0.9714,0,0.6625,0,0.6667,0.6458,0.8351,0.6458,-0.2,-0.0286
Cream,Charm,24 Hours,0.1,0.9714,0,0.6625,0,0.6667,0.6458,0.8351,0.6458,-0.2,-0.0286
Cream,Charm,24 Hours,0.2,0.9714,0,0.6625,0,0.6667,0.6458,0.8351,0.6458,-0.2,-0.0286
Cream,Charm,24 Hours,0.3,0.9714,0,0.6625,0,0.6667,0.6458,0.8351,0.6458,-0.2,-0.0286
Cream,Charm,24 Hours,0.4,0.9429,0.2917,0.7083,0.7778,0.6667,0.7083,0.8409,0.6583,0.7236,0.2286
Cream,Charm,24 Hours,0.5,0.6571,0.6771,0.6979,0.5381,0.6667,0.7083,0.8274,0.5417,0.3157,0.3357
Cream,Charm,24 Hours,0.6,0.6571,0.6771,0.6979,0.5381,0.6667,0.7083,0.8274,0.5417,0.3157,0.3357
Cream,Charm,24 Hours,0.7,0.2857,0.8542,0.7,0.4375,0.6667,0.5,0.6071,0.2458,0.25,0.1429
Cream,Charm,24 Hours,0.8,0.2,0.875,0.8333,0.4208,0.6667,0.4583,0.5397,0.1952,0.1892,0.0571
Cream,Charm,24 Hours,0.9,0.2,1,1,0.4458,0.6667,0.4792,0.5556,0.2,0.4667,0.2
Cream,Charm,24 Hours,1,0.1714,1,1,0.4417,0.6667,0.4583,0.6667,0.1714,0.6,0.1714
Cream,Charm,24 Hours,1.1,0.1429,1,1,0.3792,0.6667,0.4375,0.6111,0.1429,0.4162,0.1429
Cream,Charm,24 Hours,1.2,0.1143,1,1,0.3583,0.6667,0.4167,0.5417,0.1143,0.3236,0.1143
Cream,Charm,24 Hours,1.3,0.1143,1,1,0.3583,0.6667,0.4167,0.5417,0.1143,0.3236,0.1143
Cream,Charm,24 Hours,1.4,0.0857,1,1,0.3479,0.6667,0.3958,0.4524,0.0857,0.2581,0.0857
Cream,Charm,24 Hours,1.5,0.0857,1,1,0.3479,0.6667,0.3958,0.4524,0.0857,0.2581,0.0857
Cream,Charm,24 Hours,1.6,0.0857,1,1,0.3479,0.6667,0.3958,0.4524,0.0857,0.2581,0.0857
Cream,Charm,24 Hours,1.7,0.0571,1,1,0.3417,0.6667,0.375,0.3333,0.0571,0.2,0.0571
Cream,Charm,24 Hours,1.8,0.0571,1,1,0.3417,0.6667,0.375,0.3333,0.0571,0.2,0.0571
Cream,Charm,24 Hours,1.9,0.0571,1,1,0.3417,0.6667,0.375,0.3333,0.0571,0.2,0.0571
Cream,Charm,24 Hours,2,0.0286,1,1,0.3375,0.6667,0.3542,0.3333,0.0286,0.2,0.0286
Cream,Charm,24 Hours,2.1,0.0286,1,1,0.3375,0.6667,0.3542,0.3333,0.0286,0.2,0.0286
Cream,Charm,24 Hours,2.2,0.0286,1,1,0.3375,0.6667,0.3542,0.3333,0.0286,0.2,0.0286
Cream,Charm,24 Hours,2.3,0.0286,1,1,0.3375,0.6667,0.3542,0.3333,0.0286,0.2,0.0286
Cream,Charm,24 Hours,2.4,0,1,NA,0.3333,0.6667,0.3333,NA,0,NA,0
Cream,Charm,24 Hours,2.5,0,1,NA,0.3333,0.6667,0.3333,NA,0,NA,0
Cream,Charm,24 Hours,2.6,0,1,NA,0.3333,0.6667,0.3333,NA,0,NA,0
Cream,Charm,24 Hours,2.7,0,1,NA,0.3333,0.6667,0.3333,NA,0,NA,0
Cream,Charm,24 Hours,2.8,0,1,NA,0.3333,0.6667,0.3333,NA,0,NA,0
Cream,Charm,24 Hours,2.9,0,1,NA,0.3333,0.6667,0.3333,NA,0,NA,0
Cream,Charm,24 Hours,3,0,1,NA,0.3333,0.6667,0.3333,NA,0,NA,0
Cream,Charm,24 Hours,3.1,0,1,NA,0.3333,0.6667,0.3333,NA,0,NA,0
Cream,Charm,48 Hours,0,0.925,0.125,0.8292,0.1667,0.8125,0.7708,0.8619,0.7625,0.1236,0.05
Cream,Charm,48 Hours,0.1,0.925,0.125,0.8292,0.1667,0.8125,0.7708,0.8619,0.7625,0.1236,0.05
Cream,Charm,48 Hours,0.2,0.925,0.125,0.8292,0.1667,0.8125,0.7708,0.8619,0.7625,0.1236,0.05
Cream,Charm,48 Hours,0.3,0.925,0.125,0.8292,0.1667,0.8125,0.7708,0.8619,0.7625,0.1236,0.05
Cream,Charm,48 Hours,0.4,0.725,0.6875,0.9188,0.4792,0.8125,0.7083,0.7811,0.6708,0.3995,0.4125
Cream,Charm,48 Hours,0.5,0.4625,1,1,0.3375,0.8125,0.5625,0.6672,0.4625,0.4349,0.4625
Cream,Charm,48 Hours,0.6,0.4625,1,1,0.3375,0.8125,0.5625,0.6672,0.4625,0.4349,0.4625
Cream,Charm,48 Hours,0.7,0.2563,1,1,0.2833,0.8125,0.3958,0.6278,0.2563,0.4453,0.2562
Cream,Charm,48 Hours,0.8,0.2563,1,1,0.2833,0.8125,0.3958,0.6278,0.2563,0.4453,0.2562
Cream,Charm,48 Hours,0.9,0.2313,1,1,0.2625,0.8125,0.375,0.5931,0.2313,0.399,0.2313
Cream,Charm,48 Hours,1,0.2313,1,1,0.2625,0.8125,0.375,0.5931,0.2313,0.399,0.2313
Cream,Charm,48 Hours,1.1,0.2313,1,1,0.2625,0.8125,0.375,0.5931,0.2313,0.399,0.2313
Cream,Charm,48 Hours,1.2,0.2313,1,1,0.2625,0.8125,0.375,0.5931,0.2313,0.399,0.2313
Cream,Charm,48 Hours,1.3,0.2313,1,1,0.2625,0.8125,0.375,0.5931,0.2313,0.399,0.2313
Cream,Charm,48 Hours,1.4,0.2313,1,1,0.2625,0.8125,0.375,0.5931,0.2313,0.399,0.2313
Cream,Charm,48 Hours,1.5,0.2313,1,1,0.2625,0.8125,0.375,0.5931,0.2313,0.399,0.2313
Cream,Charm,48 Hours,1.6,0.2062,1,1,0.2417,0.8125,0.3542,0.5583,0.2062,0.3527,0.2063
Cream,Charm,48 Hours,1.7,0.175,1,1,0.2333,0.8125,0.3333,0.6111,0.175,0.3648,0.175
Cream,Charm,48 Hours,1.8,0.175,1,1,0.2333,0.8125,0.3333,0.6111,0.175,0.3648,0.175
Cream,Charm,48 Hours,1.9,0.125,1,1,0.2167,0.8125,0.2917,0.4722,0.125,0.2824,0.125
Cream,Charm,48 Hours,2,0.125,1,1,0.2167,0.8125,0.2917,0.4722,0.125,0.2824,0.125
Cream,Charm,48 Hours,2.1,0.1,1,1,0.2062,0.8125,0.2708,0.4127,0.1,0.2387,0.1
Cream,Charm,48 Hours,2.2,0.1,1,1,0.2062,0.8125,0.2708,0.4127,0.1,0.2387,0.1
Cream,Charm,48 Hours,2.3,0.1,1,1,0.2062,0.8125,0.2708,0.4127,0.1,0.2387,0.1
Cream,Charm,48 Hours,2.4,0.075,1,1,0.2021,0.8125,0.25,0.4524,0.075,0.2581,0.075
Cream,Charm,48 Hours,2.5,0.075,1,1,0.2021,0.8125,0.25,0.4524,0.075,0.2581,0.075
Cream,Charm,48 Hours,2.6,0.075,1,1,0.2021,0.8125,0.25,0.4524,0.075,0.2581,0.075
Cream,Charm,48 Hours,2.7,0.05,1,1,0.1979,0.8125,0.2292,0.5714,0.05,0.3162,0.05
Cream,Charm,48 Hours,2.8,0.05,1,1,0.1979,0.8125,0.2292,0.5714,0.05,0.3162,0.05
Cream,Charm,48 Hours,2.9,0.025,1,1,0.1917,0.8125,0.2083,0.3333,0.025,0.2,0.025
Cream,Charm,48 Hours,3,0.025,1,1,0.1917,0.8125,0.2083,0.3333,0.025,0.2,0.025
Cream,Charm,48 Hours,3.1,0,1,NA,0.1875,0.8125,0.1875,NA,0,NA,0
Cream,AttuneDilut,6 Hours,3,0.9667,0.1875,0.6208,0.75,0.5833,0.6042,0.8842,0.5958,0.6325,0.2167
Cream,AttuneDilut,6 Hours,3.1,0.9667,0.1875,0.6208,0.75,0.5833,0.6042,0.8842,0.5958,0.6325,0.2167
Cream,AttuneDilut,6 Hours,3.2,0.9667,0.1875,0.6208,0.75,0.5833,0.6042,0.8842,0.5958,0.6325,0.2167
Cream,AttuneDilut,6 Hours,3.3,0.9667,0.1875,0.6208,0.75,0.5833,0.6042,0.8842,0.5958,0.6325,0.2167
Cream,AttuneDilut,6 Hours,3.4,0.9333,0.1875,0.6208,0.6667,0.5833,0.5833,0.861,0.5708,0.5398,0.1833
Cream,AttuneDilut,6 Hours,3.5,0.8917,0.1875,0.6146,0.4167,0.5833,0.5625,0.8379,0.5458,0.3486,0.1417
Cream,AttuneDilut,6 Hours,3.6,0.8917,0.1875,0.6146,0.4167,0.5833,0.5625,0.8379,0.5458,0.3486,0.1417
Cream,AttuneDilut,6 Hours,3.7,0.7917,0.2083,0.5595,0.5556,0.5833,0.5208,0.8555,0.4708,0.25,0.0417
Cream,AttuneDilut,6 Hours,3.8,0.7917,0.25,0.5595,0.5556,0.5833,0.5625,0.8555,0.4708,0.25,0.0417
Cream,AttuneDilut,6 Hours,3.9,0.7917,0.25,0.5595,0.5556,0.5833,0.5625,0.8555,0.4708,0.25,0.0417
Cream,AttuneDilut,6 Hours,4,0.7083,0.3958,0.5619,0.5,0.5833,0.5625,0.8113,0.4458,0.2279,0.125
Cream,AttuneDilut,6 Hours,4.1,0.7083,0.4167,0.5619,0.5,0.5833,0.5833,0.8113,0.4458,0.2279,0.125
Cream,AttuneDilut,6 Hours,4.2,0.675,0.5,0.6048,0.5238,0.5833,0.6042,0.8085,0.4375,0.2459,0.175
Cream,AttuneDilut,6 Hours,4.3,0.525,0.6667,0.5833,0.5208,0.5833,0.5833,0.7016,0.3708,0.2218,0.1917
Cream,AttuneDilut,6 Hours,4.4,0.4083,0.9375,0.8,0.5812,0.5833,0.6042,0.7151,0.35,0.5662,0.4083
Cream,AttuneDilut,6 Hours,4.5,0.2667,0.9583,0.75,0.4688,0.5833,0.5417,0.6905,0.2286,0.4036,0.2667
Cream,AttuneDilut,6 Hours,4.6,0.1,0.9792,0.6667,0.43120000000000003,0.5833,0.4583,0.4524,0.0857,0.2581,0.1
Cream,AttuneDilut,6 Hours,4.7,0.0333,0.9792,0.5,0.4208,0.5833,0.4167,0.3333,0.0286,0.2,0.0333
Cream,AttuneDilut,6 Hours,4.8,0.0333,0.9792,0.5,0.4208,0.5833,0.4167,0.3333,0.0286,0.2,0.0333
Cream,AttuneDilut,6 Hours,4.9,0.0333,1,1,0.4208,0.5833,0.4375,0.3333,0.0333,0.2,0.0333
Cream,AttuneDilut,6 Hours,5,0,1,NA,0.4167,0.5833,0.4167,NA,0,NA,0
Cream,AttuneDilut,6 Hours,5.1,0,1,NA,0.4167,0.5833,0.4167,NA,0,NA,0
Cream,AttuneDilut,6 Hours,5.2,0,1,NA,0.4167,0.5833,0.4167,NA,0,NA,0
Cream,AttuneDilut,6 Hours,5.3,0,1,NA,0.4167,0.5833,0.4167,NA,0,NA,0
Cream,AttuneDilut,6 Hours,5.4,0,1,NA,0.4167,0.5833,0.4167,NA,0,NA,0
Cream,AttuneDilut,6 Hours,5.5,0,1,NA,0.4167,0.5833,0.4167,NA,0,NA,0
Cream,AttuneDilut,6 Hours,5.6,0,1,NA,0.4167,0.5833,0.4167,NA,0,NA,0
Cream,AttuneDilut,6 Hours,5.7,0,1,NA,0.4167,0.5833,0.4167,NA,0,NA,0
Cream,AttuneDilut,6 Hours,5.8,0,1,NA,0.4167,0.5833,0.4167,NA,0,NA,0
Cream,AttuneDilut,6 Hours,5.9,0,1,NA,0.4167,0.5833,0.4167,NA,0,NA,0
Cream,AttuneDilut,6 Hours,6,0,1,NA,0.4167,0.5833,0.4167,NA,0,NA,0
Cream,AttuneDilut,6 Hours,6.1,0,1,NA,0.4167,0.5833,0.4167,NA,0,NA,0
Cream,AttuneDilut,6 Hours,6.2,0,1,NA,0.4167,0.5833,0.4167,NA,0,NA,0
Cream,AttuneDilut,6 Hours,6.3,0,1,NA,0.4167,0.5833,0.4167,NA,0,NA,0
Cream,AttuneDilut,6 Hours,6.4,0,1,NA,0.4167,0.5833,0.4167,NA,0,NA,0
Cream,AttuneDilut,6 Hours,6.5,0,1,NA,0.4167,0.5833,0.4167,NA,0,NA,0
Cream,AttuneDilut,6 Hours,6.6,0,1,NA,0.4167,0.5833,0.4167,NA,0,NA,0
Cream,AttuneDilut,6 Hours,6.7,0,1,NA,0.4167,0.5833,0.4167,NA,0,NA,0
Cream,AttuneDilut,6 Hours,6.8,0,1,NA,0.4167,0.5833,0.4167,NA,0,NA,0
Cream,AttuneDilut,6 Hours,6.9,0,1,NA,0.4167,0.5833,0.4167,NA,0,NA,0
Cream,AttuneDilut,6 Hours,7,0,1,NA,0.4167,0.5833,0.4167,NA,0,NA,0
Cream,AttuneDilut,6 Hours,7.1,0,1,NA,0.4167,0.5833,0.4167,NA,0,NA,0
Cream,AttuneDilut,6 Hours,7.2,0,1,NA,0.4167,0.5833,0.4167,NA,0,NA,0
Cream,AttuneDilut,6 Hours,7.3,0,1,NA,0.4167,0.5833,0.4167,NA,0,NA,0
Cream,AttuneDilut,6 Hours,7.4,0,1,NA,0.4167,0.5833,0.4167,NA,0,NA,0
Cream,AttuneDilut,6 Hours,7.5,0,1,NA,0.4167,0.5833,0.4167,NA,0,NA,0
Cream,AttuneDilut,6 Hours,7.6,0,1,NA,0.4167,0.5833,0.4167,NA,0,NA,0
Cream,AttuneDilut,6 Hours,7.7,0,1,NA,0.4167,0.5833,0.4167,NA,0,NA,0
Cream,AttuneDilut,12 Hours,3,1,0,0.7083,NA,0.7083,0.7083,0.8935,0.7083,NA,0
Cream,AttuneDilut,12 Hours,3.1,1,0,0.7083,NA,0.7083,0.7083,0.8935,0.7083,NA,0
Cream,AttuneDilut,12 Hours,3.2,1,0,0.7083,NA,0.7083,0.7083,0.8935,0.7083,NA,0
Cream,AttuneDilut,12 Hours,3.3,1,0,0.7083,NA,0.7083,0.7083,0.8935,0.7083,NA,0
Cream,AttuneDilut,12 Hours,3.4,1,0,0.7083,NA,0.7083,0.7083,0.8935,0.7083,NA,0
Cream,AttuneDilut,12 Hours,3.5,1,0,0.7083,NA,0.7083,0.7083,0.8935,0.7083,NA,0
Cream,AttuneDilut,12 Hours,3.6,1,0,0.7083,NA,0.7083,0.7083,0.8935,0.7083,NA,0
Cream,AttuneDilut,12 Hours,3.7,1,0.25,0.75,1,0.7083,0.75,0.9195,0.75,1,0.2857
Cream,AttuneDilut,12 Hours,3.8,1,0.25,0.75,1,0.7083,0.75,0.9195,0.75,1,0.2857
Cream,AttuneDilut,12 Hours,3.9,1,0.25,0.75,1,0.7083,0.75,0.9195,0.75,1,0.2857
Cream,AttuneDilut,12 Hours,4,0.9643,0.25,0.7417,0.6667,0.7083,0.7292,0.9004,0.7292,0.5613,0.25
Cream,AttuneDilut,12 Hours,4.1,0.9357,0.25,0.7375,0.5,0.7083,0.7083,0.8848,0.7083,0.3709,0.2214
Cream,AttuneDilut,12 Hours,4.2,0.9357,0.3958,0.7583,0.6667,0.7083,0.75,0.8978,0.7292,0.4968,0.3643
Cream,AttuneDilut,12 Hours,4.3,0.9,0.7292,0.8125,0.8333,0.7083,0.8125,0.9099,0.7542,0.7721,0.6857
Cream,AttuneDilut,12 Hours,4.4,0.7571,0.8333,0.85,0.5938,0.7083,0.7708,0.8308,0.6458,0.5544,0.6143
Cream,AttuneDilut,12 Hours,4.5,0.6071,0.9792,0.875,0.5188,0.7083,0.7083,0.73,0.5312,0.5152,0.6071
Cream,AttuneDilut,12 Hours,4.6,0.5214,1,1,0.4354,0.7083,0.6667,0.6632,0.5214,0.4253,0.5214
Cream,AttuneDilut,12 Hours,4.7,0.2643,1,1,0.3604,0.7083,0.4792,0.5054,0.2643,0.333,0.2643
Cream,AttuneDilut,12 Hours,4.8,0.0643,1,1,0.3042,0.7083,0.3333,0.3667,0.0643,0.2581,0.0643
Cream,AttuneDilut,12 Hours,4.9,0.0643,1,1,0.3042,0.7083,0.3333,0.3667,0.0643,0.2581,0.0643
Cream,AttuneDilut,12 Hours,5,0.0357,1,1,0.3,0.7083,0.3125,0.4,0.0357,0.3162,0.0357
Cream,AttuneDilut,12 Hours,5.1,0.0357,1,1,0.3,0.7083,0.3125,0.4,0.0357,0.3162,0.0357
Cream,AttuneDilut,12 Hours,5.2,0.0357,1,1,0.3,0.7083,0.3125,0.4,0.0357,0.3162,0.0357
Cream,AttuneDilut,12 Hours,5.3,0.0357,1,1,0.3,0.7083,0.3125,0.4,0.0357,0.3162,0.0357
Cream,AttuneDilut,12 Hours,5.4,0.0357,1,1,0.3,0.7083,0.3125,0.4,0.0357,0.3162,0.0357
Cream,AttuneDilut,12 Hours,5.5,0.0357,1,1,0.3,0.7083,0.3125,0.4,0.0357,0.3162,0.0357
Cream,AttuneDilut,12 Hours,5.6,0.0357,1,1,0.3,0.7083,0.3125,0.4,0.0357,0.3162,0.0357
Cream,AttuneDilut,12 Hours,5.7,0.0357,1,1,0.3,0.7083,0.3125,0.4,0.0357,0.3162,0.0357
Cream,AttuneDilut,12 Hours,5.8,0.0357,1,1,0.3,0.7083,0.3125,0.4,0.0357,0.3162,0.0357
Cream,AttuneDilut,12 Hours,5.9,0.0357,1,1,0.3,0.7083,0.3125,0.4,0.0357,0.3162,0.0357
Cream,AttuneDilut,12 Hours,6,0.0357,1,1,0.3,0.7083,0.3125,0.4,0.0357,0.3162,0.0357
Cream,AttuneDilut,12 Hours,6.1,0.0357,1,1,0.3,0.7083,0.3125,0.4,0.0357,0.3162,0.0357
Cream,AttuneDilut,12 Hours,6.2,0.0357,1,1,0.3,0.7083,0.3125,0.4,0.0357,0.3162,0.0357
Cream,AttuneDilut,12 Hours,6.3,0.0357,1,1,0.3,0.7083,0.3125,0.4,0.0357,0.3162,0.0357
Cream,AttuneDilut,12 Hours,6.4,0.0357,1,1,0.3,0.7083,0.3125,0.4,0.0357,0.3162,0.0357
Cream,AttuneDilut,12 Hours,6.5,0.0357,1,1,0.3,0.7083,0.3125,0.4,0.0357,0.3162,0.0357
Cream,AttuneDilut,12 Hours,6.6,0.0357,1,1,0.3,0.7083,0.3125,0.4,0.0357,0.3162,0.0357
Cream,AttuneDilut,12 Hours,6.7,0.0357,1,1,0.3,0.7083,0.3125,0.4,0.0357,0.3162,0.0357
Cream,AttuneDilut,12 Hours,6.8,0.0357,1,1,0.3,0.7083,0.3125,0.4,0.0357,0.3162,0.0357
Cream,AttuneDilut,12 Hours,6.9,0.0357,1,1,0.3,0.7083,0.3125,0.4,0.0357,0.3162,0.0357
Cream,AttuneDilut,12 Hours,7,0.0357,1,1,0.3,0.7083,0.3125,0.4,0.0357,0.3162,0.0357
Cream,AttuneDilut,12 Hours,7.1,0.0357,1,1,0.3,0.7083,0.3125,0.4,0.0357,0.3162,0.0357
Cream,AttuneDilut,12 Hours,7.2,0.0357,1,1,0.3,0.7083,0.3125,0.4,0.0357,0.3162,0.0357
Cream,AttuneDilut,12 Hours,7.3,0.0357,1,1,0.3,0.7083,0.3125,0.4,0.0357,0.3162,0.0357
Cream,AttuneDilut,12 Hours,7.4,0.0357,1,1,0.3,0.7083,0.3125,0.4,0.0357,0.3162,0.0357
Cream,AttuneDilut,12 Hours,7.5,0.0357,1,1,0.3,0.7083,0.3125,0.4,0.0357,0.3162,0.0357
Cream,AttuneDilut,12 Hours,7.6,0.0357,1,1,0.3,0.7083,0.3125,0.4,0.0357,0.3162,0.0357
Cream,AttuneDilut,12 Hours,7.7,0,1,NA,0.2917,0.7083,0.2917,NA,0,NA,0
Cream,AttuneDilut,24 Hours,3,1,0.125,0.6875,1,0.6667,0.6875,0.8636,0.6875,1,0.1429
Cream,AttuneDilut,24 Hours,3.1,1,0.125,0.6875,1,0.6667,0.6875,0.8636,0.6875,1,0.1429
Cream,AttuneDilut,24 Hours,3.2,1,0.125,0.6875,1,0.6667,0.6875,0.8636,0.6875,1,0.1429
Cream,AttuneDilut,24 Hours,3.3,1,0.125,0.6875,1,0.6667,0.6875,0.8636,0.6875,1,0.1429
Cream,AttuneDilut,24 Hours,3.4,1,0.25,0.7083,1,0.6667,0.7083,0.8766,0.7083,1,0.2857
Cream,AttuneDilut,24 Hours,3.5,1,0.25,0.7083,1,0.6667,0.7083,0.8766,0.7083,1,0.2857
Cream,AttuneDilut,24 Hours,3.6,1,0.25,0.7083,1,0.6667,0.7083,0.8766,0.7083,1,0.2857
Cream,AttuneDilut,24 Hours,3.7,1,0.25,0.7083,1,0.6667,0.7083,0.8766,0.7083,1,0.2857
Cream,AttuneDilut,24 Hours,3.8,1,0.25,0.7083,1,0.6667,0.7083,0.8766,0.7083,1,0.2857
Cream,AttuneDilut,24 Hours,3.9,1,0.25,0.7083,1,0.6667,0.7083,0.8766,0.7083,1,0.2857
Cream,AttuneDilut,24 Hours,4,1,0.375,0.7292,1,0.6667,0.7292,0.8896,0.7292,1,0.4286
Cream,AttuneDilut,24 Hours,4.1,0.9714,0.3958,0.725,0.8,0.6667,0.7292,0.874,0.7083,0.7,0.4
Cream,AttuneDilut,24 Hours,4.2,0.9143,0.6146,0.7708,0.8571,0.6667,0.7708,0.887,0.7292,0.71,0.5929
Cream,AttuneDilut,24 Hours,4.3,0.8143,0.6146,0.7458,0.7188,0.6667,0.7292,0.8286,0.6667,0.5147,0.4929
Cream,AttuneDilut,24 Hours,4.4,0.6857,0.7812,0.7083,0.6792,0.6667,0.7292,0.8565,0.5917,0.4737,0.5071
Cream,AttuneDilut,24 Hours,4.5,0.5429,0.8333,0.7857,0.5208,0.6667,0.6667,0.73740000000000006,0.4708,0.3903,0.4
Cream,AttuneDilut,24 Hours,4.6,0.4571,1,1,0.525,0.6667,0.6667,0.7444,0.4571,0.5454,0.4571
Cream,AttuneDilut,24 Hours,4.7,0.2857,1,1,0.4625,0.6667,0.5417,0.619,0.2857,0.4581,0.2857
Cream,AttuneDilut,24 Hours,4.8,0.2571,1,1,0.4583,0.6667,0.5208,0.7143,0.2571,0.5442,0.2571
Cream,AttuneDilut,24 Hours,4.9,0.2286,1,1,0.4521,0.6667,0.5,0.6349,0.2286,0.5054,0.2286
Cream,AttuneDilut,24 Hours,5,0.1714,1,1,0.4417,0.6667,0.4583,0.6667,0.1714,0.6,0.1714
Cream,AttuneDilut,24 Hours,5.1,0.1429,1,1,0.3792,0.6667,0.4375,0.6111,0.1429,0.4162,0.1429
Cream,AttuneDilut,24 Hours,5.2,0.1143,1,1,0.3583,0.6667,0.4167,0.5417,0.1143,0.3236,0.1143
Cream,AttuneDilut,24 Hours,5.3,0.0857,1,1,0.3479,0.6667,0.3958,0.4524,0.0857,0.2581,0.0857
Cream,AttuneDilut,24 Hours,5.4,0.0571,1,1,0.3417,0.6667,0.375,0.3333,0.0571,0.2,0.0571
Cream,AttuneDilut,24 Hours,5.5,0.0286,1,1,0.3375,0.6667,0.3542,0.3333,0.0286,0.2,0.0286
Cream,AttuneDilut,24 Hours,5.6,0.0286,1,1,0.3375,0.6667,0.3542,0.3333,0.0286,0.2,0.0286
Cream,AttuneDilut,24 Hours,5.7,0.0286,1,1,0.3375,0.6667,0.3542,0.3333,0.0286,0.2,0.0286
Cream,AttuneDilut,24 Hours,5.8,0.0286,1,1,0.3375,0.6667,0.3542,0.3333,0.0286,0.2,0.0286
Cream,AttuneDilut,24 Hours,5.9,0.0286,1,1,0.3375,0.6667,0.3542,0.3333,0.0286,0.2,0.0286
Cream,AttuneDilut,24 Hours,6,0.0286,1,1,0.3375,0.6667,0.3542,0.3333,0.0286,0.2,0.0286
Cream,AttuneDilut,24 Hours,6.1,0.0286,1,1,0.3375,0.6667,0.3542,0.3333,0.0286,0.2,0.0286
Cream,AttuneDilut,24 Hours,6.2,0.0286,1,1,0.3375,0.6667,0.3542,0.3333,0.0286,0.2,0.0286
Cream,AttuneDilut,24 Hours,6.3,0.0286,1,1,0.3375,0.6667,0.3542,0.3333,0.0286,0.2,0.0286
Cream,AttuneDilut,24 Hours,6.4,0.0286,1,1,0.3375,0.6667,0.3542,0.3333,0.0286,0.2,0.0286
Cream,AttuneDilut,24 Hours,6.5,0.0286,1,1,0.3375,0.6667,0.3542,0.3333,0.0286,0.2,0.0286
Cream,AttuneDilut,24 Hours,6.6,0,1,NA,0.3333,0.6667,0.3333,NA,0,NA,0
Cream,AttuneDilut,24 Hours,6.7,0,1,NA,0.3333,0.6667,0.3333,NA,0,NA,0
Cream,AttuneDilut,24 Hours,6.8,0,1,NA,0.3333,0.6667,0.3333,NA,0,NA,0
Cream,AttuneDilut,24 Hours,6.9,0,1,NA,0.3333,0.6667,0.3333,NA,0,NA,0
Cream,AttuneDilut,24 Hours,7,0,1,NA,0.3333,0.6667,0.3333,NA,0,NA,0
Cream,AttuneDilut,24 Hours,7.1,0,1,NA,0.3333,0.6667,0.3333,NA,0,NA,0
Cream,AttuneDilut,24 Hours,7.2,0,1,NA,0.3333,0.6667,0.3333,NA,0,NA,0
Cream,AttuneDilut,24 Hours,7.3,0,1,NA,0.3333,0.6667,0.3333,NA,0,NA,0
Cream,AttuneDilut,24 Hours,7.4,0,1,NA,0.3333,0.6667,0.3333,NA,0,NA,0
Cream,AttuneDilut,24 Hours,7.5,0,1,NA,0.3333,0.6667,0.3333,NA,0,NA,0
Cream,AttuneDilut,24 Hours,7.6,0,1,NA,0.3333,0.6667,0.3333,NA,0,NA,0
Cream,AttuneDilut,24 Hours,7.7,0,1,NA,0.3333,0.6667,0.3333,NA,0,NA,0
Cream,AttuneDilut,48 Hours,3,1,0,0.8125,NA,0.8125,0.8125,0.8955,0.8125,NA,0
Cream,AttuneDilut,48 Hours,3.1,1,0,0.8125,NA,0.8125,0.8125,0.8955,0.8125,NA,0
Cream,AttuneDilut,48 Hours,3.2,1,0,0.8125,NA,0.8125,0.8125,0.8955,0.8125,NA,0
Cream,AttuneDilut,48 Hours,3.3,1,0,0.8125,NA,0.8125,0.8125,0.8955,0.8125,NA,0
Cream,AttuneDilut,48 Hours,3.4,1,0.125,0.8333,1,0.8125,0.8333,0.9068,0.8333,1,0.125
Cream,AttuneDilut,48 Hours,3.5,1,0.125,0.8333,1,0.8125,0.8333,0.9068,0.8333,1,0.125
Cream,AttuneDilut,48 Hours,3.6,1,0.125,0.8333,1,0.8125,0.8333,0.9068,0.8333,1,0.125
Cream,AttuneDilut,48 Hours,3.7,1,0.125,0.8333,1,0.8125,0.8333,0.9068,0.8333,1,0.125
Cream,AttuneDilut,48 Hours,3.8,1,0.125,0.8333,1,0.8125,0.8333,0.9068,0.8333,1,0.125
Cream,AttuneDilut,48 Hours,3.9,1,0.125,0.8333,1,0.8125,0.8333,0.9068,0.8333,1,0.125
Cream,AttuneDilut,48 Hours,4,1,0.125,0.8333,1,0.8125,0.8333,0.9068,0.8333,1,0.125
Cream,AttuneDilut,48 Hours,4.1,1,0.1875,0.85,1,0.8125,0.8542,0.9179,0.85,0.8162,0.1875
Cream,AttuneDilut,48 Hours,4.2,0.975,0.4375,0.8917,0.875,0.8125,0.875,0.9268,0.8667,0.8162,0.4125
Cream,AttuneDilut,48 Hours,4.3,0.9,0.625,0.9333,0.6389,0.8125,0.8542,0.9071,0.8417,0.6466,0.525
Cream,AttuneDilut,48 Hours,4.4,0.85,0.75,0.9542,0.6714,0.8125,0.8333,0.8664,0.8125,0.6618,0.6
Cream,AttuneDilut,48 Hours,4.5,0.7938,0.875,0.9762,0.6905,0.8125,0.8125,0.9349,0.7729,0.8287,0.6688
Cream,AttuneDilut,48 Hours,4.6,0.7688,1,1,0.6667,0.8125,0.8125,0.932,0.7688,0.8006,0.7688
Cream,AttuneDilut,48 Hours,4.7,0.6375,1,1,0.5875,0.8125,0.7083,0.8056,0.6375,0.6828,0.6375
Cream,AttuneDilut,48 Hours,4.8,0.5312,1,1,0.4396,0.8125,0.625,0.7102,0.5312,0.5328,0.5312
Cream,AttuneDilut,48 Hours,4.9,0.4812,1,1,0.4292,0.8125,0.5833,0.7333,0.4812,0.5689,0.4812
Cream,AttuneDilut,48 Hours,5,0.43120000000000003,1,1,0.3979,0.8125,0.5417,0.6804,0.43120000000000003,0.5162,0.43120000000000003
Cream,AttuneDilut,48 Hours,5.1,0.3813,1,1,0.3146,0.8125,0.5,0.6388,0.3813,0.4241,0.3812
Cream,AttuneDilut,48 Hours,5.2,0.3313,1,1,0.2979,0.8125,0.4583,0.5693,0.3313,0.3829,0.3312
Cream,AttuneDilut,48 Hours,5.3,0.30620000000000003,1,1,0.2771,0.8125,0.4375,0.5462,0.30620000000000003,0.352,0.30620000000000003
Cream,AttuneDilut,48 Hours,5.4,0.30620000000000003,1,1,0.2771,0.8125,0.4375,0.5462,0.30620000000000003,0.352,0.30620000000000003
Cream,AttuneDilut,48 Hours,5.5,0.30620000000000003,1,1,0.2771,0.8125,0.4375,0.5462,0.30620000000000003,0.352,0.30620000000000003
Cream,AttuneDilut,48 Hours,5.6,0.30620000000000003,1,1,0.2771,0.8125,0.4375,0.5462,0.30620000000000003,0.352,0.30620000000000003
Cream,AttuneDilut,48 Hours,5.7,0.2812,1,1,0.2562,0.8125,0.4167,0.523,0.2812,0.3211,0.2812
Cream,AttuneDilut,48 Hours,5.8,0.2562,1,1,0.2521,0.8125,0.3958,0.561,0.2562,0.3454,0.2562
Cream,AttuneDilut,48 Hours,5.9,0.2062,1,1,0.2417,0.8125,0.3542,0.5583,0.2062,0.3527,0.2063
Cream,AttuneDilut,48 Hours,6,0.2062,1,1,0.2417,0.8125,0.3542,0.5583,0.2062,0.3527,0.2063
Cream,AttuneDilut,48 Hours,6.1,0.2062,1,1,0.2417,0.8125,0.3542,0.5583,0.2062,0.3527,0.2063
Cream,AttuneDilut,48 Hours,6.2,0.2062,1,1,0.2417,0.8125,0.3542,0.5583,0.2062,0.3527,0.2063
Cream,AttuneDilut,48 Hours,6.3,0.2062,1,1,0.2417,0.8125,0.3542,0.5583,0.2062,0.3527,0.2063
Cream,AttuneDilut,48 Hours,6.4,0.2062,1,1,0.2417,0.8125,0.3542,0.5583,0.2062,0.3527,0.2063
Cream,AttuneDilut,48 Hours,6.5,0.1812,1,1,0.2313,0.8125,0.3333,0.5137,0.1812,0.3199,0.1812
Cream,AttuneDilut,48 Hours,6.6,0.1562,1,1,0.225,0.8125,0.3125,0.4542,0.1562,0.2909,0.1562
Cream,AttuneDilut,48 Hours,6.7,0.1312,1,1,0.2208,0.8125,0.2917,0.4944,0.1312,0.3211,0.1312
Cream,AttuneDilut,48 Hours,6.8,0.075,1,1,0.2021,0.8125,0.25,0.4524,0.075,0.2581,0.075
Cream,AttuneDilut,48 Hours,6.9,0.05,1,1,0.1958,0.8125,0.2292,0.3333,0.05,0.2,0.05
Cream,AttuneDilut,48 Hours,7,0,1,NA,0.1875,0.8125,0.1875,NA,0,NA,0
Cream,AttuneDilut,48 Hours,7.1,0,1,NA,0.1875,0.8125,0.1875,NA,0,NA,0
Cream,AttuneDilut,48 Hours,7.2,0,1,NA,0.1875,0.8125,0.1875,NA,0,NA,0
Cream,AttuneDilut,48 Hours,7.3,0,1,NA,0.1875,0.8125,0.1875,NA,0,NA,0
Cream,AttuneDilut,48 Hours,7.4,0,1,NA,0.1875,0.8125,0.1875,NA,0,NA,0
Cream,AttuneDilut,48 Hours,7.5,0,1,NA,0.1875,0.8125,0.1875,NA,0,NA,0
Cream,AttuneDilut,48 Hours,7.6,0,1,NA,0.1875,0.8125,0.1875,NA,0,NA,0
Cream,AttuneDilut,48 Hours,7.7,0,1,NA,0.1875,0.8125,0.1875,NA,0,NA,0
Whipping Cream,Charm,12 Hours,0.3,1,0,0.7292,NA,0.7292,0.7292,0.8175,0.7292,NA,0
Whipping Cream,Charm,12 Hours,0.4,1,0,0.7292,NA,0.7292,0.7292,0.8175,0.7292,NA,0
Whipping Cream,Charm,12 Hours,0.5,0.975,0.4625,0.8125,0.9,0.7292,0.8125,0.8548,0.7875,0.693,0.4375
Whipping Cream,Charm,12 Hours,0.6,0.975,0.4625,0.8125,0.9,0.7292,0.8125,0.8548,0.7875,0.693,0.4375
Whipping Cream,Charm,12 Hours,0.7,0.775,1,1,0.8792,0.7292,0.8958,0.9048,0.775,0.8857,0.775
Whipping Cream,Charm,12 Hours,0.8,0.725,1,1,0.7958,0.7292,0.8542,0.869,0.725,0.8067,0.725
Whipping Cream,Charm,12 Hours,0.9,0.675,1,1,0.7792,0.7292,0.8125,0.8095,0.675,0.7714,0.675
Whipping Cream,Charm,12 Hours,1,0.625,1,1,0.7708,0.7292,0.7708,1,0.625,1,0.625
Whipping Cream,Charm,12 Hours,1.1,0.625,1,1,0.7708,0.7292,0.7708,1,0.625,1,0.625
Whipping Cream,Charm,12 Hours,1.2,0.625,1,1,0.7708,0.7292,0.7708,1,0.625,1,0.625
Whipping Cream,Charm,12 Hours,1.3,0.55,1,1,0.625,0.7292,0.7083,0.9278,0.55,0.8159,0.55
Whipping Cream,Charm,12 Hours,1.4,0.45,1,1,0.5771,0.7292,0.625,0.781,0.45,0.7032,0.45
Whipping Cream,Charm,12 Hours,1.5,0.375,1,1,0.5625,0.7292,0.5625,1,0.375,1,0.375
Whipping Cream,Charm,12 Hours,1.6,0.375,1,1,0.5625,0.7292,0.5625,1,0.375,1,0.375
Whipping Cream,Charm,12 Hours,1.7,0.325,1,1,0.4375,0.7292,0.5208,0.9259,0.325,0.755,0.325
Whipping Cream,Charm,12 Hours,1.8,0.2688,1,1,0.375,0.7292,0.4792,0.832,0.2688,0.5956,0.2688
Whipping Cream,Charm,12 Hours,1.9,0.2438,1,1,0.3646,0.7292,0.4583,0.7725,0.2438,0.5519,0.2438
Whipping Cream,Charm,12 Hours,2,0.2438,1,1,0.3646,0.7292,0.4583,0.7725,0.2438,0.5519,0.2438
Whipping Cream,Charm,12 Hours,2.1,0.2125,1,1,0.3438,0.7292,0.4375,0.709,0.2125,0.4829,0.2125
Whipping Cream,Charm,12 Hours,2.2,0.125,1,1,0.3167,0.7292,0.375,0.6111,0.125,0.4162,0.125
Whipping Cream,Charm,12 Hours,2.3,0.125,1,1,0.3167,0.7292,0.375,0.6111,0.125,0.4162,0.125
Whipping Cream,Charm,12 Hours,2.4,0.125,1,1,0.3167,0.7292,0.375,0.6111,0.125,0.4162,0.125
Whipping Cream,Charm,12 Hours,2.5,0.075,1,1,0.2854,0.7292,0.3333,0.4524,0.075,0.2581,0.075
Whipping Cream,Charm,12 Hours,2.6,0.075,1,1,0.2854,0.7292,0.3333,0.4524,0.075,0.2581,0.075
Whipping Cream,Charm,12 Hours,2.7,0.075,1,1,0.2854,0.7292,0.3333,0.4524,0.075,0.2581,0.075
Whipping Cream,Charm,12 Hours,2.8,0.05,1,1,0.2792,0.7292,0.3125,0.3333,0.05,0.2,0.05
Whipping Cream,Charm,12 Hours,2.9,0.025,1,1,0.275,0.7292,0.2917,0.3333,0.025,0.2,0.025
Whipping Cream,Charm,12 Hours,3,0.025,1,1,0.275,0.7292,0.2917,0.3333,0.025,0.2,0.025
Whipping Cream,Charm,12 Hours,3.1,0,1,NA,0.2708,0.7292,0.2708,NA,0,NA,0
Whipping Cream,Charm,12 Hours,3.2,0,1,NA,0.2708,0.7292,0.2708,NA,0,NA,0
Whipping Cream,Charm,12 Hours,3.3,0,1,NA,0.2708,0.7292,0.2708,NA,0,NA,0
Whipping Cream,Charm,12 Hours,3.4,0,1,NA,0.2708,0.7292,0.2708,NA,0,NA,0
Whipping Cream,Charm,12 Hours,3.5,0,1,NA,0.2708,0.7292,0.2708,NA,0,NA,0
Whipping Cream,Charm,12 Hours,3.6,0,1,NA,0.2708,0.7292,0.2708,NA,0,NA,0
Whipping Cream,Charm,12 Hours,3.7,0,1,NA,0.2708,0.7292,0.2708,NA,0,NA,0
Whipping Cream,Charm,12 Hours,3.8,0,1,NA,0.2708,0.7292,0.2708,NA,0,NA,0
Whipping Cream,Charm,12 Hours,3.9,0,1,NA,0.2708,0.7292,0.2708,NA,0,NA,0
Whipping Cream,Charm,12 Hours,4,0,1,NA,0.2708,0.7292,0.2708,NA,0,NA,0
Whipping Cream,Charm,12 Hours,4.1,0,1,NA,0.2708,0.7292,0.2708,NA,0,NA,0
Whipping Cream,Charm,12 Hours,4.2,0,1,NA,0.2708,0.7292,0.2708,NA,0,NA,0
Whipping Cream,Charm,12 Hours,4.3,0,1,NA,0.2708,0.7292,0.2708,NA,0,NA,0
Whipping Cream,Charm,12 Hours,4.4,0,1,NA,0.2708,0.7292,0.2708,NA,0,NA,0
Whipping Cream,Charm,12 Hours,4.5,0,1,NA,0.2708,0.7292,0.2708,NA,0,NA,0
Whipping Cream,Charm,12 Hours,4.6,0,1,NA,0.2708,0.7292,0.2708,NA,0,NA,0
Whipping Cream,Charm,24 Hours,0.3,1,0,0.75,NA,0.75,0.75,0.8312,0.75,NA,0
Whipping Cream,Charm,24 Hours,0.4,1,0,0.75,NA,0.75,0.75,0.8312,0.75,NA,0
Whipping Cream,Charm,24 Hours,0.5,1,0.25,0.7917,1,0.75,0.7917,0.8539,0.7917,1,0.25
Whipping Cream,Charm,24 Hours,0.6,1,0.25,0.7917,1,0.75,0.7917,0.8539,0.7917,1,0.25
Whipping Cream,Charm,24 Hours,0.7,0.975,0.675,0.8646,0.9167,0.75,0.875,0.8884,0.8396,0.8248,0.65
Whipping Cream,Charm,24 Hours,0.8,0.975,0.825,0.8958,0.9286,0.75,0.9167,0.9122,0.8708,0.8685,0.8
Whipping Cream,Charm,24 Hours,0.9,0.975,0.95,0.9167,0.9375,0.75,0.9375,0.9236,0.8917,0.885,0.925
Whipping Cream,Charm,24 Hours,1,0.85,0.975,0.9375,0.775,0.75,0.8542,0.8472,0.7875,0.7622,0.825
Whipping Cream,Charm,24 Hours,1.1,0.8,1,1,0.7333,0.75,0.8333,0.8542,0.8,0.7618,0.8
Whipping Cream,Charm,24 Hours,1.2,0.75,1,1,0.7125,0.75,0.7917,0.8095,0.75,0.7291,0.75
Whipping Cream,Charm,24 Hours,1.3,0.675,1,1,0.6958,0.75,0.7292,0.8095,0.675,0.7714,0.675
Whipping Cream,Charm,24 Hours,1.4,0.625,1,1,0.6125,0.75,0.6875,0.7738,0.625,0.6925,0.625
Whipping Cream,Charm,24 Hours,1.5,0.625,1,1,0.6125,0.75,0.6875,0.7738,0.625,0.6925,0.625
Whipping Cream,Charm,24 Hours,1.6,0.575,1,1,0.5396,0.75,0.6458,0.7324,0.575,0.6212,0.575
Whipping Cream,Charm,24 Hours,1.7,0.5,1,1,0.525,0.75,0.5833,0.8444,0.5,0.7665,0.5
Whipping Cream,Charm,24 Hours,1.8,0.275,1,1,0.3542,0.75,0.4792,0.8426,0.275,0.5707,0.275
Whipping Cream,Charm,24 Hours,1.9,0.275,1,1,0.3542,0.75,0.4792,0.8426,0.275,0.5707,0.275
Whipping Cream,Charm,24 Hours,2,0.25,1,1,0.3438,0.75,0.4583,0.7831,0.25,0.527,0.25
Whipping Cream,Charm,24 Hours,2.1,0.225,1,1,0.3375,0.75,0.4375,0.7037,0.225,0.4883,0.225
Whipping Cream,Charm,24 Hours,2.2,0.225,1,1,0.3375,0.75,0.4375,0.7037,0.225,0.4883,0.225
Whipping Cream,Charm,24 Hours,2.3,0.2,1,1,0.3333,0.75,0.4167,0.8889,0.2,0.6325,0.2
Whipping Cream,Charm,24 Hours,2.4,0.2,1,1,0.3333,0.75,0.4167,0.8889,0.2,0.6325,0.2
Whipping Cream,Charm,24 Hours,2.5,0.2,1,1,0.3333,0.75,0.4167,0.8889,0.2,0.6325,0.2
Whipping Cream,Charm,24 Hours,2.6,0.2,1,1,0.3333,0.75,0.4167,0.8889,0.2,0.6325,0.2
Whipping Cream,Charm,24 Hours,2.7,0.2,1,1,0.3333,0.75,0.4167,0.8889,0.2,0.6325,0.2
Whipping Cream,Charm,24 Hours,2.8,0.2,1,1,0.3333,0.75,0.4167,0.8889,0.2,0.6325,0.2
Whipping Cream,Charm,24 Hours,2.9,0.2,1,1,0.3333,0.75,0.4167,0.8889,0.2,0.6325,0.2
Whipping Cream,Charm,24 Hours,3,0.2,1,1,0.3333,0.75,0.4167,0.8889,0.2,0.6325,0.2
Whipping Cream,Charm,24 Hours,3.1,0.2,1,1,0.3333,0.75,0.4167,0.8889,0.2,0.6325,0.2
Whipping Cream,Charm,24 Hours,3.2,0.2,1,1,0.3333,0.75,0.4167,0.8889,0.2,0.6325,0.2
Whipping Cream,Charm,24 Hours,3.3,0.175,1,1,0.3125,0.75,0.3958,0.8194,0.175,0.5398,0.175
Whipping Cream,Charm,24 Hours,3.4,0.175,1,1,0.3125,0.75,0.3958,0.8194,0.175,0.5398,0.175
Whipping Cream,Charm,24 Hours,3.5,0.175,1,1,0.3125,0.75,0.3958,0.8194,0.175,0.5398,0.175
Whipping Cream,Charm,24 Hours,3.6,0.15,1,1,0.3021,0.75,0.375,0.7302,0.15,0.4743,0.15
Whipping Cream,Charm,24 Hours,3.7,0.15,1,1,0.3021,0.75,0.375,0.7302,0.15,0.4743,0.15
Whipping Cream,Charm,24 Hours,3.8,0.15,1,1,0.3021,0.75,0.375,0.7302,0.15,0.4743,0.15
Whipping Cream,Charm,24 Hours,3.9,0.15,1,1,0.3021,0.75,0.375,0.7302,0.15,0.4743,0.15
Whipping Cream,Charm,24 Hours,4,0.15,1,1,0.3021,0.75,0.375,0.7302,0.15,0.4743,0.15
Whipping Cream,Charm,24 Hours,4.1,0.125,1,1,0.2812,0.75,0.3542,0.6607,0.125,0.3817,0.125
Whipping Cream,Charm,24 Hours,4.2,0.125,1,1,0.2812,0.75,0.3542,0.6607,0.125,0.3817,0.125
Whipping Cream,Charm,24 Hours,4.3,0.125,1,1,0.2812,0.75,0.3542,0.6607,0.125,0.3817,0.125
Whipping Cream,Charm,24 Hours,4.4,0.1,1,1,0.275,0.75,0.3333,0.5417,0.1,0.3236,0.1
Whipping Cream,Charm,24 Hours,4.5,0.025,1,1,0.2542,0.75,0.2708,0.3333,0.025,0.2,0.025
Whipping Cream,Charm,24 Hours,4.6,0,1,NA,0.25,0.75,0.25,NA,0,NA,0
Whipping Cream,Charm,48 Hours,0.3,1,0,0.7917,NA,0.7917,0.7917,0.8788,0.7917,NA,0
Whipping Cream,Charm,48 Hours,0.4,1,0.125,0.8125,1,0.7917,0.8125,0.8902,0.8125,1,0.125
Whipping Cream,Charm,48 Hours,0.5,0.95,0.5833,0.9062,0.8667,0.7917,0.875,0.9168,0.8562,0.8309,0.5333
Whipping Cream,Charm,48 Hours,0.6,0.95,0.5833,0.9062,0.8667,0.7917,0.875,0.9168,0.8562,0.8309,0.5333
Whipping Cream,Charm,48 Hours,0.7,0.875,1,1,0.8375,0.7917,0.8958,0.9028,0.875,0.8541,0.875
Whipping Cream,Charm,48 Hours,0.8,0.8,1,1,0.6917,0.7917,0.8333,0.8576,0.8,0.739,0.8
Whipping Cream,Charm,48 Hours,0.9,0.75,1,1,0.6188,0.7917,0.7917,0.8214,0.75,0.6767,0.75
Whipping Cream,Charm,48 Hours,1,0.675,1,1,0.525,0.7917,0.7292,0.7679,0.675,0.5912,0.675
Whipping Cream,Charm,48 Hours,1.1,0.6,1,1,0.4354,0.7917,0.6667,0.7068,0.6,0.5076,0.6
Whipping Cream,Charm,48 Hours,1.2,0.525,1,1,0.3896,0.7917,0.6042,0.7205,0.525,0.4986,0.525
Whipping Cream,Charm,48 Hours,1.3,0.475,1,1,0.3729,0.7917,0.5625,0.661,0.475,0.4633,0.475
Whipping Cream,Charm,48 Hours,1.4,0.375,1,1,0.3333,0.7917,0.4792,0.7286,0.375,0.5054,0.375
Whipping Cream,Charm,48 Hours,1.5,0.3,1,1,0.3104,0.7917,0.4167,0.5976,0.3,0.4327,0.3
Whipping Cream,Charm,48 Hours,1.6,0.25,1,1,0.3,0.7917,0.375,0.6042,0.25,0.4618,0.25
Whipping Cream,Charm,48 Hours,1.7,0.225,1,1,0.2896,0.7917,0.3542,0.5595,0.225,0.4291,0.225
Whipping Cream,Charm,48 Hours,1.8,0.2,1,1,0.2833,0.7917,0.3333,0.5,0.2,0.4,0.2
Whipping Cream,Charm,48 Hours,1.9,0.2,1,1,0.2833,0.7917,0.3333,0.5,0.2,0.4,0.2
Whipping Cream,Charm,48 Hours,2,0.1333,1,1,0.2479,0.7917,0.2917,0.4889,0.1333,0.369,0.1333
Whipping Cream,Charm,48 Hours,2.1,0.1333,1,1,0.2479,0.7917,0.2917,0.4889,0.1333,0.369,0.1333
Whipping Cream,Charm,48 Hours,2.2,0.1333,1,1,0.2479,0.7917,0.2917,0.4889,0.1333,0.369,0.1333
Whipping Cream,Charm,48 Hours,2.3,0.1083,1,1,0.2438,0.7917,0.2708,0.5667,0.1083,0.4536,0.1083
Whipping Cream,Charm,48 Hours,2.4,0.1083,1,1,0.2438,0.7917,0.2708,0.5667,0.1083,0.4536,0.1083
Whipping Cream,Charm,48 Hours,2.5,0.0417,1,1,0.2208,0.7917,0.2292,0.5,0.0417,0.4472,0.0417
Whipping Cream,Charm,48 Hours,2.6,0.0417,1,1,0.2208,0.7917,0.2292,0.5,0.0417,0.4472,0.0417
Whipping Cream,Charm,48 Hours,2.7,0.0417,1,1,0.2208,0.7917,0.2292,0.5,0.0417,0.4472,0.0417
Whipping Cream,Charm,48 Hours,2.8,0.0417,1,1,0.2208,0.7917,0.2292,0.5,0.0417,0.4472,0.0417
Whipping Cream,Charm,48 Hours,2.9,0.0417,1,1,0.2208,0.7917,0.2292,0.5,0.0417,0.4472,0.0417
Whipping Cream,Charm,48 Hours,3,0.0417,1,1,0.2208,0.7917,0.2292,0.5,0.0417,0.4472,0.0417
Whipping Cream,Charm,48 Hours,3.1,0.0417,1,1,0.2208,0.7917,0.2292,0.5,0.0417,0.4472,0.0417
Whipping Cream,Charm,48 Hours,3.2,0.0417,1,1,0.2208,0.7917,0.2292,0.5,0.0417,0.4472,0.0417
Whipping Cream,Charm,48 Hours,3.3,0.0417,1,1,0.2208,0.7917,0.2292,0.5,0.0417,0.4472,0.0417
Whipping Cream,Charm,48 Hours,3.4,0.0417,1,1,0.2208,0.7917,0.2292,0.5,0.0417,0.4472,0.0417
Whipping Cream,Charm,48 Hours,3.5,0.0417,1,1,0.2208,0.7917,0.2292,0.5,0.0417,0.4472,0.0417
Whipping Cream,Charm,48 Hours,3.6,0.0417,1,1,0.2208,0.7917,0.2292,0.5,0.0417,0.4472,0.0417
Whipping Cream,Charm,48 Hours,3.7,0,1,NA,0.2083,0.7917,0.2083,NA,0,NA,0
Whipping Cream,Charm,48 Hours,3.8,0,1,NA,0.2083,0.7917,0.2083,NA,0,NA,0
Whipping Cream,Charm,48 Hours,3.9,0,1,NA,0.2083,0.7917,0.2083,NA,0,NA,0
Whipping Cream,Charm,48 Hours,4,0,1,NA,0.2083,0.7917,0.2083,NA,0,NA,0
Whipping Cream,Charm,48 Hours,4.1,0,1,NA,0.2083,0.7917,0.2083,NA,0,NA,0
Whipping Cream,Charm,48 Hours,4.2,0,1,NA,0.2083,0.7917,0.2083,NA,0,NA,0
Whipping Cream,Charm,48 Hours,4.3,0,1,NA,0.2083,0.7917,0.2083,NA,0,NA,0
Whipping Cream,Charm,48 Hours,4.4,0,1,NA,0.2083,0.7917,0.2083,NA,0,NA,0
Whipping Cream,Charm,48 Hours,4.5,0,1,NA,0.2083,0.7917,0.2083,NA,0,NA,0
Whipping Cream,Charm,48 Hours,4.6,0,1,NA,0.2083,0.7917,0.2083,NA,0,NA,0
Whipping Cream,Charm,72 Hours,0.3,1,0,0.7917,NA,0.7917,0.7917,0.8788,0.7917,NA,0
Whipping Cream,Charm,72 Hours,0.4,1,0.2917,0.8458,1,0.7917,0.8542,0.9119,0.8458,0.8157,0.2917
Whipping Cream,Charm,72 Hours,0.5,0.95,0.7083,0.9229,0.7857,0.7917,0.8958,0.9319,0.8812,0.7342,0.6583
Whipping Cream,Charm,72 Hours,0.6,0.95,0.7083,0.9229,0.7857,0.7917,0.8958,0.9319,0.8812,0.7342,0.6583
Whipping Cream,Charm,72 Hours,0.7,0.6417,0.875,0.975,0.5417,0.7917,0.7083,0.7146,0.625,0.5118,0.5167
Whipping Cream,Charm,72 Hours,0.8,0.5917,0.875,0.9714,0.5271,0.7917,0.6667,0.7435,0.575,0.5376,0.4667
Whipping Cream,Charm,72 Hours,0.9,0.5667,0.875,0.9667,0.5229,0.7917,0.6458,0.8119,0.55,0.5939,0.4417
Whipping Cream,Charm,72 Hours,1,0.5167,1,1,0.5021,0.7917,0.625,0.7851,0.5167,0.6405,0.5167
Whipping Cream,Charm,72 Hours,1.1,0.4667,1,1,0.4333,0.7917,0.5833,0.7269,0.4667,0.5599,0.4667
Whipping Cream,Charm,72 Hours,1.2,0.3917,1,1,0.3979,0.7917,0.5208,0.7421,0.3917,0.5686,0.3917
Whipping Cream,Charm,72 Hours,1.3,0.3667,1,1,0.3771,0.7917,0.5,0.7143,0.3667,0.5316,0.3667
Whipping Cream,Charm,72 Hours,1.4,0.3667,1,1,0.3771,0.7917,0.5,0.7143,0.3667,0.5316,0.3667
Whipping Cream,Charm,72 Hours,1.5,0.2917,1,1,0.3542,0.7917,0.4375,0.5833,0.2917,0.4589,0.2917
Whipping Cream,Charm,72 Hours,1.6,0.2667,1,1,0.2917,0.7917,0.4167,0.5611,0.2667,0.3854,0.2667
Whipping Cream,Charm,72 Hours,1.7,0.2,1,1,0.275,0.7917,0.375,0.6574,0.2,0.4266,0.2
Whipping Cream,Charm,72 Hours,1.8,0.15,1,1,0.2438,0.7917,0.3333,0.5516,0.15,0.3211,0.15
Whipping Cream,Charm,72 Hours,1.9,0.125,1,1,0.2396,0.7917,0.3125,0.6607,0.125,0.3817,0.125
Whipping Cream,Charm,72 Hours,2,0.1,1,1,0.2292,0.7917,0.2917,0.5714,0.1,0.3162,0.1
Whipping Cream,Charm,72 Hours,2.1,0.1,1,1,0.2292,0.7917,0.2917,0.5714,0.1,0.3162,0.1
Whipping Cream,Charm,72 Hours,2.2,0.075,1,1,0.2229,0.7917,0.2708,0.4524,0.075,0.2581,0.075
Whipping Cream,Charm,72 Hours,2.3,0.05,1,1,0.2188,0.7917,0.25,0.5714,0.05,0.3162,0.05
Whipping Cream,Charm,72 Hours,2.4,0.05,1,1,0.2188,0.7917,0.25,0.5714,0.05,0.3162,0.05
Whipping Cream,Charm,72 Hours,2.5,0.05,1,1,0.2188,0.7917,0.25,0.5714,0.05,0.3162,0.05
Whipping Cream,Charm,72 Hours,2.6,0.05,1,1,0.2188,0.7917,0.25,0.5714,0.05,0.3162,0.05
Whipping Cream,Charm,72 Hours,2.7,0.05,1,1,0.2188,0.7917,0.25,0.5714,0.05,0.3162,0.05
Whipping Cream,Charm,72 Hours,2.8,0.025,1,1,0.2125,0.7917,0.2292,0.3333,0.025,0.2,0.025
Whipping Cream,Charm,72 Hours,2.9,0.025,1,1,0.2125,0.7917,0.2292,0.3333,0.025,0.2,0.025
Whipping Cream,Charm,72 Hours,3,0,1,NA,0.2083,0.7917,0.2083,NA,0,NA,0
Whipping Cream,Charm,72 Hours,3.1,0,1,NA,0.2083,0.7917,0.2083,NA,0,NA,0
Whipping Cream,Charm,72 Hours,3.2,0,1,NA,0.2083,0.7917,0.2083,NA,0,NA,0
Whipping Cream,Charm,72 Hours,3.3,0,1,NA,0.2083,0.7917,0.2083,NA,0,NA,0
Whipping Cream,Charm,72 Hours,3.4,0,1,NA,0.2083,0.7917,0.2083,NA,0,NA,0
Whipping Cream,Charm,72 Hours,3.5,0,1,NA,0.2083,0.7917,0.2083,NA,0,NA,0
Whipping Cream,Charm,72 Hours,3.6,0,1,NA,0.2083,0.7917,0.2083,NA,0,NA,0
Whipping Cream,Charm,72 Hours,3.7,0,1,NA,0.2083,0.7917,0.2083,NA,0,NA,0
Whipping Cream,Charm,72 Hours,3.8,0,1,NA,0.2083,0.7917,0.2083,NA,0,NA,0
Whipping Cream,Charm,72 Hours,3.9,0,1,NA,0.2083,0.7917,0.2083,NA,0,NA,0
Whipping Cream,Charm,72 Hours,4,0,1,NA,0.2083,0.7917,0.2083,NA,0,NA,0
Whipping Cream,Charm,72 Hours,4.1,0,1,NA,0.2083,0.7917,0.2083,NA,0,NA,0
Whipping Cream,Charm,72 Hours,4.2,0,1,NA,0.2083,0.7917,0.2083,NA,0,NA,0
Whipping Cream,Charm,72 Hours,4.3,0,1,NA,0.2083,0.7917,0.2083,NA,0,NA,0
Whipping Cream,Charm,72 Hours,4.4,0,1,NA,0.2083,0.7917,0.2083,NA,0,NA,0
Whipping Cream,Charm,72 Hours,4.5,0,1,NA,0.2083,0.7917,0.2083,NA,0,NA,0
Whipping Cream,Charm,72 Hours,4.6,0,1,NA,0.2083,0.7917,0.2083,NA,0,NA,0
Whipping Cream,AttuneDilut,12 Hours,-0.4,1,0,0.7292,NA,0.7292,0.7292,0.8175,0.7292,NA,0
Whipping Cream,AttuneDilut,12 Hours,-0.3,1,0.775,0.8583,1,0.7292,0.875,0.8917,0.8583,0.8857,0.775
Whipping Cream,AttuneDilut,12 Hours,-0.2,1,0.775,0.8583,1,0.7292,0.875,0.8917,0.8583,0.8857,0.775
Whipping Cream,AttuneDilut,12 Hours,-0.1,1,0.775,0.8583,1,0.7292,0.875,0.8917,0.8583,0.8857,0.775
Whipping Cream,AttuneDilut,12 Hours,0,1,0.775,0.8583,1,0.7292,0.875,0.8917,0.8583,0.8857,0.775
Whipping Cream,AttuneDilut,12 Hours,0.1,1,0.775,0.8583,1,0.7292,0.875,0.8917,0.8583,0.8857,0.775
Whipping Cream,AttuneDilut,12 Hours,0.2,1,0.775,0.8583,1,0.7292,0.875,0.8917,0.8583,0.8857,0.775
Whipping Cream,AttuneDilut,12 Hours,0.3,1,0.775,0.8583,1,0.7292,0.875,0.8917,0.8583,0.8857,0.775
Whipping Cream,AttuneDilut,12 Hours,0.4,1,0.775,0.8583,1,0.7292,0.875,0.8917,0.8583,0.8857,0.775
Whipping Cream,AttuneDilut,12 Hours,0.5,1,0.775,0.8583,1,0.7292,0.875,0.8917,0.8583,0.8857,0.775
Whipping Cream,AttuneDilut,12 Hours,0.6,1,0.775,0.8583,1,0.7292,0.875,0.8917,0.8583,0.8857,0.775
Whipping Cream,AttuneDilut,12 Hours,0.7,1,0.775,0.8583,1,0.7292,0.875,0.8917,0.8583,0.8857,0.775
Whipping Cream,AttuneDilut,12 Hours,0.8,1,0.775,0.8583,1,0.7292,0.875,0.8917,0.8583,0.8857,0.775
Whipping Cream,AttuneDilut,12 Hours,0.9,1,0.775,0.8583,1,0.7292,0.875,0.8917,0.8583,0.8857,0.775
Whipping Cream,AttuneDilut,12 Hours,1,1,0.775,0.8583,1,0.7292,0.875,0.8917,0.8583,0.8857,0.775
Whipping Cream,AttuneDilut,12 Hours,1.1,1,0.775,0.8583,1,0.7292,0.875,0.8917,0.8583,0.8857,0.775
Whipping Cream,AttuneDilut,12 Hours,1.2,1,0.775,0.8583,1,0.7292,0.875,0.8917,0.8583,0.8857,0.775
Whipping Cream,AttuneDilut,12 Hours,1.3,1,0.775,0.8583,1,0.7292,0.875,0.8917,0.8583,0.8857,0.775
Whipping Cream,AttuneDilut,12 Hours,1.4,1,0.775,0.8583,1,0.7292,0.875,0.8917,0.8583,0.8857,0.775
Whipping Cream,AttuneDilut,12 Hours,1.5,1,0.775,0.8583,1,0.7292,0.875,0.8917,0.8583,0.8857,0.775
Whipping Cream,AttuneDilut,12 Hours,1.6,1,0.775,0.8583,1,0.7292,0.875,0.8917,0.8583,0.8857,0.775
Whipping Cream,AttuneDilut,12 Hours,1.7,1,0.775,0.8583,1,0.7292,0.875,0.8917,0.8583,0.8857,0.775
Whipping Cream,AttuneDilut,12 Hours,1.8,1,0.775,0.8583,1,0.7292,0.875,0.8917,0.8583,0.8857,0.775
Whipping Cream,AttuneDilut,12 Hours,1.9,1,0.775,0.8583,1,0.7292,0.875,0.8917,0.8583,0.8857,0.775
Whipping Cream,AttuneDilut,12 Hours,2,1,0.9125,0.9125,1,0.7292,0.9583,0.9444,0.9125,0.9081,0.9125
Whipping Cream,AttuneDilut,12 Hours,2.1,1,0.9125,0.9125,1,0.7292,0.9583,0.9444,0.9125,0.9081,0.9125
Whipping Cream,AttuneDilut,12 Hours,2.2,1,0.9125,0.9125,1,0.7292,0.9583,0.9444,0.9125,0.9081,0.9125
Whipping Cream,AttuneDilut,12 Hours,2.3,1,0.9125,0.9125,1,0.7292,0.9583,0.9444,0.9125,0.9081,0.9125
Whipping Cream,AttuneDilut,12 Hours,2.4,0.975,1,1,0.9375,0.7292,0.9792,0.9861,0.975,0.9541,0.975
Whipping Cream,AttuneDilut,12 Hours,2.5,0.95,1,1,0.9167,0.7292,0.9583,0.9688,0.95,0.9309,0.95
Whipping Cream,AttuneDilut,12 Hours,2.6,0.95,1,1,0.9167,0.7292,0.9583,0.9688,0.95,0.9309,0.95
Whipping Cream,AttuneDilut,12 Hours,2.7,0.95,1,1,0.9167,0.7292,0.9583,0.9688,0.95,0.9309,0.95
Whipping Cream,AttuneDilut,12 Hours,2.8,0.95,1,1,0.9167,0.7292,0.9583,0.9688,0.95,0.9309,0.95
Whipping Cream,AttuneDilut,12 Hours,2.9,0.8,1,1,0.8854,0.7292,0.9167,0.9388,0.8,0.9023,0.8
Whipping Cream,AttuneDilut,12 Hours,3,0.725,1,1,0.7958,0.7292,0.8542,0.869,0.725,0.8067,0.725
Whipping Cream,AttuneDilut,12 Hours,3.1,0.675,1,1,0.7792,0.7292,0.8125,0.8095,0.675,0.7714,0.675
Whipping Cream,AttuneDilut,12 Hours,3.2,0.675,1,1,0.7792,0.7292,0.8125,0.8095,0.675,0.7714,0.675
Whipping Cream,AttuneDilut,12 Hours,3.3,0.625,1,1,0.7708,0.7292,0.7708,1,0.625,1,0.625
Whipping Cream,AttuneDilut,12 Hours,3.4,0.625,1,1,0.7708,0.7292,0.7708,1,0.625,1,0.625
Whipping Cream,AttuneDilut,12 Hours,3.5,0.625,1,1,0.7708,0.7292,0.7708,1,0.625,1,0.625
Whipping Cream,AttuneDilut,12 Hours,3.6,0.625,1,1,0.7708,0.7292,0.7708,1,0.625,1,0.625
Whipping Cream,AttuneDilut,12 Hours,3.7,0.625,1,1,0.7708,0.7292,0.7708,1,0.625,1,0.625
Whipping Cream,AttuneDilut,12 Hours,3.8,0.625,1,1,0.7708,0.7292,0.7708,1,0.625,1,0.625
Whipping Cream,AttuneDilut,12 Hours,3.9,0.625,1,1,0.7708,0.7292,0.7708,1,0.625,1,0.625
Whipping Cream,AttuneDilut,12 Hours,4,0.6,1,1,0.7083,0.7292,0.75,0.9778,0.6,0.9265,0.6
Whipping Cream,AttuneDilut,12 Hours,4.1,0.55,1,1,0.6771,0.7292,0.7083,0.9143,0.55,0.8632,0.55
Whipping Cream,AttuneDilut,12 Hours,4.2,0.525,1,1,0.6708,0.7292,0.6875,0.8667,0.525,0.84,0.525
Whipping Cream,AttuneDilut,12 Hours,4.3,0.4,1,1,0.5667,0.7292,0.5833,0.8333,0.4,0.8,0.4
Whipping Cream,AttuneDilut,12 Hours,4.4,0.375,1,1,0.5625,0.7292,0.5625,1,0.375,1,0.375
Whipping Cream,AttuneDilut,12 Hours,4.5,0.3,1,1,0.4167,0.7292,0.5,0.8796,0.3,0.6932,0.3
Whipping Cream,AttuneDilut,12 Hours,4.6,0.3,1,1,0.4167,0.7292,0.5,0.8796,0.3,0.6932,0.3
Whipping Cream,AttuneDilut,12 Hours,4.7,0.275,1,1,0.4062,0.7292,0.4792,0.8201,0.275,0.6496,0.275
Whipping Cream,AttuneDilut,12 Hours,4.8,0.275,1,1,0.4062,0.7292,0.4792,0.8201,0.275,0.6496,0.275
Whipping Cream,AttuneDilut,12 Hours,4.9,0.2438,1,1,0.3646,0.7292,0.4583,0.7725,0.2438,0.5519,0.2438
Whipping Cream,AttuneDilut,12 Hours,5,0.2188,1,1,0.3438,0.7292,0.4375,0.7262,0.2188,0.4902,0.2188
Whipping Cream,AttuneDilut,12 Hours,5.1,0.1938,1,1,0.3375,0.7292,0.4167,0.6468,0.1938,0.4514,0.1938
Whipping Cream,AttuneDilut,12 Hours,5.2,0.1938,1,1,0.3375,0.7292,0.4167,0.6468,0.1938,0.4514,0.1938
Whipping Cream,AttuneDilut,12 Hours,5.3,0.1375,1,1,0.30620000000000003,0.7292,0.375,0.5238,0.1375,0.3387,0.1375
Whipping Cream,AttuneDilut,12 Hours,5.4,0.0813,1,1,0.2875,0.7292,0.3333,0.3556,0.0813,0.2387,0.0812
Whipping Cream,AttuneDilut,12 Hours,5.5,0.0813,1,1,0.2875,0.7292,0.3333,0.3556,0.0813,0.2387,0.0812
Whipping Cream,AttuneDilut,12 Hours,5.6,0.05,1,1,0.2792,0.7292,0.3125,0.3333,0.05,0.2,0.05
Whipping Cream,AttuneDilut,12 Hours,5.7,0.025,1,1,0.275,0.7292,0.2917,0.3333,0.025,0.2,0.025
Whipping Cream,AttuneDilut,12 Hours,5.8,0,1,NA,0.2708,0.7292,0.2708,NA,0,NA,0
Whipping Cream,AttuneDilut,12 Hours,5.9,0,1,NA,0.2708,0.7292,0.2708,NA,0,NA,0
Whipping Cream,AttuneDilut,12 Hours,6,0,1,NA,0.2708,0.7292,0.2708,NA,0,NA,0
Whipping Cream,AttuneDilut,12 Hours,6.1,0,1,NA,0.2708,0.7292,0.2708,NA,0,NA,0
Whipping Cream,AttuneDilut,12 Hours,6.2,0,1,NA,0.2708,0.7292,0.2708,NA,0,NA,0
Whipping Cream,AttuneDilut,12 Hours,6.3,0,1,NA,0.2708,0.7292,0.2708,NA,0,NA,0
Whipping Cream,AttuneDilut,12 Hours,6.4,0,1,NA,0.2708,0.7292,0.2708,NA,0,NA,0
Whipping Cream,AttuneDilut,12 Hours,6.5,0,1,NA,0.2708,0.7292,0.2708,NA,0,NA,0
Whipping Cream,AttuneDilut,12 Hours,6.6,0,1,NA,0.2708,0.7292,0.2708,NA,0,NA,0
Whipping Cream,AttuneDilut,12 Hours,6.7,0,1,NA,0.2708,0.7292,0.2708,NA,0,NA,0
Whipping Cream,AttuneDilut,12 Hours,6.8,0,1,NA,0.2708,0.7292,0.2708,NA,0,NA,0
Whipping Cream,AttuneDilut,12 Hours,6.9,0,1,NA,0.2708,0.7292,0.2708,NA,0,NA,0
Whipping Cream,AttuneDilut,12 Hours,7,0,1,NA,0.2708,0.7292,0.2708,NA,0,NA,0
Whipping Cream,AttuneDilut,12 Hours,7.1,0,1,NA,0.2708,0.7292,0.2708,NA,0,NA,0
Whipping Cream,AttuneDilut,12 Hours,7.2,0,1,NA,0.2708,0.7292,0.2708,NA,0,NA,0
Whipping Cream,AttuneDilut,12 Hours,7.3,0,1,NA,0.2708,0.7292,0.2708,NA,0,NA,0
Whipping Cream,AttuneDilut,12 Hours,7.4,0,1,NA,0.2708,0.7292,0.2708,NA,0,NA,0
Whipping Cream,AttuneDilut,12 Hours,7.5,0,1,NA,0.2708,0.7292,0.2708,NA,0,NA,0
Whipping Cream,AttuneDilut,12 Hours,7.6,0,1,NA,0.2708,0.7292,0.2708,NA,0,NA,0
Whipping Cream,AttuneDilut,12 Hours,7.7,0,1,NA,0.2708,0.7292,0.2708,NA,0,NA,0
Whipping Cream,AttuneDilut,12 Hours,7.8,0,1,NA,0.2708,0.7292,0.2708,NA,0,NA,0
Whipping Cream,AttuneDilut,24 Hours,-0.4,1,0,0.75,NA,0.75,0.75,0.8312,0.75,NA,0
Whipping Cream,AttuneDilut,24 Hours,-0.3,1,0.45,0.8333,1,0.75,0.875,0.892,0.8333,0.8618,0.45
Whipping Cream,AttuneDilut,24 Hours,-0.2,1,0.45,0.8333,1,0.75,0.875,0.892,0.8333,0.8618,0.45
Whipping Cream,AttuneDilut,24 Hours,-0.1,1,0.45,0.8333,1,0.75,0.875,0.892,0.8333,0.8618,0.45
Whipping Cream,AttuneDilut,24 Hours,0,1,0.45,0.8333,1,0.75,0.875,0.892,0.8333,0.8618,0.45
Whipping Cream,AttuneDilut,24 Hours,0.1,1,0.45,0.8333,1,0.75,0.875,0.892,0.8333,0.8618,0.45
Whipping Cream,AttuneDilut,24 Hours,0.2,1,0.45,0.8333,1,0.75,0.875,0.892,0.8333,0.8618,0.45
Whipping Cream,AttuneDilut,24 Hours,0.3,1,0.45,0.8333,1,0.75,0.875,0.892,0.8333,0.8618,0.45
Whipping Cream,AttuneDilut,24 Hours,0.4,1,0.45,0.8333,1,0.75,0.875,0.892,0.8333,0.8618,0.45
Whipping Cream,AttuneDilut,24 Hours,0.5,1,0.45,0.8333,1,0.75,0.875,0.892,0.8333,0.8618,0.45
Whipping Cream,AttuneDilut,24 Hours,0.6,1,0.45,0.8333,1,0.75,0.875,0.892,0.8333,0.8618,0.45
Whipping Cream,AttuneDilut,24 Hours,0.7,1,0.45,0.8333,1,0.75,0.875,0.892,0.8333,0.8618,0.45
Whipping Cream,AttuneDilut,24 Hours,0.8,1,0.45,0.8333,1,0.75,0.875,0.892,0.8333,0.8618,0.45
Whipping Cream,AttuneDilut,24 Hours,0.9,1,0.45,0.8333,1,0.75,0.875,0.892,0.8333,0.8618,0.45
Whipping Cream,AttuneDilut,24 Hours,1,1,0.45,0.8333,1,0.75,0.875,0.892,0.8333,0.8618,0.45
Whipping Cream,AttuneDilut,24 Hours,1.1,1,0.45,0.8333,1,0.75,0.875,0.892,0.8333,0.8618,0.45
Whipping Cream,AttuneDilut,24 Hours,1.2,1,0.45,0.8333,1,0.75,0.875,0.892,0.8333,0.8618,0.45
Whipping Cream,AttuneDilut,24 Hours,1.3,1,0.45,0.8333,1,0.75,0.875,0.892,0.8333,0.8618,0.45
Whipping Cream,AttuneDilut,24 Hours,1.4,1,0.45,0.8333,1,0.75,0.875,0.892,0.8333,0.8618,0.45
Whipping Cream,AttuneDilut,24 Hours,1.5,1,0.45,0.8333,1,0.75,0.875,0.892,0.8333,0.8618,0.45
Whipping Cream,AttuneDilut,24 Hours,1.6,1,0.45,0.8333,1,0.75,0.875,0.892,0.8333,0.8618,0.45
Whipping Cream,AttuneDilut,24 Hours,1.7,1,0.45,0.8333,1,0.75,0.875,0.892,0.8333,0.8618,0.45
Whipping Cream,AttuneDilut,24 Hours,1.8,1,0.45,0.8333,1,0.75,0.875,0.892,0.8333,0.8618,0.45
Whipping Cream,AttuneDilut,24 Hours,1.9,1,0.45,0.8333,1,0.75,0.875,0.892,0.8333,0.8618,0.45
Whipping Cream,AttuneDilut,24 Hours,2,1,0.875,0.9792,1,0.75,0.9792,0.9886,0.9792,1,0.875
Whipping Cream,AttuneDilut,24 Hours,2.1,1,0.875,0.9792,1,0.75,0.9792,0.9886,0.9792,1,0.875
Whipping Cream,AttuneDilut,24 Hours,2.2,1,0.875,0.9792,1,0.75,0.9792,0.9886,0.9792,1,0.875
Whipping Cream,AttuneDilut,24 Hours,2.3,1,0.875,0.9792,1,0.75,0.9792,0.9886,0.9792,1,0.875
Whipping Cream,AttuneDilut,24 Hours,2.4,1,1,1,1,0.75,1,1,1,1,1
Whipping Cream,AttuneDilut,24 Hours,2.5,1,1,1,1,0.75,1,1,1,1,1
Whipping Cream,AttuneDilut,24 Hours,2.6,1,1,1,1,0.75,1,1,1,1,1
Whipping Cream,AttuneDilut,24 Hours,2.7,1,1,1,1,0.75,1,1,1,1,1
Whipping Cream,AttuneDilut,24 Hours,2.8,1,1,1,1,0.75,1,1,1,1,1
Whipping Cream,AttuneDilut,24 Hours,2.9,1,1,1,1,0.75,1,1,1,1,1
Whipping Cream,AttuneDilut,24 Hours,3,1,1,1,1,0.75,1,1,1,1,1
Whipping Cream,AttuneDilut,24 Hours,3.1,1,1,1,1,0.75,1,1,1,1,1
Whipping Cream,AttuneDilut,24 Hours,3.2,1,1,1,1,0.75,1,1,1,1,1
Whipping Cream,AttuneDilut,24 Hours,3.3,1,1,1,1,0.75,1,1,1,1,1
Whipping Cream,AttuneDilut,24 Hours,3.4,0.95,1,1,0.9167,0.75,0.9583,0.9688,0.95,0.9309,0.95
Whipping Cream,AttuneDilut,24 Hours,3.5,0.925,1,1,0.9062,0.75,0.9375,0.9464,0.925,0.9145,0.925
Whipping Cream,AttuneDilut,24 Hours,3.6,0.9,1,1,0.8438,0.75,0.9167,0.9325,0.9,0.8686,0.9
Whipping Cream,AttuneDilut,24 Hours,3.7,0.85,1,1,0.8333,0.75,0.875,0.9841,0.85,0.9475,0.85
Whipping Cream,AttuneDilut,24 Hours,3.8,0.85,1,1,0.8333,0.75,0.875,0.9841,0.85,0.9475,0.85
Whipping Cream,AttuneDilut,24 Hours,3.9,0.825,1,1,0.8125,0.75,0.8542,0.9643,0.825,0.921,0.825
Whipping Cream,AttuneDilut,24 Hours,4,0.8,1,1,0.8021,0.75,0.8333,0.9388,0.8,0.9023,0.8
Whipping Cream,AttuneDilut,24 Hours,4.1,0.8,1,1,0.8021,0.75,0.8333,0.9388,0.8,0.9023,0.8
Whipping Cream,AttuneDilut,24 Hours,4.2,0.725,1,1,0.7125,0.75,0.7708,0.869,0.725,0.8067,0.725
Whipping Cream,AttuneDilut,24 Hours,4.3,0.7,1,1,0.7021,0.75,0.75,0.8435,0.7,0.788,0.7
Whipping Cream,AttuneDilut,24 Hours,4.4,0.7,1,1,0.7021,0.75,0.75,0.8435,0.7,0.788,0.7
Whipping Cream,AttuneDilut,24 Hours,4.5,0.675,1,1,0.6958,0.75,0.7292,0.8095,0.675,0.7714,0.675
Whipping Cream,AttuneDilut,24 Hours,4.6,0.65,1,1,0.6917,0.75,0.7083,0.8889,0.65,0.8667,0.65
Whipping Cream,AttuneDilut,24 Hours,4.7,0.5,1,1,0.6083,0.75,0.6667,0.8444,0.5,0.7665,0.5
Whipping Cream,AttuneDilut,24 Hours,4.8,0.475,1,1,0.5875,0.75,0.6458,0.8167,0.475,0.7294,0.475
Whipping Cream,AttuneDilut,24 Hours,4.9,0.45,1,1,0.5771,0.75,0.625,0.781,0.45,0.7032,0.45
Whipping Cream,AttuneDilut,24 Hours,5,0.45,1,1,0.5771,0.75,0.625,0.781,0.45,0.7032,0.45
Whipping Cream,AttuneDilut,24 Hours,5.1,0.425,1,1,0.5708,0.75,0.6042,0.7333,0.425,0.68,0.425
Whipping Cream,AttuneDilut,24 Hours,5.2,0.425,1,1,0.5708,0.75,0.6042,0.7333,0.425,0.68,0.425
Whipping Cream,AttuneDilut,24 Hours,5.3,0.425,1,1,0.5708,0.75,0.6042,0.7333,0.425,0.68,0.425
Whipping Cream,AttuneDilut,24 Hours,5.4,0.4,1,1,0.5667,0.75,0.5833,0.8333,0.4,0.8,0.4
Whipping Cream,AttuneDilut,24 Hours,5.5,0.4,1,1,0.5667,0.75,0.5833,0.8333,0.4,0.8,0.4
Whipping Cream,AttuneDilut,24 Hours,5.6,0.4,1,1,0.5667,0.75,0.5833,0.8333,0.4,0.8,0.4
Whipping Cream,AttuneDilut,24 Hours,5.7,0.4,1,1,0.5667,0.75,0.5833,0.8333,0.4,0.8,0.4
Whipping Cream,AttuneDilut,24 Hours,5.8,0.375,1,1,0.5625,0.75,0.5625,1,0.375,1,0.375
Whipping Cream,AttuneDilut,24 Hours,5.9,0.375,1,1,0.5625,0.75,0.5625,1,0.375,1,0.375
Whipping Cream,AttuneDilut,24 Hours,6,0.375,1,1,0.5625,0.75,0.5625,1,0.375,1,0.375
Whipping Cream,AttuneDilut,24 Hours,6.1,0.375,1,1,0.5625,0.75,0.5625,1,0.375,1,0.375
Whipping Cream,AttuneDilut,24 Hours,6.2,0.375,1,1,0.5625,0.75,0.5625,1,0.375,1,0.375
Whipping Cream,AttuneDilut,24 Hours,6.3,0.375,1,1,0.5625,0.75,0.5625,1,0.375,1,0.375
Whipping Cream,AttuneDilut,24 Hours,6.4,0.375,1,1,0.5625,0.75,0.5625,1,0.375,1,0.375
Whipping Cream,AttuneDilut,24 Hours,6.5,0.375,1,1,0.5625,0.75,0.5625,1,0.375,1,0.375
Whipping Cream,AttuneDilut,24 Hours,6.6,0.375,1,1,0.5625,0.75,0.5625,1,0.375,1,0.375
Whipping Cream,AttuneDilut,24 Hours,6.7,0.375,1,1,0.5625,0.75,0.5625,1,0.375,1,0.375
Whipping Cream,AttuneDilut,24 Hours,6.8,0.375,1,1,0.5625,0.75,0.5625,1,0.375,1,0.375
Whipping Cream,AttuneDilut,24 Hours,6.9,0.35,1,1,0.5,0.75,0.5417,0.963,0.35,0.8775,0.35
Whipping Cream,AttuneDilut,24 Hours,7,0.325,1,1,0.4792,0.75,0.5208,0.9167,0.325,0.8157,0.325
Whipping Cream,AttuneDilut,24 Hours,7.1,0.325,1,1,0.4792,0.75,0.5208,0.9167,0.325,0.8157,0.325
Whipping Cream,AttuneDilut,24 Hours,7.2,0.275,1,1,0.4625,0.75,0.4792,0.7778,0.275,0.7333,0.275
Whipping Cream,AttuneDilut,24 Hours,7.3,0.25,1,1,0.4583,0.75,0.4583,1,0.25,1,0.25
Whipping Cream,AttuneDilut,24 Hours,7.4,0.225,1,1,0.3958,0.75,0.4375,0.9444,0.225,0.8162,0.225
Whipping Cream,AttuneDilut,24 Hours,7.5,0.175,1,1,0.3646,0.75,0.3958,0.7857,0.175,0.6581,0.175
Whipping Cream,AttuneDilut,24 Hours,7.6,0.1,1,1,0.2917,0.75,0.3333,0.8889,0.1,0.6325,0.1
Whipping Cream,AttuneDilut,24 Hours,7.7,0.05,1,1,0.2604,0.75,0.2917,0.5714,0.05,0.3162,0.05
Whipping Cream,AttuneDilut,24 Hours,7.8,0,1,NA,0.25,0.75,0.25,NA,0,NA,0
Whipping Cream,AttuneDilut,48 Hours,-0.4,1,0,0.7917,NA,0.7917,0.7917,0.8788,0.7917,NA,0
Whipping Cream,AttuneDilut,48 Hours,-0.3,1,0.8333,0.9479,1,0.7917,0.9583,0.9708,0.9479,0.9582,0.8333
Whipping Cream,AttuneDilut,48 Hours,-0.2,1,0.8333,0.9479,1,0.7917,0.9583,0.9708,0.9479,0.9582,0.8333
Whipping Cream,AttuneDilut,48 Hours,-0.1,1,0.8333,0.9479,1,0.7917,0.9583,0.9708,0.9479,0.9582,0.8333
Whipping Cream,AttuneDilut,48 Hours,0,1,0.8333,0.9479,1,0.7917,0.9583,0.9708,0.9479,0.9582,0.8333
Whipping Cream,AttuneDilut,48 Hours,0.1,1,0.8333,0.9479,1,0.7917,0.9583,0.9708,0.9479,0.9582,0.8333
Whipping Cream,AttuneDilut,48 Hours,0.2,1,0.8333,0.9479,1,0.7917,0.9583,0.9708,0.9479,0.9582,0.8333
Whipping Cream,AttuneDilut,48 Hours,0.3,1,0.8333,0.9479,1,0.7917,0.9583,0.9708,0.9479,0.9582,0.8333
Whipping Cream,AttuneDilut,48 Hours,0.4,1,0.8333,0.9479,1,0.7917,0.9583,0.9708,0.9479,0.9582,0.8333
Whipping Cream,AttuneDilut,48 Hours,0.5,1,0.8333,0.9479,1,0.7917,0.9583,0.9708,0.9479,0.9582,0.8333
Whipping Cream,AttuneDilut,48 Hours,0.6,1,0.8333,0.9479,1,0.7917,0.9583,0.9708,0.9479,0.9582,0.8333
Whipping Cream,AttuneDilut,48 Hours,0.7,1,0.8333,0.9479,1,0.7917,0.9583,0.9708,0.9479,0.9582,0.8333
Whipping Cream,AttuneDilut,48 Hours,0.8,1,0.8333,0.9479,1,0.7917,0.9583,0.9708,0.9479,0.9582,0.8333
Whipping Cream,AttuneDilut,48 Hours,0.9,1,0.8333,0.9479,1,0.7917,0.9583,0.9708,0.9479,0.9582,0.8333
Whipping Cream,AttuneDilut,48 Hours,1,1,0.8333,0.9479,1,0.7917,0.9583,0.9708,0.9479,0.9582,0.8333
Whipping Cream,AttuneDilut,48 Hours,1.1,1,0.8333,0.9479,1,0.7917,0.9583,0.9708,0.9479,0.9582,0.8333
Whipping Cream,AttuneDilut,48 Hours,1.2,1,0.8333,0.9479,1,0.7917,0.9583,0.9708,0.9479,0.9582,0.8333
Whipping Cream,AttuneDilut,48 Hours,1.3,1,0.8333,0.9479,1,0.7917,0.9583,0.9708,0.9479,0.9582,0.8333
Whipping Cream,AttuneDilut,48 Hours,1.4,1,0.8333,0.9479,1,0.7917,0.9583,0.9708,0.9479,0.9582,0.8333
Whipping Cream,AttuneDilut,48 Hours,1.5,1,0.8333,0.9479,1,0.7917,0.9583,0.9708,0.9479,0.9582,0.8333
Whipping Cream,AttuneDilut,48 Hours,1.6,1,0.8333,0.9479,1,0.7917,0.9583,0.9708,0.9479,0.9582,0.8333
Whipping Cream,AttuneDilut,48 Hours,1.7,1,0.8333,0.9479,1,0.7917,0.9583,0.9708,0.9479,0.9582,0.8333
Whipping Cream,AttuneDilut,48 Hours,1.8,1,0.8333,0.9479,1,0.7917,0.9583,0.9708,0.9479,0.9582,0.8333
Whipping Cream,AttuneDilut,48 Hours,1.9,1,0.8333,0.9479,1,0.7917,0.9583,0.9708,0.9479,0.9582,0.8333
Whipping Cream,AttuneDilut,48 Hours,2,1,0.8333,0.9479,1,0.7917,0.9583,0.9708,0.9479,0.9582,0.8333
Whipping Cream,AttuneDilut,48 Hours,2.1,1,0.8333,0.9479,1,0.7917,0.9583,0.9708,0.9479,0.9582,0.8333
Whipping Cream,AttuneDilut,48 Hours,2.2,1,0.8333,0.9479,1,0.7917,0.9583,0.9708,0.9479,0.9582,0.8333
Whipping Cream,AttuneDilut,48 Hours,2.3,1,0.8333,0.9479,1,0.7917,0.9583,0.9708,0.9479,0.9582,0.8333
Whipping Cream,AttuneDilut,48 Hours,2.4,1,0.8333,0.9479,1,0.7917,0.9583,0.9708,0.9479,0.9582,0.8333
Whipping Cream,AttuneDilut,48 Hours,2.5,1,1,1,1,0.7917,1,1,1,1,1
Whipping Cream,AttuneDilut,48 Hours,2.6,1,1,1,1,0.7917,1,1,1,1,1
Whipping Cream,AttuneDilut,48 Hours,2.7,1,1,1,1,0.7917,1,1,1,1,1
Whipping Cream,AttuneDilut,48 Hours,2.8,1,1,1,1,0.7917,1,1,1,1,1
Whipping Cream,AttuneDilut,48 Hours,2.9,1,1,1,1,0.7917,1,1,1,1,1
Whipping Cream,AttuneDilut,48 Hours,3,1,1,1,1,0.7917,1,1,1,1,1
Whipping Cream,AttuneDilut,48 Hours,3.1,1,1,1,1,0.7917,1,1,1,1,1
Whipping Cream,AttuneDilut,48 Hours,3.2,1,1,1,1,0.7917,1,1,1,1,1
Whipping Cream,AttuneDilut,48 Hours,3.3,0.975,1,1,0.9375,0.7917,0.9792,0.9861,0.975,0.9541,0.975
Whipping Cream,AttuneDilut,48 Hours,3.4,0.975,1,1,0.9375,0.7917,0.9792,0.9861,0.975,0.9541,0.975
Whipping Cream,AttuneDilut,48 Hours,3.5,0.925,1,1,0.8542,0.7917,0.9375,0.9549,0.925,0.885,0.925
Whipping Cream,AttuneDilut,48 Hours,3.6,0.9,1,1,0.7917,0.7917,0.9167,0.941,0.9,0.839,0.9
Whipping Cream,AttuneDilut,48 Hours,3.7,0.825,1,1,0.7542,0.7917,0.8542,0.8715,0.825,0.785,0.825
Whipping Cream,AttuneDilut,48 Hours,3.8,0.8,1,1,0.7333,0.7917,0.8333,0.8542,0.8,0.7618,0.8
Whipping Cream,AttuneDilut,48 Hours,3.9,0.725,1,1,0.7125,0.7917,0.7708,0.869,0.725,0.8067,0.725
Whipping Cream,AttuneDilut,48 Hours,4,0.725,1,1,0.7125,0.7917,0.7708,0.869,0.725,0.8067,0.725
Whipping Cream,AttuneDilut,48 Hours,4.1,0.7,1,1,0.65,0.7917,0.75,0.8532,0.7,0.7542,0.7
Whipping Cream,AttuneDilut,48 Hours,4.2,0.7,1,1,0.65,0.7917,0.75,0.8532,0.7,0.7542,0.7
Whipping Cream,AttuneDilut,48 Hours,4.3,0.65,1,1,0.6188,0.7917,0.7083,0.8078,0.65,0.7091,0.65
Whipping Cream,AttuneDilut,48 Hours,4.4,0.625,1,1,0.6146,0.7917,0.6875,0.8869,0.625,0.7939,0.625
Whipping Cream,AttuneDilut,48 Hours,4.5,0.6,1,1,0.6042,0.7917,0.6667,0.8571,0.6,0.7721,0.6
Whipping Cream,AttuneDilut,48 Hours,4.6,0.6,1,1,0.6042,0.7917,0.6667,0.8571,0.6,0.7721,0.6
Whipping Cream,AttuneDilut,48 Hours,4.7,0.575,1,1,0.5979,0.7917,0.6458,0.8175,0.575,0.7527,0.575
Whipping Cream,AttuneDilut,48 Hours,4.8,0.575,1,1,0.5979,0.7917,0.6458,0.8175,0.575,0.7527,0.575
Whipping Cream,AttuneDilut,48 Hours,4.9,0.575,1,1,0.5979,0.7917,0.6458,0.8175,0.575,0.7527,0.575
Whipping Cream,AttuneDilut,48 Hours,5,0.575,1,1,0.5979,0.7917,0.6458,0.8175,0.575,0.7527,0.575
Whipping Cream,AttuneDilut,48 Hours,5.1,0.575,1,1,0.5979,0.7917,0.6458,0.8175,0.575,0.7527,0.575
Whipping Cream,AttuneDilut,48 Hours,5.2,0.55,1,1,0.5917,0.7917,0.625,0.7778,0.55,0.7333,0.55
Whipping Cream,AttuneDilut,48 Hours,5.3,0.55,1,1,0.5917,0.7917,0.625,0.7778,0.55,0.7333,0.55
Whipping Cream,AttuneDilut,48 Hours,5.4,0.525,1,1,0.5292,0.7917,0.6042,0.7593,0.525,0.6721,0.525
Whipping Cream,AttuneDilut,48 Hours,5.5,0.525,1,1,0.5292,0.7917,0.6042,0.7593,0.525,0.6721,0.525
Whipping Cream,AttuneDilut,48 Hours,5.6,0.525,1,1,0.5292,0.7917,0.6042,0.7593,0.525,0.6721,0.525
Whipping Cream,AttuneDilut,48 Hours,5.7,0.5,1,1,0.5083,0.7917,0.5833,0.7361,0.5,0.6412,0.5
Whipping Cream,AttuneDilut,48 Hours,5.8,0.475,1,1,0.5042,0.7917,0.5625,0.8167,0.475,0.7294,0.475
Whipping Cream,AttuneDilut,48 Hours,5.9,0.375,1,1,0.3479,0.7917,0.4792,0.7087,0.375,0.5192,0.375
Whipping Cream,AttuneDilut,48 Hours,6,0.35,1,1,0.3438,0.7917,0.4583,0.8026,0.35,0.599,0.35
Whipping Cream,AttuneDilut,48 Hours,6.1,0.275,1,1,0.3208,0.7917,0.3958,0.6389,0.275,0.5081,0.275
Whipping Cream,AttuneDilut,48 Hours,6.2,0.25,1,1,0.3167,0.7917,0.375,0.7407,0.25,0.6108,0.25
Whipping Cream,AttuneDilut,48 Hours,6.3,0.2,1,1,0.2917,0.7917,0.3333,0.875,0.2,0.7236,0.2
Whipping Cream,AttuneDilut,48 Hours,6.4,0.2,1,1,0.2917,0.7917,0.3333,0.875,0.2,0.7236,0.2
Whipping Cream,AttuneDilut,48 Hours,6.5,0.125,1,1,0.2708,0.7917,0.2708,1,0.125,1,0.125
Whipping Cream,AttuneDilut,48 Hours,6.6,0.125,1,1,0.2708,0.7917,0.2708,1,0.125,1,0.125
Whipping Cream,AttuneDilut,48 Hours,6.7,0.125,1,1,0.2708,0.7917,0.2708,1,0.125,1,0.125
Whipping Cream,AttuneDilut,48 Hours,6.8,0.125,1,1,0.2708,0.7917,0.2708,1,0.125,1,0.125
Whipping Cream,AttuneDilut,48 Hours,6.9,0.125,1,1,0.2708,0.7917,0.2708,1,0.125,1,0.125
Whipping Cream,AttuneDilut,48 Hours,7,0.125,1,1,0.2708,0.7917,0.2708,1,0.125,1,0.125
Whipping Cream,AttuneDilut,48 Hours,7.1,0.125,1,1,0.2708,0.7917,0.2708,1,0.125,1,0.125
Whipping Cream,AttuneDilut,48 Hours,7.2,0.125,1,1,0.2708,0.7917,0.2708,1,0.125,1,0.125
Whipping Cream,AttuneDilut,48 Hours,7.3,0.0417,1,1,0.2208,0.7917,0.2292,0.5,0.0417,0.4472,0.0417
Whipping Cream,AttuneDilut,48 Hours,7.4,0.0417,1,1,0.2208,0.7917,0.2292,0.5,0.0417,0.4472,0.0417
Whipping Cream,AttuneDilut,48 Hours,7.5,0,1,NA,0.2083,0.7917,0.2083,NA,0,NA,0
Whipping Cream,AttuneDilut,48 Hours,7.6,0,1,NA,0.2083,0.7917,0.2083,NA,0,NA,0
Whipping Cream,AttuneDilut,48 Hours,7.7,0,1,NA,0.2083,0.7917,0.2083,NA,0,NA,0
Whipping Cream,AttuneDilut,48 Hours,7.8,0,1,NA,0.2083,0.7917,0.2083,NA,0,NA,0
Whipping Cream,AttuneDilut,72 Hours,-0.4,1,0,0.7917,NA,0.7917,0.7917,0.8788,0.7917,NA,0
Whipping Cream,AttuneDilut,72 Hours,-0.3,1,0.5417,0.8875,1,0.7917,0.8958,0.9347,0.8875,0.8894,0.5417
Whipping Cream,AttuneDilut,72 Hours,-0.2,1,0.5417,0.8875,1,0.7917,0.8958,0.9347,0.8875,0.8894,0.5417
Whipping Cream,AttuneDilut,72 Hours,-0.1,1,0.5417,0.8875,1,0.7917,0.8958,0.9347,0.8875,0.8894,0.5417
Whipping Cream,AttuneDilut,72 Hours,0,1,0.5417,0.8875,1,0.7917,0.8958,0.9347,0.8875,0.8894,0.5417
Whipping Cream,AttuneDilut,72 Hours,0.1,1,0.5417,0.8875,1,0.7917,0.8958,0.9347,0.8875,0.8894,0.5417
Whipping Cream,AttuneDilut,72 Hours,0.2,1,0.5417,0.8875,1,0.7917,0.8958,0.9347,0.8875,0.8894,0.5417
Whipping Cream,AttuneDilut,72 Hours,0.3,1,0.5417,0.8875,1,0.7917,0.8958,0.9347,0.8875,0.8894,0.5417
Whipping Cream,AttuneDilut,72 Hours,0.4,1,0.5417,0.8875,1,0.7917,0.8958,0.9347,0.8875,0.8894,0.5417
Whipping Cream,AttuneDilut,72 Hours,0.5,1,0.5417,0.8875,1,0.7917,0.8958,0.9347,0.8875,0.8894,0.5417
Whipping Cream,AttuneDilut,72 Hours,0.6,1,0.5417,0.8875,1,0.7917,0.8958,0.9347,0.8875,0.8894,0.5417
Whipping Cream,AttuneDilut,72 Hours,0.7,1,0.5417,0.8875,1,0.7917,0.8958,0.9347,0.8875,0.8894,0.5417
Whipping Cream,AttuneDilut,72 Hours,0.8,1,0.5417,0.8875,1,0.7917,0.8958,0.9347,0.8875,0.8894,0.5417
Whipping Cream,AttuneDilut,72 Hours,0.9,1,0.5417,0.8875,1,0.7917,0.8958,0.9347,0.8875,0.8894,0.5417
Whipping Cream,AttuneDilut,72 Hours,1,1,0.5417,0.8875,1,0.7917,0.8958,0.9347,0.8875,0.8894,0.5417
Whipping Cream,AttuneDilut,72 Hours,1.1,1,0.5417,0.8875,1,0.7917,0.8958,0.9347,0.8875,0.8894,0.5417
Whipping Cream,AttuneDilut,72 Hours,1.2,1,0.5417,0.8875,1,0.7917,0.8958,0.9347,0.8875,0.8894,0.5417
Whipping Cream,AttuneDilut,72 Hours,1.3,1,0.5417,0.8875,1,0.7917,0.8958,0.9347,0.8875,0.8894,0.5417
Whipping Cream,AttuneDilut,72 Hours,1.4,1,0.5417,0.8875,1,0.7917,0.8958,0.9347,0.8875,0.8894,0.5417
Whipping Cream,AttuneDilut,72 Hours,1.5,1,0.5417,0.8875,1,0.7917,0.8958,0.9347,0.8875,0.8894,0.5417
Whipping Cream,AttuneDilut,72 Hours,1.6,1,0.5417,0.8875,1,0.7917,0.8958,0.9347,0.8875,0.8894,0.5417
Whipping Cream,AttuneDilut,72 Hours,1.7,1,0.5417,0.8875,1,0.7917,0.8958,0.9347,0.8875,0.8894,0.5417
Whipping Cream,AttuneDilut,72 Hours,1.8,1,0.5417,0.8875,1,0.7917,0.8958,0.9347,0.8875,0.8894,0.5417
Whipping Cream,AttuneDilut,72 Hours,1.9,1,0.5417,0.8875,1,0.7917,0.8958,0.9347,0.8875,0.8894,0.5417
Whipping Cream,AttuneDilut,72 Hours,2,1,0.75,0.9583,1,0.7917,0.9583,0.9773,0.9583,1,0.75
Whipping Cream,AttuneDilut,72 Hours,2.1,1,0.75,0.9583,1,0.7917,0.9583,0.9773,0.9583,1,0.75
Whipping Cream,AttuneDilut,72 Hours,2.2,1,0.75,0.9583,1,0.7917,0.9583,0.9773,0.9583,1,0.75
Whipping Cream,AttuneDilut,72 Hours,2.3,1,0.75,0.9583,1,0.7917,0.9583,0.9773,0.9583,1,0.75
Whipping Cream,AttuneDilut,72 Hours,2.4,1,1,1,1,0.7917,1,1,1,1,1
Whipping Cream,AttuneDilut,72 Hours,2.5,1,1,1,1,0.7917,1,1,1,1,1
Whipping Cream,AttuneDilut,72 Hours,2.6,1,1,1,1,0.7917,1,1,1,1,1
Whipping Cream,AttuneDilut,72 Hours,2.7,0.975,1,1,0.9375,0.7917,0.9792,0.9861,0.975,0.9541,0.975
Whipping Cream,AttuneDilut,72 Hours,2.8,0.975,1,1,0.9375,0.7917,0.9792,0.9861,0.975,0.9541,0.975
Whipping Cream,AttuneDilut,72 Hours,2.9,0.975,1,1,0.9375,0.7917,0.9792,0.9861,0.975,0.9541,0.975
Whipping Cream,AttuneDilut,72 Hours,3,0.95,1,1,0.875,0.7917,0.9583,0.9722,0.95,0.9081,0.95
Whipping Cream,AttuneDilut,72 Hours,3.1,0.95,1,1,0.875,0.7917,0.9583,0.9722,0.95,0.9081,0.95
Whipping Cream,AttuneDilut,72 Hours,3.2,0.925,1,1,0.8542,0.7917,0.9375,0.9549,0.925,0.885,0.925
Whipping Cream,AttuneDilut,72 Hours,3.3,0.9,1,1,0.8438,0.7917,0.9167,0.9325,0.9,0.8686,0.9
Whipping Cream,AttuneDilut,72 Hours,3.4,0.85,1,1,0.7604,0.7917,0.875,0.9013,0.85,0.7995,0.85
Whipping Cream,AttuneDilut,72 Hours,3.5,0.825,1,1,0.7542,0.7917,0.8542,0.8715,0.825,0.785,0.825
Whipping Cream,AttuneDilut,72 Hours,3.6,0.8,1,1,0.7438,0.7917,0.8333,0.8492,0.8,0.7686,0.8
Whipping Cream,AttuneDilut,72 Hours,3.7,0.775,1,1,0.6812,0.7917,0.8125,0.8353,0.775,0.7226,0.775
Whipping Cream,AttuneDilut,72 Hours,3.8,0.75,1,1,0.675,0.7917,0.7917,0.8056,0.75,0.7081,0.75
Whipping Cream,AttuneDilut,72 Hours,3.9,0.725,1,1,0.6125,0.7917,0.7708,0.7917,0.725,0.6622,0.725
Whipping Cream,AttuneDilut,72 Hours,4,0.7,1,1,0.5917,0.7917,0.75,0.7743,0.7,0.639,0.7
Whipping Cream,AttuneDilut,72 Hours,4.1,0.675,1,1,0.5875,0.7917,0.7292,0.8373,0.675,0.7017,0.675
Whipping Cream,AttuneDilut,72 Hours,4.2,0.525,1,1,0.4562,0.7917,0.6042,0.6967,0.525,0.5423,0.525
Whipping Cream,AttuneDilut,72 Hours,4.3,0.475,1,1,0.43120000000000003,0.7917,0.5625,0.7341,0.475,0.5684,0.475
Whipping Cream,AttuneDilut,72 Hours,4.4,0.475,1,1,0.43120000000000003,0.7917,0.5625,0.7341,0.475,0.5684,0.475
Whipping Cream,AttuneDilut,72 Hours,4.5,0.475,1,1,0.43120000000000003,0.7917,0.5625,0.7341,0.475,0.5684,0.475
Whipping Cream,AttuneDilut,72 Hours,4.6,0.425,1,1,0.4146,0.7917,0.5208,0.6647,0.425,0.5272,0.425
Whipping Cream,AttuneDilut,72 Hours,4.7,0.4,1,1,0.4104,0.7917,0.5,0.731,0.4,0.5927,0.4
Whipping Cream,AttuneDilut,72 Hours,4.8,0.375,1,1,0.4042,0.7917,0.4792,0.6833,0.375,0.5694,0.375
Whipping Cream,AttuneDilut,72 Hours,4.9,0.35,1,1,0.3417,0.7917,0.4583,0.6611,0.35,0.4959,0.35
Whipping Cream,AttuneDilut,72 Hours,5,0.35,1,1,0.3417,0.7917,0.4583,0.6611,0.35,0.4959,0.35
Whipping Cream,AttuneDilut,72 Hours,5.1,0.3,1,1,0.3104,0.7917,0.4167,0.5976,0.3,0.4327,0.3
Whipping Cream,AttuneDilut,72 Hours,5.2,0.1917,1,1,0.25,0.7917,0.3542,0.4619,0.1917,0.2959,0.1917
Whipping Cream,AttuneDilut,72 Hours,5.3,0.1917,1,1,0.25,0.7917,0.3542,0.4619,0.1917,0.2959,0.1917
Whipping Cream,AttuneDilut,72 Hours,5.4,0.1667,1,1,0.2438,0.7917,0.3333,0.4143,0.1667,0.2727,0.1667
Whipping Cream,AttuneDilut,72 Hours,5.5,0.1417,1,1,0.2396,0.7917,0.3125,0.4345,0.1417,0.2909,0.1417
Whipping Cream,AttuneDilut,72 Hours,5.6,0.1417,1,1,0.2396,0.7917,0.3125,0.4345,0.1417,0.2909,0.1417
Whipping Cream,AttuneDilut,72 Hours,5.7,0.025,1,1,0.2125,0.7917,0.2292,0.3333,0.025,0.2,0.025
Whipping Cream,AttuneDilut,72 Hours,5.8,0.025,1,1,0.2125,0.7917,0.2292,0.3333,0.025,0.2,0.025
Whipping Cream,AttuneDilut,72 Hours,5.9,0.025,1,1,0.2125,0.7917,0.2292,0.3333,0.025,0.2,0.025
Whipping Cream,AttuneDilut,72 Hours,6,0,1,NA,0.2083,0.7917,0.2083,NA,0,NA,0
Whipping Cream,AttuneDilut,72 Hours,6.1,0,1,NA,0.2083,0.7917,0.2083,NA,0,NA,0
Whipping Cream,AttuneDilut,72 Hours,6.2,0,1,NA,0.2083,0.7917,0.2083,NA,0,NA,0
Whipping Cream,AttuneDilut,72 Hours,6.3,0,1,NA,0.2083,0.7917,0.2083,NA,0,NA,0
Whipping Cream,AttuneDilut,72 Hours,6.4,0,1,NA,0.2083,0.7917,0.2083,NA,0,NA,0
Whipping Cream,AttuneDilut,72 Hours,6.5,0,1,NA,0.2083,0.7917,0.2083,NA,0,NA,0
Whipping Cream,AttuneDilut,72 Hours,6.6,0,1,NA,0.2083,0.7917,0.2083,NA,0,NA,0
Whipping Cream,AttuneDilut,72 Hours,6.7,0,1,NA,0.2083,0.7917,0.2083,NA,0,NA,0
Whipping Cream,AttuneDilut,72 Hours,6.8,0,1,NA,0.2083,0.7917,0.2083,NA,0,NA,0
Whipping Cream,AttuneDilut,72 Hours,6.9,0,1,NA,0.2083,0.7917,0.2083,NA,0,NA,0
Whipping Cream,AttuneDilut,72 Hours,7,0,1,NA,0.2083,0.7917,0.2083,NA,0,NA,0
Whipping Cream,AttuneDilut,72 Hours,7.1,0,1,NA,0.2083,0.7917,0.2083,NA,0,NA,0
Whipping Cream,AttuneDilut,72 Hours,7.2,0,1,NA,0.2083,0.7917,0.2083,NA,0,NA,0
Whipping Cream,AttuneDilut,72 Hours,7.3,0,1,NA,0.2083,0.7917,0.2083,NA,0,NA,0
Whipping Cream,AttuneDilut,72 Hours,7.4,0,1,NA,0.2083,0.7917,0.2083,NA,0,NA,0
Whipping Cream,AttuneDilut,72 Hours,7.5,0,1,NA,0.2083,0.7917,0.2083,NA,0,NA,0
Whipping Cream,AttuneDilut,72 Hours,7.6,0,1,NA,0.2083,0.7917,0.2083,NA,0,NA,0
Whipping Cream,AttuneDilut,72 Hours,7.7,0,1,NA,0.2083,0.7917,0.2083,NA,0,NA,0
Whipping Cream,AttuneDilut,72 Hours,7.8,0,1,NA,0.2083,0.7917,0.2083,NA,0,NA,0
Med Beverage,Charm,6 Hours,0.6,1,0,0.125,NA,0.125,0.125,0.5974,0.125,NA,0
Med Beverage,Charm,6 Hours,0.7,1,0.0208,0.125,1,0.125,0.1458,0.5974,0.125,NA,0
Med Beverage,Charm,6 Hours,0.8,0.8,0.125,0.1146,0.75,0.125,0.2083,0.4762,0.0833,-0.3162,-0.2
Med Beverage,Charm,6 Hours,0.9,0.7,0.4625,0.15,0.8929,0.125,0.4167,0.4524,0.075,0.2581,0.3
Med Beverage,Charm,6 Hours,1,0.5,0.7792,0.05,0.8958,0.125,0.6875,0.4,0.0417,0.3162,0.2
Med Beverage,Charm,6 Hours,1.1,0.5,0.8708,0.1,0.8958,0.125,0.7708,0.6667,0.0833,0.6325,0.4
Med Beverage,Charm,6 Hours,1.2,0,0.9583,0,0.875,0.125,0.8333,NA,0,NA,0
Med Beverage,Charm,6 Hours,1.3,0,1,NA,0.875,0.125,0.875,NA,0,NA,0
Med Beverage,Charm,6 Hours,1.4,0,1,NA,0.875,0.125,0.875,NA,0,NA,0
Med Beverage,Charm,6 Hours,1.5,0,1,NA,0.875,0.125,0.875,NA,0,NA,0
Med Beverage,Charm,6 Hours,1.6,0,1,NA,0.875,0.125,0.875,NA,0,NA,0
Med Beverage,Charm,6 Hours,1.7,0,1,NA,0.875,0.125,0.875,NA,0,NA,0
Med Beverage,Charm,6 Hours,1.8,0,1,NA,0.875,0.125,0.875,NA,0,NA,0
Med Beverage,Charm,6 Hours,1.9,0,1,NA,0.875,0.125,0.875,NA,0,NA,0
Med Beverage,Charm,6 Hours,2,0,1,NA,0.875,0.125,0.875,NA,0,NA,0
Med Beverage,Charm,6 Hours,2.1,0,1,NA,0.875,0.125,0.875,NA,0,NA,0
Med Beverage,Charm,6 Hours,2.2,0,1,NA,0.875,0.125,0.875,NA,0,NA,0
Med Beverage,Charm,6 Hours,2.3,0,1,NA,0.875,0.125,0.875,NA,0,NA,0
Med Beverage,Charm,6 Hours,2.4,0,1,NA,0.875,0.125,0.875,NA,0,NA,0
Med Beverage,Charm,6 Hours,2.5,0,1,NA,0.875,0.125,0.875,NA,0,NA,0
Med Beverage,Charm,6 Hours,2.6,0,1,NA,0.875,0.125,0.875,NA,0,NA,0
Med Beverage,Charm,6 Hours,2.7,0,1,NA,0.875,0.125,0.875,NA,0,NA,0
Med Beverage,Charm,6 Hours,2.8,0,1,NA,0.875,0.125,0.875,NA,0,NA,0
Med Beverage,Charm,6 Hours,2.9,0,1,NA,0.875,0.125,0.875,NA,0,NA,0
Med Beverage,Charm,6 Hours,3,0,1,NA,0.875,0.125,0.875,NA,0,NA,0
Med Beverage,Charm,6 Hours,3.1,0,1,NA,0.875,0.125,0.875,NA,0,NA,0
Med Beverage,Charm,6 Hours,3.2,0,1,NA,0.875,0.125,0.875,NA,0,NA,0
Med Beverage,Charm,6 Hours,3.3,0,1,NA,0.875,0.125,0.875,NA,0,NA,0
Med Beverage,Charm,6 Hours,3.4,0,1,NA,0.875,0.125,0.875,NA,0,NA,0
Med Beverage,Charm,6 Hours,3.5,0,1,NA,0.875,0.125,0.875,NA,0,NA,0
Med Beverage,Charm,6 Hours,3.6,0,1,NA,0.875,0.125,0.875,NA,0,NA,0
Med Beverage,Charm,6 Hours,3.7,0,1,NA,0.875,0.125,0.875,NA,0,NA,0
Med Beverage,Charm,6 Hours,3.8,0,1,NA,0.875,0.125,0.875,NA,0,NA,0
Med Beverage,Charm,6 Hours,3.9,0,1,NA,0.875,0.125,0.875,NA,0,NA,0
Med Beverage,Charm,6 Hours,4,0,1,NA,0.875,0.125,0.875,NA,0,NA,0
Med Beverage,Charm,6 Hours,4.1,0,1,NA,0.875,0.125,0.875,NA,0,NA,0
Med Beverage,Charm,6 Hours,4.2,0,1,NA,0.875,0.125,0.875,NA,0,NA,0
Med Beverage,Charm,6 Hours,4.3,0,1,NA,0.875,0.125,0.875,NA,0,NA,0
Med Beverage,Charm,6 Hours,4.4,0,1,NA,0.875,0.125,0.875,NA,0,NA,0
Med Beverage,Charm,6 Hours,4.5,0,1,NA,0.875,0.125,0.875,NA,0,NA,0
Med Beverage,Charm,6 Hours,4.6,0,1,NA,0.875,0.125,0.875,NA,0,NA,0
Med Beverage,Charm,6 Hours,4.7,0,1,NA,0.875,0.125,0.875,NA,0,NA,0
Med Beverage,Charm,12 Hours,0.6,1,0,0.4375,NA,0.4375,0.4375,0.7844,0.4375,NA,0
Med Beverage,Charm,12 Hours,0.7,1,0,0.4375,NA,0.4375,0.4375,0.7844,0.4375,NA,0
Med Beverage,Charm,12 Hours,0.8,1,0.125,0.4583,1,0.4375,0.4583,0.8026,0.4583,1,0.2
Med Beverage,Charm,12 Hours,0.9,1,0.2,0.4792,1,0.4375,0.5208,0.8455,0.4792,0.7236,0.32
Med Beverage,Charm,12 Hours,1,0.92,0.625,0.6,0.7857,0.4375,0.6875,0.9378,0.5583,0.6865,0.72
Med Beverage,Charm,12 Hours,1.1,0.8,0.7917,0.625,0.8143,0.4375,0.6875,0.8444,0.5,0.7665,0.8
Med Beverage,Charm,12 Hours,1.2,0.52,0.8958,0.6,0.7917,0.4375,0.7292,0.9167,0.3714,0.8157,0.52
Med Beverage,Charm,12 Hours,1.3,0.44,0.9583,0.75,0.775,0.4375,0.75,0.7778,0.3667,0.7333,0.44
Med Beverage,Charm,12 Hours,1.4,0.4,1,1,0.7125,0.4375,0.7708,0.7407,0.4,0.6108,0.4
Med Beverage,Charm,12 Hours,1.5,0.36,1,1,0.7083,0.4375,0.75,0.9444,0.36,0.8162,0.36
Med Beverage,Charm,12 Hours,1.6,0.28,1,1,0.6771,0.4375,0.7083,0.7857,0.28,0.6581,0.28
Med Beverage,Charm,12 Hours,1.7,0.2,1,1,0.6667,0.4375,0.6667,1,0.2,1,0.2
Med Beverage,Charm,12 Hours,1.8,0.2,1,1,0.6667,0.4375,0.6667,1,0.2,1,0.2
Med Beverage,Charm,12 Hours,1.9,0.2,1,1,0.6667,0.4375,0.6667,1,0.2,1,0.2
Med Beverage,Charm,12 Hours,2,0.2,1,1,0.6667,0.4375,0.6667,1,0.2,1,0.2
Med Beverage,Charm,12 Hours,2.1,0.2,1,1,0.6667,0.4375,0.6667,1,0.2,1,0.2
Med Beverage,Charm,12 Hours,2.2,0.2,1,1,0.6667,0.4375,0.6667,1,0.2,1,0.2
Med Beverage,Charm,12 Hours,2.3,0.2,1,1,0.6667,0.4375,0.6667,1,0.2,1,0.2
Med Beverage,Charm,12 Hours,2.4,0.2,1,1,0.6667,0.4375,0.6667,1,0.2,1,0.2
Med Beverage,Charm,12 Hours,2.5,0.2,1,1,0.6667,0.4375,0.6667,1,0.2,1,0.2
Med Beverage,Charm,12 Hours,2.6,0.2,1,1,0.6667,0.4375,0.6667,1,0.2,1,0.2
Med Beverage,Charm,12 Hours,2.7,0.2,1,1,0.6667,0.4375,0.6667,1,0.2,1,0.2
Med Beverage,Charm,12 Hours,2.8,0.2,1,1,0.6667,0.4375,0.6667,1,0.2,1,0.2
Med Beverage,Charm,12 Hours,2.9,0.2,1,1,0.6667,0.4375,0.6667,1,0.2,1,0.2
Med Beverage,Charm,12 Hours,3,0.2,1,1,0.6667,0.4375,0.6667,1,0.2,1,0.2
Med Beverage,Charm,12 Hours,3.1,0.2,1,1,0.6667,0.4375,0.6667,1,0.2,1,0.2
Med Beverage,Charm,12 Hours,3.2,0.2,1,1,0.6667,0.4375,0.6667,1,0.2,1,0.2
Med Beverage,Charm,12 Hours,3.3,0.2,1,1,0.6667,0.4375,0.6667,1,0.2,1,0.2
Med Beverage,Charm,12 Hours,3.4,0.16,1,1,0.6042,0.4375,0.6458,0.8889,0.16,0.6325,0.16
Med Beverage,Charm,12 Hours,3.5,0.12,1,1,0.5833,0.4375,0.625,0.75,0.12,0.4472,0.12
Med Beverage,Charm,12 Hours,3.6,0.04,1,1,0.5667,0.4375,0.5833,0.3333,0.04,0.2,0.04
Med Beverage,Charm,12 Hours,3.7,0,1,NA,0.5625,0.4375,0.5625,NA,0,NA,0
Med Beverage,Charm,12 Hours,3.8,0,1,NA,0.5625,0.4375,0.5625,NA,0,NA,0
Med Beverage,Charm,12 Hours,3.9,0,1,NA,0.5625,0.4375,0.5625,NA,0,NA,0
Med Beverage,Charm,12 Hours,4,0,1,NA,0.5625,0.4375,0.5625,NA,0,NA,0
Med Beverage,Charm,12 Hours,4.1,0,1,NA,0.5625,0.4375,0.5625,NA,0,NA,0
Med Beverage,Charm,12 Hours,4.2,0,1,NA,0.5625,0.4375,0.5625,NA,0,NA,0
Med Beverage,Charm,12 Hours,4.3,0,1,NA,0.5625,0.4375,0.5625,NA,0,NA,0
Med Beverage,Charm,12 Hours,4.4,0,1,NA,0.5625,0.4375,0.5625,NA,0,NA,0
Med Beverage,Charm,12 Hours,4.5,0,1,NA,0.5625,0.4375,0.5625,NA,0,NA,0
Med Beverage,Charm,12 Hours,4.6,0,1,NA,0.5625,0.4375,0.5625,NA,0,NA,0
Med Beverage,Charm,12 Hours,4.7,0,1,NA,0.5625,0.4375,0.5625,NA,0,NA,0
Med Beverage,Charm,24 Hours,0.6,1,0,0.8125,NA,0.8125,0.8125,0.8955,0.8125,NA,0
Med Beverage,Charm,24 Hours,0.7,1,0,0.8125,NA,0.8125,0.8125,0.8955,0.8125,NA,0
Med Beverage,Charm,24 Hours,0.8,1,0,0.8125,NA,0.8125,0.8125,0.8955,0.8125,NA,0
Med Beverage,Charm,24 Hours,0.9,1,0.125,0.8333,1,0.8125,0.8333,0.9068,0.8333,1,0.125
Med Beverage,Charm,24 Hours,1,0.925,0.4375,0.8875,0.6667,0.8125,0.8333,0.8958,0.8208,0.5759,0.3625
Med Beverage,Charm,24 Hours,1.1,0.8,0.875,0.9375,0.775,0.8125,0.8125,0.8274,0.7958,0.6959,0.675
Med Beverage,Charm,24 Hours,1.2,0.8,1,1,0.8,0.8125,0.8333,0.8333,0.8,0.8,0.8
Med Beverage,Charm,24 Hours,1.3,0.775,1,1,0.7958,0.8125,0.8125,0.9048,0.775,0.8857,0.775
Med Beverage,Charm,24 Hours,1.4,0.775,1,1,0.7958,0.8125,0.8125,0.9048,0.775,0.8857,0.775
Med Beverage,Charm,24 Hours,1.5,0.775,1,1,0.7958,0.8125,0.8125,0.9048,0.775,0.8857,0.775
Med Beverage,Charm,24 Hours,1.6,0.775,1,1,0.7958,0.8125,0.8125,0.9048,0.775,0.8857,0.775
Med Beverage,Charm,24 Hours,1.7,0.775,1,1,0.7958,0.8125,0.8125,0.9048,0.775,0.8857,0.775
Med Beverage,Charm,24 Hours,1.8,0.775,1,1,0.7958,0.8125,0.8125,0.9048,0.775,0.8857,0.775
Med Beverage,Charm,24 Hours,1.9,0.75,1,1,0.7333,0.8125,0.7917,0.8889,0.75,0.8332,0.75
Med Beverage,Charm,24 Hours,2,0.75,1,1,0.7333,0.8125,0.7917,0.8889,0.75,0.8332,0.75
Med Beverage,Charm,24 Hours,2.1,0.75,1,1,0.7333,0.8125,0.7917,0.8889,0.75,0.8332,0.75
Med Beverage,Charm,24 Hours,2.2,0.725,1,1,0.6708,0.8125,0.7708,0.873,0.725,0.7807,0.725
Med Beverage,Charm,24 Hours,2.3,0.725,1,1,0.6708,0.8125,0.7708,0.873,0.725,0.7807,0.725
Med Beverage,Charm,24 Hours,2.4,0.65,1,1,0.6333,0.8125,0.7083,0.7937,0.65,0.7189,0.65
Med Beverage,Charm,24 Hours,2.5,0.65,1,1,0.6333,0.8125,0.7083,0.7937,0.65,0.7189,0.65
Med Beverage,Charm,24 Hours,2.6,0.65,1,1,0.6333,0.8125,0.7083,0.7937,0.65,0.7189,0.65
Med Beverage,Charm,24 Hours,2.7,0.65,1,1,0.6333,0.8125,0.7083,0.7937,0.65,0.7189,0.65
Med Beverage,Charm,24 Hours,2.8,0.65,1,1,0.6333,0.8125,0.7083,0.7937,0.65,0.7189,0.65
Med Beverage,Charm,24 Hours,2.9,0.65,1,1,0.6333,0.8125,0.7083,0.7937,0.65,0.7189,0.65
Med Beverage,Charm,24 Hours,3,0.65,1,1,0.6333,0.8125,0.7083,0.7937,0.65,0.7189,0.65
Med Beverage,Charm,24 Hours,3.1,0.65,1,1,0.6333,0.8125,0.7083,0.7937,0.65,0.7189,0.65
Med Beverage,Charm,24 Hours,3.2,0.65,1,1,0.6333,0.8125,0.7083,0.7937,0.65,0.7189,0.65
Med Beverage,Charm,24 Hours,3.3,0.6,1,1,0.6083,0.8125,0.6667,0.8472,0.6,0.7745,0.6
Med Beverage,Charm,24 Hours,3.4,0.575,1,1,0.5979,0.8125,0.6458,0.8175,0.575,0.7527,0.575
Med Beverage,Charm,24 Hours,3.5,0.55,1,1,0.5917,0.8125,0.625,0.7778,0.55,0.7333,0.55
Med Beverage,Charm,24 Hours,3.6,0.525,1,1,0.5875,0.8125,0.6042,0.8667,0.525,0.84,0.525
Med Beverage,Charm,24 Hours,3.7,0.5,1,1,0.5833,0.8125,0.5833,1,0.5,1,0.5
Med Beverage,Charm,24 Hours,3.8,0.5,1,1,0.5833,0.8125,0.5833,1,0.5,1,0.5
Med Beverage,Charm,24 Hours,3.9,0.5,1,1,0.5833,0.8125,0.5833,1,0.5,1,0.5
Med Beverage,Charm,24 Hours,4,0.5,1,1,0.5833,0.8125,0.5833,1,0.5,1,0.5
Med Beverage,Charm,24 Hours,4.1,0.5,1,1,0.5833,0.8125,0.5833,1,0.5,1,0.5
Med Beverage,Charm,24 Hours,4.2,0.4688,1,1,0.5417,0.8125,0.5625,0.9643,0.4688,0.9268,0.4688
Med Beverage,Charm,24 Hours,4.3,0.35,1,1,0.4375,0.8125,0.4792,0.963,0.35,0.8775,0.35
Med Beverage,Charm,24 Hours,4.4,0.3,1,1,0.4062,0.8125,0.4375,0.8571,0.3,0.7721,0.3
Med Beverage,Charm,24 Hours,4.5,0.15,1,1,0.2292,0.8125,0.3125,0.75,0.15,0.4472,0.15
Med Beverage,Charm,24 Hours,4.6,0.05,1,1,0.1958,0.8125,0.2292,0.3333,0.05,0.2,0.05
Med Beverage,Charm,24 Hours,4.7,0,1,NA,0.1875,0.8125,0.1875,NA,0,NA,0
Med Beverage,Charm,48 Hours,0.6,1,0,0.7708,NA,0.7708,0.7708,0.858,0.7708,NA,0
Med Beverage,Charm,48 Hours,0.7,1,0,0.7708,NA,0.7708,0.7708,0.858,0.7708,NA,0
Med Beverage,Charm,48 Hours,0.8,1,0,0.7708,NA,0.7708,0.7708,0.858,0.7708,NA,0
Med Beverage,Charm,48 Hours,0.9,1,0,0.7708,NA,0.7708,0.7708,0.858,0.7708,NA,0
Med Beverage,Charm,48 Hours,1,1,0.3125,0.8333,1,0.7708,0.8542,0.9015,0.8333,0.8333,0.3125
Med Beverage,Charm,48 Hours,1.1,0.95,0.4375,0.8438,0.8,0.7708,0.8333,0.8826,0.8125,0.6368,0.3875
Med Beverage,Charm,48 Hours,1.2,0.875,0.8438,0.9375,0.7381,0.7708,0.8542,0.8872,0.8125,0.7477,0.7188
Med Beverage,Charm,48 Hours,1.3,0.775,0.9688,0.9583,0.7229,0.7708,0.7917,0.8068,0.7333,0.7088,0.7438
Med Beverage,Charm,48 Hours,1.4,0.6375,0.9688,0.9375,0.6125,0.7708,0.7083,0.7034,0.6167,0.5748,0.6062
Med Beverage,Charm,48 Hours,1.5,0.6375,0.9688,0.9375,0.6125,0.7708,0.7083,0.7034,0.6167,0.5748,0.6062
Med Beverage,Charm,48 Hours,1.6,0.6125,0.9688,0.9375,0.6062,0.7708,0.6875,0.6736,0.5917,0.5603,0.5812
Med Beverage,Charm,48 Hours,1.7,0.5625,1,1,0.5875,0.7708,0.6667,0.7262,0.5625,0.64,0.5625
Med Beverage,Charm,48 Hours,1.8,0.5375,1,1,0.525,0.7708,0.6458,0.7103,0.5375,0.5874,0.5375
Med Beverage,Charm,48 Hours,1.9,0.4875,1,1,0.5104,0.7708,0.6042,0.7434,0.4875,0.6302,0.4875
Med Beverage,Charm,48 Hours,2,0.4625,1,1,0.5042,0.7708,0.5833,0.7037,0.4625,0.6108,0.4625
Med Beverage,Charm,48 Hours,2.1,0.4125,1,1,0.4792,0.7708,0.5417,0.75,0.4125,0.6559,0.4125
Med Beverage,Charm,48 Hours,2.2,0.3875,1,1,0.475,0.7708,0.5208,0.8542,0.3875,0.7699,0.3875
Med Beverage,Charm,48 Hours,2.3,0.325,1,1,0.4583,0.7708,0.5,0.9167,0.325,0.8157,0.325
Med Beverage,Charm,48 Hours,2.4,0.325,1,1,0.4583,0.7708,0.5,0.9167,0.325,0.8157,0.325
Med Beverage,Charm,48 Hours,2.5,0.3,1,1,0.4479,0.7708,0.4792,0.8571,0.3,0.7721,0.3
Med Beverage,Charm,48 Hours,2.6,0.3,1,1,0.4479,0.7708,0.4792,0.8571,0.3,0.7721,0.3
Med Beverage,Charm,48 Hours,2.7,0.3,1,1,0.4479,0.7708,0.4792,0.8571,0.3,0.7721,0.3
Med Beverage,Charm,48 Hours,2.8,0.3,1,1,0.4479,0.7708,0.4792,0.8571,0.3,0.7721,0.3
Med Beverage,Charm,48 Hours,2.9,0.3,1,1,0.4479,0.7708,0.4792,0.8571,0.3,0.7721,0.3
Med Beverage,Charm,48 Hours,3,0.275,1,1,0.4417,0.7708,0.4583,0.7778,0.275,0.7333,0.275
Med Beverage,Charm,48 Hours,3.1,0.275,1,1,0.4417,0.7708,0.4583,0.7778,0.275,0.7333,0.275
Med Beverage,Charm,48 Hours,3.2,0.25,1,1,0.4375,0.7708,0.4375,1,0.25,1,0.25
Med Beverage,Charm,48 Hours,3.3,0.25,1,1,0.4375,0.7708,0.4375,1,0.25,1,0.25
Med Beverage,Charm,48 Hours,3.4,0.25,1,1,0.4375,0.7708,0.4375,1,0.25,1,0.25
Med Beverage,Charm,48 Hours,3.5,0.225,1,1,0.375,0.7708,0.4167,0.9444,0.225,0.8162,0.225
Med Beverage,Charm,48 Hours,3.6,0.15,1,1,0.3375,0.7708,0.3542,0.6667,0.15,0.6,0.15
Med Beverage,Charm,48 Hours,3.7,0.15,1,1,0.3375,0.7708,0.3542,0.6667,0.15,0.6,0.15
Med Beverage,Charm,48 Hours,3.8,0.125,1,1,0.3333,0.7708,0.3333,1,0.125,1,0.125
Med Beverage,Charm,48 Hours,3.9,0.1,1,1,0.2708,0.7708,0.3125,0.8889,0.1,0.6325,0.1
Med Beverage,Charm,48 Hours,4,0.025,1,1,0.2333,0.7708,0.25,0.3333,0.025,0.2,0.025
Med Beverage,Charm,48 Hours,4.1,0,1,NA,0.2292,0.7708,0.2292,NA,0,NA,0
Med Beverage,Charm,48 Hours,4.2,0,1,NA,0.2292,0.7708,0.2292,NA,0,NA,0
Med Beverage,Charm,48 Hours,4.3,0,1,NA,0.2292,0.7708,0.2292,NA,0,NA,0
Med Beverage,Charm,48 Hours,4.4,0,1,NA,0.2292,0.7708,0.2292,NA,0,NA,0
Med Beverage,Charm,48 Hours,4.5,0,1,NA,0.2292,0.7708,0.2292,NA,0,NA,0
Med Beverage,Charm,48 Hours,4.6,0,1,NA,0.2292,0.7708,0.2292,NA,0,NA,0
Med Beverage,Charm,48 Hours,4.7,0,1,NA,0.2292,0.7708,0.2292,NA,0,NA,0
Med Beverage,AttuneDilut,6 Hours,-0.4,1,0,0.125,NA,0.125,0.125,0.5974,0.125,NA,0
Med Beverage,AttuneDilut,6 Hours,-0.3,0.6,0.5083,0.1786,0.8857,0.125,0.4375,0.3667,0.0643,0.2581,0.3
Med Beverage,AttuneDilut,6 Hours,-0.2,0.6,0.5083,0.1786,0.8857,0.125,0.4375,0.3667,0.0643,0.2581,0.3
Med Beverage,AttuneDilut,6 Hours,-0.1,0.6,0.5083,0.1786,0.8857,0.125,0.4375,0.3667,0.0643,0.2581,0.3
Med Beverage,AttuneDilut,6 Hours,0,0.6,0.5083,0.1786,0.8857,0.125,0.4375,0.3667,0.0643,0.2581,0.3
Med Beverage,AttuneDilut,6 Hours,0.1,0.6,0.5083,0.1786,0.8857,0.125,0.4375,0.3667,0.0643,0.2581,0.3
Med Beverage,AttuneDilut,6 Hours,0.2,0.6,0.5083,0.1786,0.8857,0.125,0.4375,0.3667,0.0643,0.2581,0.3
Med Beverage,AttuneDilut,6 Hours,0.3,0.6,0.5083,0.1786,0.8857,0.125,0.4375,0.3667,0.0643,0.2581,0.3
Med Beverage,AttuneDilut,6 Hours,0.4,0.6,0.5083,0.1786,0.8857,0.125,0.4375,0.3667,0.0643,0.2581,0.3
Med Beverage,AttuneDilut,6 Hours,0.5,0.6,0.5083,0.1786,0.8857,0.125,0.4375,0.3667,0.0643,0.2581,0.3
Med Beverage,AttuneDilut,6 Hours,0.6,0.6,0.5083,0.1786,0.8857,0.125,0.4375,0.3667,0.0643,0.2581,0.3
Med Beverage,AttuneDilut,6 Hours,0.7,0.6,0.5083,0.1786,0.8857,0.125,0.4375,0.3667,0.0643,0.2581,0.3
Med Beverage,AttuneDilut,6 Hours,0.8,0.6,0.5083,0.1786,0.8857,0.125,0.4375,0.3667,0.0643,0.2581,0.3
Med Beverage,AttuneDilut,6 Hours,0.9,0.6,0.5083,0.1786,0.8857,0.125,0.4375,0.3667,0.0643,0.2581,0.3
Med Beverage,AttuneDilut,6 Hours,1,0.6,0.5083,0.1786,0.8857,0.125,0.4375,0.3667,0.0643,0.2581,0.3
Med Beverage,AttuneDilut,6 Hours,1.1,0.6,0.5083,0.1786,0.8857,0.125,0.4375,0.3667,0.0643,0.2581,0.3
Med Beverage,AttuneDilut,6 Hours,1.2,0.6,0.5083,0.1786,0.8857,0.125,0.4375,0.3667,0.0643,0.2581,0.3
Med Beverage,AttuneDilut,6 Hours,1.3,0.6,0.5083,0.1786,0.8857,0.125,0.4375,0.3667,0.0643,0.2581,0.3
Med Beverage,AttuneDilut,6 Hours,1.4,0.6,0.5083,0.1786,0.8857,0.125,0.4375,0.3667,0.0643,0.2581,0.3
Med Beverage,AttuneDilut,6 Hours,1.5,0.6,0.5083,0.1786,0.8857,0.125,0.4375,0.3667,0.0643,0.2581,0.3
Med Beverage,AttuneDilut,6 Hours,1.6,0.6,0.5083,0.1786,0.8857,0.125,0.4375,0.3667,0.0643,0.2581,0.3
Med Beverage,AttuneDilut,6 Hours,1.7,0.6,0.5083,0.1786,0.8857,0.125,0.4375,0.3667,0.0643,0.2581,0.3
Med Beverage,AttuneDilut,6 Hours,1.8,0.6,0.5083,0.1786,0.8857,0.125,0.4375,0.3667,0.0643,0.2581,0.3
Med Beverage,AttuneDilut,6 Hours,1.9,0.6,0.5083,0.1786,0.8857,0.125,0.4375,0.3667,0.0643,0.2581,0.3
Med Beverage,AttuneDilut,6 Hours,2,0.6,0.5083,0.1786,0.8857,0.125,0.4375,0.3667,0.0643,0.2581,0.3
Med Beverage,AttuneDilut,6 Hours,2.1,0.6,0.5083,0.1786,0.8857,0.125,0.4375,0.3667,0.0643,0.2581,0.3
Med Beverage,AttuneDilut,6 Hours,2.2,0.6,0.5083,0.1786,0.8857,0.125,0.4375,0.3667,0.0643,0.2581,0.3
Med Beverage,AttuneDilut,6 Hours,2.3,0.6,0.5083,0.1786,0.8857,0.125,0.4375,0.3667,0.0643,0.2581,0.3
Med Beverage,AttuneDilut,6 Hours,2.4,0.6,0.5083,0.1786,0.8857,0.125,0.4375,0.3667,0.0643,0.2581,0.3
Med Beverage,AttuneDilut,6 Hours,2.5,0.6,0.5083,0.1786,0.8857,0.125,0.4375,0.3667,0.0643,0.2581,0.3
Med Beverage,AttuneDilut,6 Hours,2.6,0.6,0.5083,0.1786,0.8857,0.125,0.4375,0.3667,0.0643,0.2581,0.3
Med Beverage,AttuneDilut,6 Hours,2.7,0.6,0.5083,0.1786,0.8857,0.125,0.4375,0.3667,0.0643,0.2581,0.3
Med Beverage,AttuneDilut,6 Hours,2.8,0.6,0.5083,0.1786,0.8857,0.125,0.4375,0.3667,0.0643,0.2581,0.3
Med Beverage,AttuneDilut,6 Hours,2.9,0.6,0.5083,0.1786,0.8857,0.125,0.4375,0.3667,0.0643,0.2581,0.3
Med Beverage,AttuneDilut,6 Hours,3,0.1,0.5708,0.1667,0.8583,0.125,0.4792,0.3333,0.0333,-0.1236,-0.2
Med Beverage,AttuneDilut,6 Hours,3.1,0.1,0.5708,0.1667,0.8583,0.125,0.4792,0.3333,0.0333,-0.1236,-0.2
Med Beverage,AttuneDilut,6 Hours,3.2,0.1,0.5708,0.1667,0.8583,0.125,0.4792,0.3333,0.0333,-0.1236,-0.2
Med Beverage,AttuneDilut,6 Hours,3.3,0.1,0.5708,0.1667,0.8583,0.125,0.4792,0.3333,0.0333,-0.1236,-0.2
Med Beverage,AttuneDilut,6 Hours,3.4,0.1,0.75,0.2,0.8792,0.125,0.6458,0.3333,0.0333,0.2,0.1
Med Beverage,AttuneDilut,6 Hours,3.5,0.1,0.8125,0.2,0.8792,0.125,0.7083,0.3333,0.0333,0.2,0.1
Med Beverage,AttuneDilut,6 Hours,3.6,0.1,0.8125,0.2,0.8792,0.125,0.7083,0.3333,0.0333,0.2,0.1
Med Beverage,AttuneDilut,6 Hours,3.7,0,0.8958,0,0.875,0.125,0.7708,NA,0,NA,0
Med Beverage,AttuneDilut,6 Hours,3.8,0,0.9375,0,0.875,0.125,0.8125,NA,0,NA,0
Med Beverage,AttuneDilut,6 Hours,3.9,0,0.9583,0,0.875,0.125,0.8333,NA,0,NA,0
Med Beverage,AttuneDilut,6 Hours,4,0,0.9792,0,0.875,0.125,0.8542,NA,0,NA,0
Med Beverage,AttuneDilut,6 Hours,4.1,0,0.9792,0,0.875,0.125,0.8542,NA,0,NA,0
Med Beverage,AttuneDilut,6 Hours,4.2,0,0.9792,0,0.875,0.125,0.8542,NA,0,NA,0
Med Beverage,AttuneDilut,6 Hours,4.3,0,1,NA,0.875,0.125,0.875,NA,0,NA,0
Med Beverage,AttuneDilut,6 Hours,4.4,0,1,NA,0.875,0.125,0.875,NA,0,NA,0
Med Beverage,AttuneDilut,6 Hours,4.5,0,1,NA,0.875,0.125,0.875,NA,0,NA,0
Med Beverage,AttuneDilut,6 Hours,4.6,0,1,NA,0.875,0.125,0.875,NA,0,NA,0
Med Beverage,AttuneDilut,6 Hours,4.7,0,1,NA,0.875,0.125,0.875,NA,0,NA,0
Med Beverage,AttuneDilut,6 Hours,4.8,0,1,NA,0.875,0.125,0.875,NA,0,NA,0
Med Beverage,AttuneDilut,6 Hours,4.9,0,1,NA,0.875,0.125,0.875,NA,0,NA,0
Med Beverage,AttuneDilut,6 Hours,5,0,1,NA,0.875,0.125,0.875,NA,0,NA,0
Med Beverage,AttuneDilut,6 Hours,5.1,0,1,NA,0.875,0.125,0.875,NA,0,NA,0
Med Beverage,AttuneDilut,6 Hours,5.2,0,1,NA,0.875,0.125,0.875,NA,0,NA,0
Med Beverage,AttuneDilut,6 Hours,5.3,0,1,NA,0.875,0.125,0.875,NA,0,NA,0
Med Beverage,AttuneDilut,6 Hours,5.4,0,1,NA,0.875,0.125,0.875,NA,0,NA,0
Med Beverage,AttuneDilut,6 Hours,5.5,0,1,NA,0.875,0.125,0.875,NA,0,NA,0
Med Beverage,AttuneDilut,6 Hours,5.6,0,1,NA,0.875,0.125,0.875,NA,0,NA,0
Med Beverage,AttuneDilut,6 Hours,5.7,0,1,NA,0.875,0.125,0.875,NA,0,NA,0
Med Beverage,AttuneDilut,6 Hours,5.8,0,1,NA,0.875,0.125,0.875,NA,0,NA,0
Med Beverage,AttuneDilut,6 Hours,5.9,0,1,NA,0.875,0.125,0.875,NA,0,NA,0
Med Beverage,AttuneDilut,6 Hours,6,0,1,NA,0.875,0.125,0.875,NA,0,NA,0
Med Beverage,AttuneDilut,6 Hours,6.1,0,1,NA,0.875,0.125,0.875,NA,0,NA,0
Med Beverage,AttuneDilut,6 Hours,6.2,0,1,NA,0.875,0.125,0.875,NA,0,NA,0
Med Beverage,AttuneDilut,6 Hours,6.3,0,1,NA,0.875,0.125,0.875,NA,0,NA,0
Med Beverage,AttuneDilut,6 Hours,6.4,0,1,NA,0.875,0.125,0.875,NA,0,NA,0
Med Beverage,AttuneDilut,6 Hours,6.5,0,1,NA,0.875,0.125,0.875,NA,0,NA,0
Med Beverage,AttuneDilut,6 Hours,6.6,0,1,NA,0.875,0.125,0.875,NA,0,NA,0
Med Beverage,AttuneDilut,6 Hours,6.7,0,1,NA,0.875,0.125,0.875,NA,0,NA,0
Med Beverage,AttuneDilut,6 Hours,6.8,0,1,NA,0.875,0.125,0.875,NA,0,NA,0
Med Beverage,AttuneDilut,6 Hours,6.9,0,1,NA,0.875,0.125,0.875,NA,0,NA,0
Med Beverage,AttuneDilut,6 Hours,7,0,1,NA,0.875,0.125,0.875,NA,0,NA,0
Med Beverage,AttuneDilut,6 Hours,7.1,0,1,NA,0.875,0.125,0.875,NA,0,NA,0
Med Beverage,AttuneDilut,6 Hours,7.2,0,1,NA,0.875,0.125,0.875,NA,0,NA,0
Med Beverage,AttuneDilut,6 Hours,7.3,0,1,NA,0.875,0.125,0.875,NA,0,NA,0
Med Beverage,AttuneDilut,6 Hours,7.4,0,1,NA,0.875,0.125,0.875,NA,0,NA,0
Med Beverage,AttuneDilut,6 Hours,7.5,0,1,NA,0.875,0.125,0.875,NA,0,NA,0
Med Beverage,AttuneDilut,6 Hours,7.6,0,1,NA,0.875,0.125,0.875,NA,0,NA,0
Med Beverage,AttuneDilut,6 Hours,7.7,0,1,NA,0.875,0.125,0.875,NA,0,NA,0
Med Beverage,AttuneDilut,12 Hours,-0.4,1,0,0.4375,NA,0.4375,0.4375,0.7844,0.4375,NA,0
Med Beverage,AttuneDilut,12 Hours,-0.3,0.88,0.2917,0.4375,0.75,0.4375,0.5625,0.7208,0.3958,0.2764,0.08
Med Beverage,AttuneDilut,12 Hours,-0.2,0.88,0.2917,0.4375,0.75,0.4375,0.5625,0.7208,0.3958,0.2764,0.08
Med Beverage,AttuneDilut,12 Hours,-0.1,0.88,0.2917,0.4375,0.75,0.4375,0.5625,0.7208,0.3958,0.2764,0.08
Med Beverage,AttuneDilut,12 Hours,0,0.88,0.2917,0.4375,0.75,0.4375,0.5625,0.7208,0.3958,0.2764,0.08
Med Beverage,AttuneDilut,12 Hours,0.1,0.88,0.2917,0.4375,0.75,0.4375,0.5625,0.7208,0.3958,0.2764,0.08
Med Beverage,AttuneDilut,12 Hours,0.2,0.88,0.2917,0.4375,0.75,0.4375,0.5625,0.7208,0.3958,0.2764,0.08
Med Beverage,AttuneDilut,12 Hours,0.3,0.88,0.2917,0.4375,0.75,0.4375,0.5625,0.7208,0.3958,0.2764,0.08
Med Beverage,AttuneDilut,12 Hours,0.4,0.88,0.2917,0.4375,0.75,0.4375,0.5625,0.7208,0.3958,0.2764,0.08
Med Beverage,AttuneDilut,12 Hours,0.5,0.88,0.2917,0.4375,0.75,0.4375,0.5625,0.7208,0.3958,0.2764,0.08
Med Beverage,AttuneDilut,12 Hours,0.6,0.88,0.2917,0.4375,0.75,0.4375,0.5625,0.7208,0.3958,0.2764,0.08
Med Beverage,AttuneDilut,12 Hours,0.7,0.88,0.2917,0.4375,0.75,0.4375,0.5625,0.7208,0.3958,0.2764,0.08
Med Beverage,AttuneDilut,12 Hours,0.8,0.88,0.2917,0.4375,0.75,0.4375,0.5625,0.7208,0.3958,0.2764,0.08
Med Beverage,AttuneDilut,12 Hours,0.9,0.88,0.2917,0.4375,0.75,0.4375,0.5625,0.7208,0.3958,0.2764,0.08
Med Beverage,AttuneDilut,12 Hours,1,0.88,0.2917,0.4375,0.75,0.4375,0.5625,0.7208,0.3958,0.2764,0.08
Med Beverage,AttuneDilut,12 Hours,1.1,0.88,0.2917,0.4375,0.75,0.4375,0.5625,0.7208,0.3958,0.2764,0.08
Med Beverage,AttuneDilut,12 Hours,1.2,0.88,0.2917,0.4375,0.75,0.4375,0.5625,0.7208,0.3958,0.2764,0.08
Med Beverage,AttuneDilut,12 Hours,1.3,0.88,0.2917,0.4375,0.75,0.4375,0.5625,0.7208,0.3958,0.2764,0.08
Med Beverage,AttuneDilut,12 Hours,1.4,0.88,0.2917,0.4375,0.75,0.4375,0.5625,0.7208,0.3958,0.2764,0.08
Med Beverage,AttuneDilut,12 Hours,1.5,0.88,0.2917,0.4375,0.75,0.4375,0.5625,0.7208,0.3958,0.2764,0.08
Med Beverage,AttuneDilut,12 Hours,1.6,0.88,0.2917,0.4375,0.75,0.4375,0.5625,0.7208,0.3958,0.2764,0.08
Med Beverage,AttuneDilut,12 Hours,1.7,0.88,0.2917,0.4375,0.75,0.4375,0.5625,0.7208,0.3958,0.2764,0.08
Med Beverage,AttuneDilut,12 Hours,1.8,0.88,0.2917,0.4375,0.75,0.4375,0.5625,0.7208,0.3958,0.2764,0.08
Med Beverage,AttuneDilut,12 Hours,1.9,0.88,0.2917,0.4375,0.75,0.4375,0.5625,0.7208,0.3958,0.2764,0.08
Med Beverage,AttuneDilut,12 Hours,2,0.88,0.2917,0.4375,0.75,0.4375,0.5625,0.7208,0.3958,0.2764,0.08
Med Beverage,AttuneDilut,12 Hours,2.1,0.88,0.2917,0.4375,0.75,0.4375,0.5625,0.7208,0.3958,0.2764,0.08
Med Beverage,AttuneDilut,12 Hours,2.2,0.88,0.2917,0.4375,0.75,0.4375,0.5625,0.7208,0.3958,0.2764,0.08
Med Beverage,AttuneDilut,12 Hours,2.3,0.88,0.2917,0.4375,0.75,0.4375,0.5625,0.7208,0.3958,0.2764,0.08
Med Beverage,AttuneDilut,12 Hours,2.4,0.88,0.2917,0.4375,0.75,0.4375,0.5625,0.7208,0.3958,0.2764,0.08
Med Beverage,AttuneDilut,12 Hours,2.5,0.88,0.2917,0.4375,0.75,0.4375,0.5625,0.7208,0.3958,0.2764,0.08
Med Beverage,AttuneDilut,12 Hours,2.6,0.88,0.2917,0.4375,0.75,0.4375,0.5625,0.7208,0.3958,0.2764,0.08
Med Beverage,AttuneDilut,12 Hours,2.7,0.88,0.2917,0.4375,0.75,0.4375,0.5625,0.7208,0.3958,0.2764,0.08
Med Beverage,AttuneDilut,12 Hours,2.8,0.88,0.2917,0.4375,0.75,0.4375,0.5625,0.7208,0.3958,0.2764,0.08
Med Beverage,AttuneDilut,12 Hours,2.9,0.88,0.2917,0.4375,0.75,0.4375,0.5625,0.7208,0.3958,0.2764,0.08
Med Beverage,AttuneDilut,12 Hours,3,0.76,0.4333,0.4542,0.5833,0.4375,0.625,0.7101,0.3708,0.1081,0.12
Med Beverage,AttuneDilut,12 Hours,3.1,0.76,0.4333,0.4542,0.5833,0.4375,0.625,0.7101,0.3708,0.1081,0.12
Med Beverage,AttuneDilut,12 Hours,3.2,0.76,0.4333,0.4542,0.5833,0.4375,0.625,0.7101,0.3708,0.1081,0.12
Med Beverage,AttuneDilut,12 Hours,3.3,0.76,0.4333,0.4542,0.5833,0.4375,0.625,0.7101,0.3708,0.1081,0.12
Med Beverage,AttuneDilut,12 Hours,3.4,0.64,0.6,0.6167,0.5833,0.4375,0.625,0.7481,0.4056,0.2545,0.2
Med Beverage,AttuneDilut,12 Hours,3.5,0.64,0.625,0.7167,0.5833,0.4375,0.6458,0.8314,0.4889,0.377,0.24
Med Beverage,AttuneDilut,12 Hours,3.6,0.64,0.625,0.7167,0.5833,0.4375,0.6458,0.8314,0.4889,0.377,0.24
Med Beverage,AttuneDilut,12 Hours,3.7,0.48,0.7708,0.7,0.6708,0.4375,0.6042,0.6548,0.3944,0.3919,0.28
Med Beverage,AttuneDilut,12 Hours,3.8,0.4,0.7708,0.6,0.6083,0.4375,0.5625,0.7407,0.3333,0.2081,0.2
Med Beverage,AttuneDilut,12 Hours,3.9,0.4,0.9167,0.75,0.6292,0.4375,0.6042,0.7407,0.3333,0.6108,0.4
Med Beverage,AttuneDilut,12 Hours,4,0.36,0.9583,0.6667,0.625,0.4375,0.625,0.9444,0.3,0.8162,0.36
Med Beverage,AttuneDilut,12 Hours,4.1,0.12,0.9792,0.5,0.5833,0.4375,0.6042,0.75,0.1,0.4472,0.12
Med Beverage,AttuneDilut,12 Hours,4.2,0.12,1,1,0.5833,0.4375,0.625,0.75,0.12,0.4472,0.12
Med Beverage,AttuneDilut,12 Hours,4.3,0.08,1,1,0.5729,0.4375,0.6042,0.5714,0.08,0.3162,0.08
Med Beverage,AttuneDilut,12 Hours,4.4,0.04,1,1,0.5667,0.4375,0.5833,0.3333,0.04,0.2,0.04
Med Beverage,AttuneDilut,12 Hours,4.5,0,1,NA,0.5625,0.4375,0.5625,NA,0,NA,0
Med Beverage,AttuneDilut,12 Hours,4.6,0,1,NA,0.5625,0.4375,0.5625,NA,0,NA,0
Med Beverage,AttuneDilut,12 Hours,4.7,0,1,NA,0.5625,0.4375,0.5625,NA,0,NA,0
Med Beverage,AttuneDilut,12 Hours,4.8,0,1,NA,0.5625,0.4375,0.5625,NA,0,NA,0
Med Beverage,AttuneDilut,12 Hours,4.9,0,1,NA,0.5625,0.4375,0.5625,NA,0,NA,0
Med Beverage,AttuneDilut,12 Hours,5,0,1,NA,0.5625,0.4375,0.5625,NA,0,NA,0
Med Beverage,AttuneDilut,12 Hours,5.1,0,1,NA,0.5625,0.4375,0.5625,NA,0,NA,0
Med Beverage,AttuneDilut,12 Hours,5.2,0,1,NA,0.5625,0.4375,0.5625,NA,0,NA,0
Med Beverage,AttuneDilut,12 Hours,5.3,0,1,NA,0.5625,0.4375,0.5625,NA,0,NA,0
Med Beverage,AttuneDilut,12 Hours,5.4,0,1,NA,0.5625,0.4375,0.5625,NA,0,NA,0
Med Beverage,AttuneDilut,12 Hours,5.5,0,1,NA,0.5625,0.4375,0.5625,NA,0,NA,0
Med Beverage,AttuneDilut,12 Hours,5.6,0,1,NA,0.5625,0.4375,0.5625,NA,0,NA,0
Med Beverage,AttuneDilut,12 Hours,5.7,0,1,NA,0.5625,0.4375,0.5625,NA,0,NA,0
Med Beverage,AttuneDilut,12 Hours,5.8,0,1,NA,0.5625,0.4375,0.5625,NA,0,NA,0
Med Beverage,AttuneDilut,12 Hours,5.9,0,1,NA,0.5625,0.4375,0.5625,NA,0,NA,0
Med Beverage,AttuneDilut,12 Hours,6,0,1,NA,0.5625,0.4375,0.5625,NA,0,NA,0
Med Beverage,AttuneDilut,12 Hours,6.1,0,1,NA,0.5625,0.4375,0.5625,NA,0,NA,0
Med Beverage,AttuneDilut,12 Hours,6.2,0,1,NA,0.5625,0.4375,0.5625,NA,0,NA,0
Med Beverage,AttuneDilut,12 Hours,6.3,0,1,NA,0.5625,0.4375,0.5625,NA,0,NA,0
Med Beverage,AttuneDilut,12 Hours,6.4,0,1,NA,0.5625,0.4375,0.5625,NA,0,NA,0
Med Beverage,AttuneDilut,12 Hours,6.5,0,1,NA,0.5625,0.4375,0.5625,NA,0,NA,0
Med Beverage,AttuneDilut,12 Hours,6.6,0,1,NA,0.5625,0.4375,0.5625,NA,0,NA,0
Med Beverage,AttuneDilut,12 Hours,6.7,0,1,NA,0.5625,0.4375,0.5625,NA,0,NA,0
Med Beverage,AttuneDilut,12 Hours,6.8,0,1,NA,0.5625,0.4375,0.5625,NA,0,NA,0
Med Beverage,AttuneDilut,12 Hours,6.9,0,1,NA,0.5625,0.4375,0.5625,NA,0,NA,0
Med Beverage,AttuneDilut,12 Hours,7,0,1,NA,0.5625,0.4375,0.5625,NA,0,NA,0
Med Beverage,AttuneDilut,12 Hours,7.1,0,1,NA,0.5625,0.4375,0.5625,NA,0,NA,0
Med Beverage,AttuneDilut,12 Hours,7.2,0,1,NA,0.5625,0.4375,0.5625,NA,0,NA,0
Med Beverage,AttuneDilut,12 Hours,7.3,0,1,NA,0.5625,0.4375,0.5625,NA,0,NA,0
Med Beverage,AttuneDilut,12 Hours,7.4,0,1,NA,0.5625,0.4375,0.5625,NA,0,NA,0
Med Beverage,AttuneDilut,12 Hours,7.5,0,1,NA,0.5625,0.4375,0.5625,NA,0,NA,0
Med Beverage,AttuneDilut,12 Hours,7.6,0,1,NA,0.5625,0.4375,0.5625,NA,0,NA,0
Med Beverage,AttuneDilut,12 Hours,7.7,0,1,NA,0.5625,0.4375,0.5625,NA,0,NA,0
Med Beverage,AttuneDilut,24 Hours,-0.4,1,0,0.8125,NA,0.8125,0.8125,0.8955,0.8125,NA,0
Med Beverage,AttuneDilut,24 Hours,-0.3,0.875,0.375,0.8708,0.4167,0.8125,0.7708,0.8534,0.7542,0.4236,0.25
Med Beverage,AttuneDilut,24 Hours,-0.2,0.875,0.375,0.8708,0.4167,0.8125,0.7708,0.8534,0.7542,0.4236,0.25
Med Beverage,AttuneDilut,24 Hours,-0.1,0.875,0.375,0.8708,0.4167,0.8125,0.7708,0.8534,0.7542,0.4236,0.25
Med Beverage,AttuneDilut,24 Hours,0,0.875,0.375,0.8708,0.4167,0.8125,0.7708,0.8534,0.7542,0.4236,0.25
Med Beverage,AttuneDilut,24 Hours,0.1,0.875,0.375,0.8708,0.4167,0.8125,0.7708,0.8534,0.7542,0.4236,0.25
Med Beverage,AttuneDilut,24 Hours,0.2,0.875,0.375,0.8708,0.4167,0.8125,0.7708,0.8534,0.7542,0.4236,0.25
Med Beverage,AttuneDilut,24 Hours,0.3,0.875,0.375,0.8708,0.4167,0.8125,0.7708,0.8534,0.7542,0.4236,0.25
Med Beverage,AttuneDilut,24 Hours,0.4,0.875,0.375,0.8708,0.4167,0.8125,0.7708,0.8534,0.7542,0.4236,0.25
Med Beverage,AttuneDilut,24 Hours,0.5,0.875,0.375,0.8708,0.4167,0.8125,0.7708,0.8534,0.7542,0.4236,0.25
Med Beverage,AttuneDilut,24 Hours,0.6,0.875,0.375,0.8708,0.4167,0.8125,0.7708,0.8534,0.7542,0.4236,0.25
Med Beverage,AttuneDilut,24 Hours,0.7,0.875,0.375,0.8708,0.4167,0.8125,0.7708,0.8534,0.7542,0.4236,0.25
Med Beverage,AttuneDilut,24 Hours,0.8,0.875,0.375,0.8708,0.4167,0.8125,0.7708,0.8534,0.7542,0.4236,0.25
Med Beverage,AttuneDilut,24 Hours,0.9,0.875,0.375,0.8708,0.4167,0.8125,0.7708,0.8534,0.7542,0.4236,0.25
Med Beverage,AttuneDilut,24 Hours,1,0.875,0.375,0.8708,0.4167,0.8125,0.7708,0.8534,0.7542,0.4236,0.25
Med Beverage,AttuneDilut,24 Hours,1.1,0.875,0.375,0.8708,0.4167,0.8125,0.7708,0.8534,0.7542,0.4236,0.25
Med Beverage,AttuneDilut,24 Hours,1.2,0.875,0.375,0.8708,0.4167,0.8125,0.7708,0.8534,0.7542,0.4236,0.25
Med Beverage,AttuneDilut,24 Hours,1.3,0.875,0.375,0.8708,0.4167,0.8125,0.7708,0.8534,0.7542,0.4236,0.25
Med Beverage,AttuneDilut,24 Hours,1.4,0.875,0.375,0.8708,0.4167,0.8125,0.7708,0.8534,0.7542,0.4236,0.25
Med Beverage,AttuneDilut,24 Hours,1.5,0.875,0.375,0.8708,0.4167,0.8125,0.7708,0.8534,0.7542,0.4236,0.25
Med Beverage,AttuneDilut,24 Hours,1.6,0.875,0.375,0.8708,0.4167,0.8125,0.7708,0.8534,0.7542,0.4236,0.25
Med Beverage,AttuneDilut,24 Hours,1.7,0.875,0.375,0.8708,0.4167,0.8125,0.7708,0.8534,0.7542,0.4236,0.25
Med Beverage,AttuneDilut,24 Hours,1.8,0.875,0.375,0.8708,0.4167,0.8125,0.7708,0.8534,0.7542,0.4236,0.25
Med Beverage,AttuneDilut,24 Hours,1.9,0.875,0.375,0.8708,0.4167,0.8125,0.7708,0.8534,0.7542,0.4236,0.25
Med Beverage,AttuneDilut,24 Hours,2,0.875,0.375,0.8708,0.4167,0.8125,0.7708,0.8534,0.7542,0.4236,0.25
Med Beverage,AttuneDilut,24 Hours,2.1,0.875,0.375,0.8708,0.4167,0.8125,0.7708,0.8534,0.7542,0.4236,0.25
Med Beverage,AttuneDilut,24 Hours,2.2,0.875,0.375,0.8708,0.4167,0.8125,0.7708,0.8534,0.7542,0.4236,0.25
Med Beverage,AttuneDilut,24 Hours,2.3,0.875,0.375,0.8708,0.4167,0.8125,0.7708,0.8534,0.7542,0.4236,0.25
Med Beverage,AttuneDilut,24 Hours,2.4,0.875,0.375,0.8708,0.4167,0.8125,0.7708,0.8534,0.7542,0.4236,0.25
Med Beverage,AttuneDilut,24 Hours,2.5,0.875,0.375,0.8708,0.4167,0.8125,0.7708,0.8534,0.7542,0.4236,0.25
Med Beverage,AttuneDilut,24 Hours,2.6,0.875,0.375,0.8708,0.4167,0.8125,0.7708,0.8534,0.7542,0.4236,0.25
Med Beverage,AttuneDilut,24 Hours,2.7,0.875,0.375,0.8708,0.4167,0.8125,0.7708,0.8534,0.7542,0.4236,0.25
Med Beverage,AttuneDilut,24 Hours,2.8,0.875,0.375,0.8708,0.4167,0.8125,0.7708,0.8534,0.7542,0.4236,0.25
Med Beverage,AttuneDilut,24 Hours,2.9,0.875,0.375,0.8708,0.4167,0.8125,0.7708,0.8534,0.7542,0.4236,0.25
Med Beverage,AttuneDilut,24 Hours,3,0.775,0.5,0.8958,0.4458,0.8125,0.7083,0.7728,0.6708,0.4909,0.275
Med Beverage,AttuneDilut,24 Hours,3.1,0.775,0.5,0.8958,0.4458,0.8125,0.7083,0.7728,0.6708,0.4909,0.275
Med Beverage,AttuneDilut,24 Hours,3.2,0.775,0.5,0.8958,0.4458,0.8125,0.7083,0.7728,0.6708,0.4909,0.275
Med Beverage,AttuneDilut,24 Hours,3.3,0.775,0.5,0.8958,0.4458,0.8125,0.7083,0.7728,0.6708,0.4909,0.275
Med Beverage,AttuneDilut,24 Hours,3.4,0.75,0.75,0.9375,0.6222,0.8125,0.7292,0.7657,0.6875,0.6412,0.5
Med Beverage,AttuneDilut,24 Hours,3.5,0.675,0.875,0.9444,0.6548,0.8125,0.6875,0.8952,0.6333,0.8632,0.55
Med Beverage,AttuneDilut,24 Hours,3.6,0.675,0.875,0.9444,0.6548,0.8125,0.6875,0.8952,0.6333,0.8632,0.55
Med Beverage,AttuneDilut,24 Hours,3.7,0.675,1,1,0.6979,0.8125,0.7292,0.9286,0.675,0.886,0.675
Med Beverage,AttuneDilut,24 Hours,3.8,0.675,1,1,0.6979,0.8125,0.7292,0.9286,0.675,0.886,0.675
Med Beverage,AttuneDilut,24 Hours,3.9,0.675,1,1,0.6979,0.8125,0.7292,0.9286,0.675,0.886,0.675
Med Beverage,AttuneDilut,24 Hours,4,0.65,1,1,0.6917,0.8125,0.7083,0.8889,0.65,0.8667,0.65
Med Beverage,AttuneDilut,24 Hours,4.1,0.65,1,1,0.6917,0.8125,0.7083,0.8889,0.65,0.8667,0.65
Med Beverage,AttuneDilut,24 Hours,4.2,0.65,1,1,0.6917,0.8125,0.7083,0.8889,0.65,0.8667,0.65
Med Beverage,AttuneDilut,24 Hours,4.3,0.65,1,1,0.6917,0.8125,0.7083,0.8889,0.65,0.8667,0.65
Med Beverage,AttuneDilut,24 Hours,4.4,0.625,1,1,0.6292,0.8125,0.6875,0.8704,0.625,0.8054,0.625
Med Beverage,AttuneDilut,24 Hours,4.5,0.6,1,1,0.6083,0.8125,0.6667,0.8472,0.6,0.7745,0.6
Med Beverage,AttuneDilut,24 Hours,4.6,0.55,1,1,0.5917,0.8125,0.625,0.7778,0.55,0.7333,0.55
Med Beverage,AttuneDilut,24 Hours,4.7,0.55,1,1,0.5917,0.8125,0.625,0.7778,0.55,0.7333,0.55
Med Beverage,AttuneDilut,24 Hours,4.8,0.55,1,1,0.5917,0.8125,0.625,0.7778,0.55,0.7333,0.55
Med Beverage,AttuneDilut,24 Hours,4.9,0.525,1,1,0.5292,0.8125,0.6042,0.7593,0.525,0.6721,0.525
Med Beverage,AttuneDilut,24 Hours,5,0.525,1,1,0.5292,0.8125,0.6042,0.7593,0.525,0.6721,0.525
Med Beverage,AttuneDilut,24 Hours,5.1,0.525,1,1,0.5292,0.8125,0.6042,0.7593,0.525,0.6721,0.525
Med Beverage,AttuneDilut,24 Hours,5.2,0.525,1,1,0.5292,0.8125,0.6042,0.7593,0.525,0.6721,0.525
Med Beverage,AttuneDilut,24 Hours,5.3,0.525,1,1,0.5292,0.8125,0.6042,0.7593,0.525,0.6721,0.525
Med Beverage,AttuneDilut,24 Hours,5.4,0.525,1,1,0.5292,0.8125,0.6042,0.7593,0.525,0.6721,0.525
Med Beverage,AttuneDilut,24 Hours,5.5,0.525,1,1,0.5292,0.8125,0.6042,0.7593,0.525,0.6721,0.525
Med Beverage,AttuneDilut,24 Hours,5.6,0.525,1,1,0.5292,0.8125,0.6042,0.7593,0.525,0.6721,0.525
Med Beverage,AttuneDilut,24 Hours,5.7,0.525,1,1,0.5292,0.8125,0.6042,0.7593,0.525,0.6721,0.525
Med Beverage,AttuneDilut,24 Hours,5.8,0.5,1,1,0.5083,0.8125,0.5833,0.7361,0.5,0.6412,0.5
Med Beverage,AttuneDilut,24 Hours,5.9,0.425,1,1,0.4875,0.8125,0.5208,0.7333,0.425,0.68,0.425
Med Beverage,AttuneDilut,24 Hours,6,0.4,1,1,0.4833,0.8125,0.5,0.8333,0.4,0.8,0.4
Med Beverage,AttuneDilut,24 Hours,6.1,0.4,1,1,0.4833,0.8125,0.5,0.8333,0.4,0.8,0.4
Med Beverage,AttuneDilut,24 Hours,6.2,0.4,1,1,0.4833,0.8125,0.5,0.8333,0.4,0.8,0.4
Med Beverage,AttuneDilut,24 Hours,6.3,0.4,1,1,0.4833,0.8125,0.5,0.8333,0.4,0.8,0.4
Med Beverage,AttuneDilut,24 Hours,6.4,0.4,1,1,0.4833,0.8125,0.5,0.8333,0.4,0.8,0.4
Med Beverage,AttuneDilut,24 Hours,6.5,0.4,1,1,0.4833,0.8125,0.5,0.8333,0.4,0.8,0.4
Med Beverage,AttuneDilut,24 Hours,6.6,0.4,1,1,0.4833,0.8125,0.5,0.8333,0.4,0.8,0.4
Med Beverage,AttuneDilut,24 Hours,6.7,0.3688,1,1,0.4417,0.8125,0.4792,0.7976,0.3688,0.7268,0.3688
Med Beverage,AttuneDilut,24 Hours,6.8,0.275,1,1,0.4,0.8125,0.4167,0.7778,0.275,0.7333,0.275
Med Beverage,AttuneDilut,24 Hours,6.9,0.25,1,1,0.3958,0.8125,0.3958,1,0.25,1,0.25
Med Beverage,AttuneDilut,24 Hours,7,0.225,1,1,0.3333,0.8125,0.375,0.9444,0.225,0.8162,0.225
Med Beverage,AttuneDilut,24 Hours,7.1,0.2,1,1,0.3125,0.8125,0.3542,0.875,0.2,0.7236,0.2
Med Beverage,AttuneDilut,24 Hours,7.2,0.175,1,1,0.3021,0.8125,0.3333,0.7857,0.175,0.6581,0.175
Med Beverage,AttuneDilut,24 Hours,7.3,0.125,1,1,0.2917,0.8125,0.2917,1,0.125,1,0.125
Med Beverage,AttuneDilut,24 Hours,7.4,0.125,1,1,0.2917,0.8125,0.2917,1,0.125,1,0.125
Med Beverage,AttuneDilut,24 Hours,7.5,0.125,1,1,0.2917,0.8125,0.2917,1,0.125,1,0.125
Med Beverage,AttuneDilut,24 Hours,7.6,0.075,1,1,0.2083,0.8125,0.25,0.75,0.075,0.4472,0.075
Med Beverage,AttuneDilut,24 Hours,7.7,0,1,NA,0.1875,0.8125,0.1875,NA,0,NA,0
Med Beverage,AttuneDilut,48 Hours,-0.4,1,0,0.7708,NA,0.7708,0.7708,0.858,0.7708,NA,0
Med Beverage,AttuneDilut,48 Hours,-0.3,0.975,0.5312,0.8583,0.8333,0.7708,0.8542,0.8987,0.8417,0.686,0.5062
Med Beverage,AttuneDilut,48 Hours,-0.2,0.975,0.5312,0.8583,0.8333,0.7708,0.8542,0.8987,0.8417,0.686,0.5062
Med Beverage,AttuneDilut,48 Hours,-0.1,0.975,0.5312,0.8583,0.8333,0.7708,0.8542,0.8987,0.8417,0.686,0.5062
Med Beverage,AttuneDilut,48 Hours,0,0.975,0.5312,0.8583,0.8333,0.7708,0.8542,0.8987,0.8417,0.686,0.5062
Med Beverage,AttuneDilut,48 Hours,0.1,0.975,0.5312,0.8583,0.8333,0.7708,0.8542,0.8987,0.8417,0.686,0.5062
Med Beverage,AttuneDilut,48 Hours,0.2,0.975,0.5312,0.8583,0.8333,0.7708,0.8542,0.8987,0.8417,0.686,0.5062
Med Beverage,AttuneDilut,48 Hours,0.3,0.975,0.5312,0.8583,0.8333,0.7708,0.8542,0.8987,0.8417,0.686,0.5062
Med Beverage,AttuneDilut,48 Hours,0.4,0.975,0.5312,0.8583,0.8333,0.7708,0.8542,0.8987,0.8417,0.686,0.5062
Med Beverage,AttuneDilut,48 Hours,0.5,0.975,0.5312,0.8583,0.8333,0.7708,0.8542,0.8987,0.8417,0.686,0.5062
Med Beverage,AttuneDilut,48 Hours,0.6,0.975,0.5312,0.8583,0.8333,0.7708,0.8542,0.8987,0.8417,0.686,0.5062
Med Beverage,AttuneDilut,48 Hours,0.7,0.975,0.5312,0.8583,0.8333,0.7708,0.8542,0.8987,0.8417,0.686,0.5062
Med Beverage,AttuneDilut,48 Hours,0.8,0.975,0.5312,0.8583,0.8333,0.7708,0.8542,0.8987,0.8417,0.686,0.5062
Med Beverage,AttuneDilut,48 Hours,0.9,0.975,0.5312,0.8583,0.8333,0.7708,0.8542,0.8987,0.8417,0.686,0.5062
Med Beverage,AttuneDilut,48 Hours,1,0.975,0.5312,0.8583,0.8333,0.7708,0.8542,0.8987,0.8417,0.686,0.5062
Med Beverage,AttuneDilut,48 Hours,1.1,0.975,0.5312,0.8583,0.8333,0.7708,0.8542,0.8987,0.8417,0.686,0.5062
Med Beverage,AttuneDilut,48 Hours,1.2,0.975,0.5312,0.8583,0.8333,0.7708,0.8542,0.8987,0.8417,0.686,0.5062
Med Beverage,AttuneDilut,48 Hours,1.3,0.975,0.5312,0.8583,0.8333,0.7708,0.8542,0.8987,0.8417,0.686,0.5062
Med Beverage,AttuneDilut,48 Hours,1.4,0.975,0.5312,0.8583,0.8333,0.7708,0.8542,0.8987,0.8417,0.686,0.5062
Med Beverage,AttuneDilut,48 Hours,1.5,0.975,0.5312,0.8583,0.8333,0.7708,0.8542,0.8987,0.8417,0.686,0.5062
Med Beverage,AttuneDilut,48 Hours,1.6,0.975,0.5312,0.8583,0.8333,0.7708,0.8542,0.8987,0.8417,0.686,0.5062
Med Beverage,AttuneDilut,48 Hours,1.7,0.975,0.5312,0.8583,0.8333,0.7708,0.8542,0.8987,0.8417,0.686,0.5062
Med Beverage,AttuneDilut,48 Hours,1.8,0.975,0.5312,0.8583,0.8333,0.7708,0.8542,0.8987,0.8417,0.686,0.5062
Med Beverage,AttuneDilut,48 Hours,1.9,0.975,0.5312,0.8583,0.8333,0.7708,0.8542,0.8987,0.8417,0.686,0.5062
Med Beverage,AttuneDilut,48 Hours,2,0.975,0.5312,0.8583,0.8333,0.7708,0.8542,0.8987,0.8417,0.686,0.5062
Med Beverage,AttuneDilut,48 Hours,2.1,0.975,0.5312,0.8583,0.8333,0.7708,0.8542,0.8987,0.8417,0.686,0.5062
Med Beverage,AttuneDilut,48 Hours,2.2,0.975,0.5312,0.8583,0.8333,0.7708,0.8542,0.8987,0.8417,0.686,0.5062
Med Beverage,AttuneDilut,48 Hours,2.3,0.975,0.5312,0.8583,0.8333,0.7708,0.8542,0.8987,0.8417,0.686,0.5062
Med Beverage,AttuneDilut,48 Hours,2.4,0.975,0.5312,0.8583,0.8333,0.7708,0.8542,0.8987,0.8417,0.686,0.5062
Med Beverage,AttuneDilut,48 Hours,2.5,0.975,0.5312,0.8583,0.8333,0.7708,0.8542,0.8987,0.8417,0.686,0.5062
Med Beverage,AttuneDilut,48 Hours,2.6,0.975,0.5312,0.8583,0.8333,0.7708,0.8542,0.8987,0.8417,0.686,0.5062
Med Beverage,AttuneDilut,48 Hours,2.7,0.975,0.5312,0.8583,0.8333,0.7708,0.8542,0.8987,0.8417,0.686,0.5062
Med Beverage,AttuneDilut,48 Hours,2.8,0.975,0.5312,0.8583,0.8333,0.7708,0.8542,0.8987,0.8417,0.686,0.5062
Med Beverage,AttuneDilut,48 Hours,2.9,0.975,0.5312,0.8583,0.8333,0.7708,0.8542,0.8987,0.8417,0.686,0.5062
Med Beverage,AttuneDilut,48 Hours,3,0.95,0.7812,0.9042,0.9048,0.7708,0.875,0.9038,0.8542,0.8233,0.7312
Med Beverage,AttuneDilut,48 Hours,3.1,0.95,0.7812,0.9042,0.9048,0.7708,0.875,0.9038,0.8542,0.8233,0.7312
Med Beverage,AttuneDilut,48 Hours,3.2,0.95,0.7812,0.9042,0.9048,0.7708,0.875,0.9038,0.8542,0.8233,0.7312
Med Beverage,AttuneDilut,48 Hours,3.3,0.95,0.7812,0.9042,0.9048,0.7708,0.875,0.9038,0.8542,0.8233,0.7312
Med Beverage,AttuneDilut,48 Hours,3.4,0.925,0.7812,0.9042,0.8929,0.7708,0.8542,0.8815,0.8292,0.8046,0.7062
Med Beverage,AttuneDilut,48 Hours,3.5,0.925,0.7812,0.9042,0.8929,0.7708,0.8542,0.8815,0.8292,0.8046,0.7062
Med Beverage,AttuneDilut,48 Hours,3.6,0.925,0.7812,0.9042,0.8929,0.7708,0.8542,0.8815,0.8292,0.8046,0.7062
Med Beverage,AttuneDilut,48 Hours,3.7,0.875,0.7812,0.8905,0.881,0.7708,0.8125,0.9258,0.7792,0.886,0.6562
Med Beverage,AttuneDilut,48 Hours,3.8,0.875,0.7812,0.8905,0.881,0.7708,0.8125,0.9258,0.7792,0.886,0.6562
Med Beverage,AttuneDilut,48 Hours,3.9,0.875,0.7812,0.8905,0.881,0.7708,0.8125,0.9258,0.7792,0.886,0.6562
Med Beverage,AttuneDilut,48 Hours,4,0.875,0.9062,0.9143,0.8958,0.7708,0.8333,0.9388,0.8,0.9023,0.7812
Med Beverage,AttuneDilut,48 Hours,4.1,0.875,0.9062,0.9143,0.8958,0.7708,0.8333,0.9388,0.8,0.9023,0.7812
Med Beverage,AttuneDilut,48 Hours,4.2,0.85,0.9062,0.9143,0.8333,0.7708,0.8125,0.9229,0.775,0.8498,0.7562
Med Beverage,AttuneDilut,48 Hours,4.3,0.825,0.9062,0.9143,0.8125,0.7708,0.7917,0.9031,0.75,0.8233,0.7312
Med Beverage,AttuneDilut,48 Hours,4.4,0.8,0.9062,0.9143,0.8021,0.7708,0.7708,0.8776,0.725,0.8046,0.7062
Med Beverage,AttuneDilut,48 Hours,4.5,0.75,0.9062,0.9143,0.7333,0.7708,0.7292,0.8277,0.675,0.7355,0.6562
Med Beverage,AttuneDilut,48 Hours,4.6,0.75,0.9062,0.9143,0.7333,0.7708,0.7292,0.8277,0.675,0.7355,0.6562
Med Beverage,AttuneDilut,48 Hours,4.7,0.725,0.9062,0.9143,0.7125,0.7708,0.7083,0.8078,0.65,0.7091,0.6312
Med Beverage,AttuneDilut,48 Hours,4.8,0.675,0.9062,0.9143,0.6396,0.7708,0.6667,0.7664,0.6,0.6378,0.5812
Med Beverage,AttuneDilut,48 Hours,4.9,0.6,0.9062,0.9143,0.6021,0.7708,0.6042,0.6871,0.525,0.5761,0.5062
Med Beverage,AttuneDilut,48 Hours,5,0.475,0.9062,0.88,0.5042,0.7708,0.5,0.731,0.4,0.5927,0.3812
Med Beverage,AttuneDilut,48 Hours,5.1,0.45,0.9375,0.875,0.5,0.7708,0.5,0.8542,0.3875,0.7368,0.3875
Med Beverage,AttuneDilut,48 Hours,5.2,0.425,0.9688,0.9167,0.4896,0.7708,0.5,0.8429,0.3833,0.7558,0.3938
Med Beverage,AttuneDilut,48 Hours,5.3,0.425,0.9688,0.9167,0.4896,0.7708,0.5,0.8429,0.3833,0.7558,0.3938
Med Beverage,AttuneDilut,48 Hours,5.4,0.4,0.9688,0.9167,0.4833,0.7708,0.4792,0.7833,0.3583,0.7268,0.3688
Med Beverage,AttuneDilut,48 Hours,5.5,0.4,0.9688,0.9167,0.4833,0.7708,0.4792,0.7833,0.3583,0.7268,0.3688
Med Beverage,AttuneDilut,48 Hours,5.6,0.25,0.9688,0.6667,0.4292,0.7708,0.4167,1,0.25,0.5613,0.2188
Med Beverage,AttuneDilut,48 Hours,5.7,0.25,0.9688,0.6667,0.4292,0.7708,0.4167,1,0.25,0.5613,0.2188
Med Beverage,AttuneDilut,48 Hours,5.8,0.25,1,1,0.4375,0.7708,0.4375,1,0.25,1,0.25
Med Beverage,AttuneDilut,48 Hours,5.9,0.25,1,1,0.4375,0.7708,0.4375,1,0.25,1,0.25
Med Beverage,AttuneDilut,48 Hours,6,0.25,1,1,0.4375,0.7708,0.4375,1,0.25,1,0.25
Med Beverage,AttuneDilut,48 Hours,6.1,0.25,1,1,0.4375,0.7708,0.4375,1,0.25,1,0.25
Med Beverage,AttuneDilut,48 Hours,6.2,0.25,1,1,0.4375,0.7708,0.4375,1,0.25,1,0.25
Med Beverage,AttuneDilut,48 Hours,6.3,0.225,1,1,0.375,0.7708,0.4167,0.9444,0.225,0.8162,0.225
Med Beverage,AttuneDilut,48 Hours,6.4,0.225,1,1,0.375,0.7708,0.4167,0.9444,0.225,0.8162,0.225
Med Beverage,AttuneDilut,48 Hours,6.5,0.175,1,1,0.2917,0.7708,0.375,0.8194,0.175,0.5398,0.175
Med Beverage,AttuneDilut,48 Hours,6.6,0.1,1,1,0.25,0.7708,0.3125,0.5714,0.1,0.3162,0.1
Med Beverage,AttuneDilut,48 Hours,6.7,0.025,1,1,0.2333,0.7708,0.25,0.3333,0.025,0.2,0.025
Med Beverage,AttuneDilut,48 Hours,6.8,0.025,1,1,0.2333,0.7708,0.25,0.3333,0.025,0.2,0.025
Med Beverage,AttuneDilut,48 Hours,6.9,0,1,NA,0.2292,0.7708,0.2292,NA,0,NA,0
Med Beverage,AttuneDilut,48 Hours,7,0,1,NA,0.2292,0.7708,0.2292,NA,0,NA,0
Med Beverage,AttuneDilut,48 Hours,7.1,0,1,NA,0.2292,0.7708,0.2292,NA,0,NA,0
Med Beverage,AttuneDilut,48 Hours,7.2,0,1,NA,0.2292,0.7708,0.2292,NA,0,NA,0
Med Beverage,AttuneDilut,48 Hours,7.3,0,1,NA,0.2292,0.7708,0.2292,NA,0,NA,0
Med Beverage,AttuneDilut,48 Hours,7.4,0,1,NA,0.2292,0.7708,0.2292,NA,0,NA,0
Med Beverage,AttuneDilut,48 Hours,7.5,0,1,NA,0.2292,0.7708,0.2292,NA,0,NA,0
Med Beverage,AttuneDilut,48 Hours,7.6,0,1,NA,0.2292,0.7708,0.2292,NA,0,NA,0
Med Beverage,AttuneDilut,48 Hours,7.7,0,1,NA,0.2292,0.7708,0.2292,NA,0,NA,0
Chocolate,Charm,12 Hours,0.8,1,1,1,1,0.8333,1,1,1,1,1
Chocolate,Charm,12 Hours,0.9,0.9833,1,1,0.9583,0.8333,0.9861,0.9907,0.9833,0.9694,0.9833
Chocolate,Charm,12 Hours,1,0.9833,1,1,0.9583,0.8333,0.9861,0.9907,0.9833,0.9694,0.9833
Chocolate,Charm,12 Hours,1.1,0.9833,1,1,0.9583,0.8333,0.9861,0.9907,0.9833,0.9694,0.9833
Chocolate,Charm,12 Hours,1.2,0.9667,1,1,0.9444,0.8333,0.9722,0.9792,0.9667,0.9539,0.9667
Chocolate,Charm,12 Hours,1.3,0.9167,1,1,0.9306,0.8333,0.9306,1,0.9167,1,0.9167
Chocolate,Charm,12 Hours,1.4,0.9167,1,1,0.9306,0.8333,0.9306,1,0.9167,1,0.9167
Chocolate,Charm,12 Hours,1.5,0.9167,1,1,0.9306,0.8333,0.9306,1,0.9167,1,0.9167
Chocolate,Charm,12 Hours,1.6,0.9167,1,1,0.9306,0.8333,0.9306,1,0.9167,1,0.9167
Chocolate,Charm,12 Hours,1.7,0.8167,1,1,0.8056,0.8333,0.8472,0.9221,0.8167,0.8757,0.8167
Chocolate,Charm,12 Hours,1.8,0.75,1,1,0.7917,0.8333,0.7917,1,0.75,1,0.75
Chocolate,Charm,12 Hours,1.9,0.75,1,1,0.7917,0.8333,0.7917,1,0.75,1,0.75
Chocolate,Charm,12 Hours,2,0.75,1,1,0.7917,0.8333,0.7917,1,0.75,1,0.75
Chocolate,Charm,12 Hours,2.1,0.6167,1,1,0.5764,0.8333,0.6806,0.8845,0.6167,0.7603,0.6167
Chocolate,Charm,12 Hours,2.2,0.5167,1,1,0.5472,0.8333,0.5972,0.8194,0.5167,0.7541,0.5167
Chocolate,Charm,12 Hours,2.3,0.4833,1,1,0.5417,0.8333,0.5694,0.9815,0.4833,0.9387,0.4833
Chocolate,Charm,12 Hours,2.4,0.4667,1,1,0.5278,0.8333,0.5556,0.9583,0.4667,0.9079,0.4667
Chocolate,Charm,12 Hours,2.5,0.4333,1,1,0.5167,0.8333,0.5278,0.8889,0.4333,0.8667,0.4333
Chocolate,Charm,12 Hours,2.6,0.4333,1,1,0.5167,0.8333,0.5278,0.8889,0.4333,0.8667,0.4333
Chocolate,Charm,12 Hours,2.7,0.4333,1,1,0.5167,0.8333,0.5278,0.8889,0.4333,0.8667,0.4333
Chocolate,Charm,12 Hours,2.8,0.4167,1,1,0.5139,0.8333,0.5139,1,0.4167,1,0.4167
Chocolate,Charm,12 Hours,2.9,0.3667,1,1,0.4167,0.8333,0.4722,0.9278,0.3667,0.8159,0.3667
Chocolate,Charm,12 Hours,3,0.35,1,1,0.4097,0.8333,0.4583,0.8921,0.35,0.7897,0.35
Chocolate,Charm,12 Hours,3.1,0.3333,1,1,0.4056,0.8333,0.4444,0.8444,0.3333,0.7665,0.3333
Chocolate,Charm,12 Hours,3.2,0.3167,1,1,0.4028,0.8333,0.4306,0.9722,0.3167,0.9081,0.3167
Chocolate,Charm,12 Hours,3.3,0.2833,1,1,0.3819,0.8333,0.4028,0.8929,0.2833,0.8291,0.2833
Chocolate,Charm,12 Hours,3.4,0.2833,1,1,0.3819,0.8333,0.4028,0.8929,0.2833,0.8291,0.2833
Chocolate,Charm,12 Hours,3.5,0.2833,1,1,0.3819,0.8333,0.4028,0.8929,0.2833,0.8291,0.2833
Chocolate,Charm,12 Hours,3.6,0.2667,1,1,0.3778,0.8333,0.3889,0.8333,0.2667,0.8,0.2667
Chocolate,Charm,12 Hours,3.7,0.25,1,1,0.375,0.8333,0.375,1,0.25,1,0.25
Chocolate,Charm,12 Hours,3.8,0.25,1,1,0.375,0.8333,0.375,1,0.25,1,0.25
Chocolate,Charm,12 Hours,3.9,0.25,1,1,0.375,0.8333,0.375,1,0.25,1,0.25
Chocolate,Charm,12 Hours,4,0.25,1,1,0.375,0.8333,0.375,1,0.25,1,0.25
Chocolate,Charm,12 Hours,4.1,0.25,1,1,0.375,0.8333,0.375,1,0.25,1,0.25
Chocolate,Charm,12 Hours,4.2,0.0833,1,1,0.1972,0.8333,0.2361,0.6111,0.0833,0.4162,0.0833
Chocolate,Charm,12 Hours,4.3,0.0167,1,1,0.1694,0.8333,0.1806,0.3333,0.0167,0.2,0.0167
Chocolate,Charm,12 Hours,4.4,0,1,NA,0.1667,0.8333,0.1667,NA,0,NA,0
Chocolate,Charm,24 Hours,0.8,1,1,1,1,0.8333,1,1,1,1,1
Chocolate,Charm,24 Hours,0.9,1,1,1,1,0.8333,1,1,1,1,1
Chocolate,Charm,24 Hours,1,1,1,1,1,0.8333,1,1,1,1,1
Chocolate,Charm,24 Hours,1.1,1,1,1,1,0.8333,1,1,1,1,1
Chocolate,Charm,24 Hours,1.2,1,1,1,1,0.8333,1,1,1,1,1
Chocolate,Charm,24 Hours,1.3,1,1,1,1,0.8333,1,1,1,1,1
Chocolate,Charm,24 Hours,1.4,1,1,1,1,0.8333,1,1,1,1,1
Chocolate,Charm,24 Hours,1.5,1,1,1,1,0.8333,1,1,1,1,1
Chocolate,Charm,24 Hours,1.6,0.9833,1,1,0.9583,0.8333,0.9861,0.9907,0.9833,0.9694,0.9833
Chocolate,Charm,24 Hours,1.7,0.95,1,1,0.9028,0.8333,0.9583,0.9699,0.95,0.9233,0.95
Chocolate,Charm,24 Hours,1.8,0.9167,1,1,0.8819,0.8333,0.9306,0.9435,0.9167,0.897,0.9167
Chocolate,Charm,24 Hours,1.9,0.9,1,1,0.875,0.8333,0.9167,0.9286,0.9,0.886,0.9
Chocolate,Charm,24 Hours,2,0.8667,1,1,0.8681,0.8333,0.8889,0.961,0.8667,0.9378,0.8667
Chocolate,Charm,24 Hours,2.1,0.8667,1,1,0.8681,0.8333,0.8889,0.961,0.8667,0.9378,0.8667
Chocolate,Charm,24 Hours,2.2,0.8667,1,1,0.8681,0.8333,0.8889,0.961,0.8667,0.9378,0.8667
Chocolate,Charm,24 Hours,2.3,0.8667,1,1,0.8681,0.8333,0.8889,0.961,0.8667,0.9378,0.8667
Chocolate,Charm,24 Hours,2.4,0.8667,1,1,0.8681,0.8333,0.8889,0.961,0.8667,0.9378,0.8667
Chocolate,Charm,24 Hours,2.5,0.8333,1,1,0.8125,0.8333,0.8611,0.9383,0.8333,0.8876,0.8333
Chocolate,Charm,24 Hours,2.6,0.8167,1,1,0.8056,0.8333,0.8472,0.9221,0.8167,0.8757,0.8167
Chocolate,Charm,24 Hours,2.7,0.8,1,1,0.7639,0.8333,0.8333,0.912,0.8,0.8423,0.8
Chocolate,Charm,24 Hours,2.8,0.7667,1,1,0.7083,0.8333,0.8056,0.8892,0.7667,0.792,0.7667
Chocolate,Charm,24 Hours,2.9,0.7167,1,1,0.6556,0.8333,0.7639,0.8413,0.7167,0.7361,0.7167
Chocolate,Charm,24 Hours,3,0.6667,1,1,0.6236,0.8333,0.7222,0.7944,0.6667,0.6919,0.6667
Chocolate,Charm,24 Hours,3.1,0.6,1,1,0.6056,0.8333,0.6667,0.775,0.6,0.7047,0.6
Chocolate,Charm,24 Hours,3.2,0.55,1,1,0.5972,0.8333,0.625,0.9643,0.55,0.921,0.55
Chocolate,Charm,24 Hours,3.3,0.55,1,1,0.5972,0.8333,0.625,0.9643,0.55,0.921,0.55
Chocolate,Charm,24 Hours,3.4,0.5167,1,1,0.5417,0.8333,0.5972,0.9286,0.5167,0.8421,0.5167
Chocolate,Charm,24 Hours,3.5,0.5,1,1,0.5347,0.8333,0.5833,0.9031,0.5,0.8233,0.5
Chocolate,Charm,24 Hours,3.6,0.4833,1,1,0.5278,0.8333,0.5694,0.8776,0.4833,0.8046,0.4833
Chocolate,Charm,24 Hours,3.7,0.4,1,1,0.4611,0.8333,0.5,0.8472,0.4,0.7745,0.4
Chocolate,Charm,24 Hours,3.8,0.3833,1,1,0.4194,0.8333,0.4861,0.8287,0.3833,0.7133,0.3833
Chocolate,Charm,24 Hours,3.9,0.3333,1,1,0.3917,0.8333,0.4444,0.746,0.3333,0.6387,0.3333
Chocolate,Charm,24 Hours,4,0.2667,1,1,0.3278,0.8333,0.3889,0.625,0.2667,0.5079,0.2667
Chocolate,Charm,24 Hours,4.1,0.2,1,1,0.2722,0.8333,0.3333,0.5778,0.2,0.4465,0.2
Chocolate,Charm,24 Hours,4.2,0.1333,1,1,0.2458,0.8333,0.2778,0.6349,0.1333,0.5054,0.1333
Chocolate,Charm,24 Hours,4.3,0.05,1,1,0.1806,0.8333,0.2083,0.75,0.05,0.4472,0.05
Chocolate,Charm,24 Hours,4.4,0,1,NA,0.1667,0.8333,0.1667,NA,0,NA,0
Chocolate,Charm,48 Hours,0.8,1,1,1,1,0.8333,1,1,1,1,1
Chocolate,Charm,48 Hours,0.9,0.9667,1,1,0.9444,0.8333,0.9722,0.9792,0.9667,0.9539,0.9667
Chocolate,Charm,48 Hours,1,0.8833,1,1,0.8333,0.8333,0.9028,0.9193,0.8833,0.8554,0.8833
Chocolate,Charm,48 Hours,1.1,0.8167,1,1,0.7806,0.8333,0.8472,0.9192,0.8167,0.8604,0.8167
Chocolate,Charm,48 Hours,1.2,0.8,1,1,0.7667,0.8333,0.8333,0.9066,0.8,0.8436,0.8
Chocolate,Charm,48 Hours,1.3,0.7167,1,1,0.7319,0.8333,0.7639,0.8905,0.7167,0.8516,0.7167
Chocolate,Charm,48 Hours,1.4,0.6833,1,1,0.725,0.8333,0.7361,0.9259,0.6833,0.9111,0.6833
Chocolate,Charm,48 Hours,1.5,0.6667,1,1,0.7222,0.8333,0.7222,1,0.6667,1,0.6667
Chocolate,Charm,48 Hours,1.6,0.6667,1,1,0.7222,0.8333,0.7222,1,0.6667,1,0.6667
Chocolate,Charm,48 Hours,1.7,0.6667,1,1,0.7222,0.8333,0.7222,1,0.6667,1,0.6667
Chocolate,Charm,48 Hours,1.8,0.6667,1,1,0.7222,0.8333,0.7222,1,0.6667,1,0.6667
Chocolate,Charm,48 Hours,1.9,0.6667,1,1,0.7222,0.8333,0.7222,1,0.6667,1,0.6667
Chocolate,Charm,48 Hours,2,0.6667,1,1,0.7222,0.8333,0.7222,1,0.6667,1,0.6667
Chocolate,Charm,48 Hours,2.1,0.6667,1,1,0.7222,0.8333,0.7222,1,0.6667,1,0.6667
Chocolate,Charm,48 Hours,2.2,0.65,1,1,0.6806,0.8333,0.7083,0.9861,0.65,0.9541,0.65
Chocolate,Charm,48 Hours,2.3,0.6333,1,1,0.6389,0.8333,0.6944,0.9722,0.6333,0.9081,0.6333
Chocolate,Charm,48 Hours,2.4,0.5833,1,1,0.5764,0.8333,0.6528,0.9187,0.5833,0.8226,0.5833
Chocolate,Charm,48 Hours,2.5,0.5667,1,1,0.5625,0.8333,0.6389,0.9013,0.5667,0.7995,0.5667
Chocolate,Charm,48 Hours,2.6,0.5667,1,1,0.5625,0.8333,0.6389,0.9013,0.5667,0.7995,0.5667
Chocolate,Charm,48 Hours,2.7,0.5333,1,1,0.5556,0.8333,0.6111,0.9484,0.5333,0.8685,0.5333
Chocolate,Charm,48 Hours,2.8,0.5167,1,1,0.5139,0.8333,0.5972,0.9325,0.5167,0.816,0.5167
Chocolate,Charm,48 Hours,2.9,0.4667,1,1,0.4444,0.8333,0.5556,0.877,0.4667,0.7106,0.4667
Chocolate,Charm,48 Hours,3,0.45,1,1,0.4375,0.8333,0.5417,0.8515,0.45,0.6919,0.45
Chocolate,Charm,48 Hours,3.1,0.3667,1,1,0.3194,0.8333,0.4722,0.7545,0.3667,0.5152,0.3667
Chocolate,Charm,48 Hours,3.2,0.3,1,1,0.3,0.8333,0.4167,0.627,0.3,0.4467,0.3
Chocolate,Charm,48 Hours,3.3,0.25,1,1,0.2417,0.8333,0.375,0.6343,0.25,0.3957,0.25
Chocolate,Charm,48 Hours,3.4,0.25,1,1,0.2417,0.8333,0.375,0.6343,0.25,0.3957,0.25
Chocolate,Charm,48 Hours,3.5,0.1667,1,1,0.2167,0.8333,0.3056,0.5278,0.1667,0.3359,0.1667
Chocolate,Charm,48 Hours,3.6,0.1167,1,1,0.1931,0.8333,0.2639,0.497,0.1167,0.2909,0.1167
Chocolate,Charm,48 Hours,3.7,0.05,1,1,0.175,0.8333,0.2083,0.3333,0.05,0.2,0.05
Chocolate,Charm,48 Hours,3.8,0,1,NA,0.1667,0.8333,0.1667,NA,0,NA,0
Chocolate,Charm,48 Hours,3.9,0,1,NA,0.1667,0.8333,0.1667,NA,0,NA,0
Chocolate,Charm,48 Hours,4,0,1,NA,0.1667,0.8333,0.1667,NA,0,NA,0
Chocolate,Charm,48 Hours,4.1,0,1,NA,0.1667,0.8333,0.1667,NA,0,NA,0
Chocolate,Charm,48 Hours,4.2,0,1,NA,0.1667,0.8333,0.1667,NA,0,NA,0
Chocolate,Charm,48 Hours,4.3,0,1,NA,0.1667,0.8333,0.1667,NA,0,NA,0
Chocolate,Charm,48 Hours,4.4,0,1,NA,0.1667,0.8333,0.1667,NA,0,NA,0
Chocolate,AttuneDilut,12 Hours,4.3,1,0.8333,0.9722,1,0.8333,0.9722,0.9848,0.9722,1,0.8333
Chocolate,AttuneDilut,12 Hours,4.4,0.95,1,1,0.9028,0.8333,0.9583,0.9699,0.95,0.9233,0.95
Chocolate,AttuneDilut,12 Hours,4.5,0.9167,1,1,0.8819,0.8333,0.9306,0.9435,0.9167,0.897,0.9167
Chocolate,AttuneDilut,12 Hours,4.6,0.85,1,1,0.8639,0.8333,0.875,0.9394,0.85,0.9273,0.85
Chocolate,AttuneDilut,12 Hours,4.7,0.8333,1,1,0.8611,0.8333,0.8611,1,0.8333,1,0.8333
Chocolate,AttuneDilut,12 Hours,4.8,0.8333,1,1,0.8611,0.8333,0.8611,1,0.8333,1,0.8333
Chocolate,AttuneDilut,12 Hours,4.9,0.8167,1,1,0.8194,0.8333,0.8472,0.9889,0.8167,0.9632,0.8167
Chocolate,AttuneDilut,12 Hours,5,0.8,1,1,0.7778,0.8333,0.8333,0.9778,0.8,0.9265,0.8
Chocolate,AttuneDilut,12 Hours,5.1,0.7667,1,1,0.75,0.8333,0.8056,0.95,0.7667,0.8894,0.7667
Chocolate,AttuneDilut,12 Hours,5.2,0.6833,1,1,0.6486,0.8333,0.7361,0.8683,0.6833,0.7781,0.6833
Chocolate,AttuneDilut,12 Hours,5.3,0.5667,1,1,0.6111,0.8333,0.6389,0.9841,0.5667,0.9475,0.5667
Chocolate,AttuneDilut,12 Hours,5.4,0.55,1,1,0.5972,0.8333,0.625,0.9643,0.55,0.921,0.55
Chocolate,AttuneDilut,12 Hours,5.5,0.4667,1,1,0.5236,0.8333,0.5556,0.8435,0.4667,0.788,0.4667
Chocolate,AttuneDilut,12 Hours,5.6,0.45,1,1,0.5194,0.8333,0.5417,0.8095,0.45,0.7714,0.45
Chocolate,AttuneDilut,12 Hours,5.7,0.4167,1,1,0.5139,0.8333,0.5139,1,0.4167,1,0.4167
Chocolate,AttuneDilut,12 Hours,5.8,0.4167,1,1,0.5139,0.8333,0.5139,1,0.4167,1,0.4167
Chocolate,AttuneDilut,12 Hours,5.9,0.4167,1,1,0.5139,0.8333,0.5139,1,0.4167,1,0.4167
Chocolate,AttuneDilut,12 Hours,6,0.4167,1,1,0.5139,0.8333,0.5139,1,0.4167,1,0.4167
Chocolate,AttuneDilut,12 Hours,6.1,0.4167,1,1,0.5139,0.8333,0.5139,1,0.4167,1,0.4167
Chocolate,AttuneDilut,12 Hours,6.2,0.3667,1,1,0.4167,0.8333,0.4722,0.9278,0.3667,0.8159,0.3667
Chocolate,AttuneDilut,12 Hours,6.3,0.35,1,1,0.4097,0.8333,0.4583,0.8921,0.35,0.7897,0.35
Chocolate,AttuneDilut,12 Hours,6.4,0.3,1,1,0.3847,0.8333,0.4167,0.781,0.3,0.7032,0.3
Chocolate,AttuneDilut,12 Hours,6.5,0.3,1,1,0.3847,0.8333,0.4167,0.781,0.3,0.7032,0.3
Chocolate,AttuneDilut,12 Hours,6.6,0.3,1,1,0.3847,0.8333,0.4167,0.781,0.3,0.7032,0.3
Chocolate,AttuneDilut,12 Hours,6.7,0.2833,1,1,0.3806,0.8333,0.4028,0.7333,0.2833,0.68,0.2833
Chocolate,AttuneDilut,12 Hours,6.8,0.2667,1,1,0.3778,0.8333,0.3889,0.8333,0.2667,0.8,0.2667
Chocolate,AttuneDilut,12 Hours,6.9,0.2667,1,1,0.3778,0.8333,0.3889,0.8333,0.2667,0.8,0.2667
Chocolate,AttuneDilut,12 Hours,7,0.25,1,1,0.375,0.8333,0.375,1,0.25,1,0.25
Chocolate,AttuneDilut,12 Hours,7.1,0.25,1,1,0.375,0.8333,0.375,1,0.25,1,0.25
Chocolate,AttuneDilut,12 Hours,7.2,0.25,1,1,0.375,0.8333,0.375,1,0.25,1,0.25
Chocolate,AttuneDilut,12 Hours,7.3,0.25,1,1,0.375,0.8333,0.375,1,0.25,1,0.25
Chocolate,AttuneDilut,12 Hours,7.4,0.25,1,1,0.375,0.8333,0.375,1,0.25,1,0.25
Chocolate,AttuneDilut,12 Hours,7.5,0.2333,1,1,0.3333,0.8333,0.3611,0.963,0.2333,0.8775,0.2333
Chocolate,AttuneDilut,12 Hours,7.6,0.15,1,1,0.2153,0.8333,0.2917,0.7368,0.15,0.4653,0.15
Chocolate,AttuneDilut,12 Hours,7.7,0,1,NA,0.1667,0.8333,0.1667,NA,0,NA,0
Chocolate,AttuneDilut,12 Hours,7.8,0,1,NA,0.1667,0.8333,0.1667,NA,0,NA,0
Chocolate,AttuneDilut,12 Hours,7.9,0,1,NA,0.1667,0.8333,0.1667,NA,0,NA,0
Chocolate,AttuneDilut,12 Hours,8,0,1,NA,0.1667,0.8333,0.1667,NA,0,NA,0
Chocolate,AttuneDilut,12 Hours,8.1,0,1,NA,0.1667,0.8333,0.1667,NA,0,NA,0
Chocolate,AttuneDilut,24 Hours,4.3,1,0.8333,0.9722,1,0.8333,0.9722,0.9848,0.9722,1,0.8333
Chocolate,AttuneDilut,24 Hours,4.4,1,0.9167,0.9861,1,0.8333,0.9861,0.9924,0.9861,1,0.9167
Chocolate,AttuneDilut,24 Hours,4.5,1,0.9167,0.9861,1,0.8333,0.9861,0.9924,0.9861,1,0.9167
Chocolate,AttuneDilut,24 Hours,4.6,1,1,1,1,0.8333,1,1,1,1,1
Chocolate,AttuneDilut,24 Hours,4.7,1,1,1,1,0.8333,1,1,1,1,1
Chocolate,AttuneDilut,24 Hours,4.8,0.9833,1,1,0.9583,0.8333,0.9861,0.9907,0.9833,0.9694,0.9833
Chocolate,AttuneDilut,24 Hours,4.9,0.9667,1,1,0.9444,0.8333,0.9722,0.9792,0.9667,0.9539,0.9667
Chocolate,AttuneDilut,24 Hours,5,0.95,1,1,0.9028,0.8333,0.9583,0.9699,0.95,0.9233,0.95
Chocolate,AttuneDilut,24 Hours,5.1,0.9333,1,1,0.8958,0.8333,0.9444,0.955,0.9333,0.9124,0.9333
Chocolate,AttuneDilut,24 Hours,5.2,0.9,1,1,0.875,0.8333,0.9167,0.9286,0.9,0.886,0.9
Chocolate,AttuneDilut,24 Hours,5.3,0.8667,1,1,0.8681,0.8333,0.8889,0.961,0.8667,0.9378,0.8667
Chocolate,AttuneDilut,24 Hours,5.4,0.8667,1,1,0.8681,0.8333,0.8889,0.961,0.8667,0.9378,0.8667
Chocolate,AttuneDilut,24 Hours,5.5,0.8667,1,1,0.8681,0.8333,0.8889,0.961,0.8667,0.9378,0.8667
Chocolate,AttuneDilut,24 Hours,5.6,0.8667,1,1,0.8681,0.8333,0.8889,0.961,0.8667,0.9378,0.8667
Chocolate,AttuneDilut,24 Hours,5.7,0.8667,1,1,0.8681,0.8333,0.8889,0.961,0.8667,0.9378,0.8667
Chocolate,AttuneDilut,24 Hours,5.8,0.85,1,1,0.8264,0.8333,0.875,0.9509,0.85,0.9044,0.85
Chocolate,AttuneDilut,24 Hours,5.9,0.8167,1,1,0.8083,0.8333,0.8472,0.9167,0.8167,0.877,0.8167
Chocolate,AttuneDilut,24 Hours,6,0.8,1,1,0.8014,0.8333,0.8333,0.9004,0.8,0.8651,0.8
Chocolate,AttuneDilut,24 Hours,6.1,0.7667,1,1,0.7569,0.8333,0.8056,0.946,0.7667,0.8949,0.7667
Chocolate,AttuneDilut,24 Hours,6.2,0.7333,1,1,0.7111,0.8333,0.7778,0.9111,0.7333,0.8465,0.7333
Chocolate,AttuneDilut,24 Hours,6.3,0.6833,1,1,0.6764,0.8333,0.7361,0.8655,0.6833,0.7963,0.6833
Chocolate,AttuneDilut,24 Hours,6.4,0.65,1,1,0.6694,0.8333,0.7083,0.8981,0.65,0.8497,0.65
Chocolate,AttuneDilut,24 Hours,6.5,0.6333,1,1,0.6667,0.8333,0.6944,0.9688,0.6333,0.9309,0.6333
Chocolate,AttuneDilut,24 Hours,6.6,0.6167,1,1,0.6597,0.8333,0.6806,0.9464,0.6167,0.9145,0.6167
Chocolate,AttuneDilut,24 Hours,6.7,0.6167,1,1,0.6597,0.8333,0.6806,0.9464,0.6167,0.9145,0.6167
Chocolate,AttuneDilut,24 Hours,6.8,0.5833,1,1,0.6528,0.8333,0.6528,1,0.5833,1,0.5833
Chocolate,AttuneDilut,24 Hours,6.9,0.5833,1,1,0.6528,0.8333,0.6528,1,0.5833,1,0.5833
Chocolate,AttuneDilut,24 Hours,7,0.5833,1,1,0.6528,0.8333,0.6528,1,0.5833,1,0.5833
Chocolate,AttuneDilut,24 Hours,7.1,0.5833,1,1,0.6528,0.8333,0.6528,1,0.5833,1,0.5833
Chocolate,AttuneDilut,24 Hours,7.2,0.5833,1,1,0.6528,0.8333,0.6528,1,0.5833,1,0.5833
Chocolate,AttuneDilut,24 Hours,7.3,0.5833,1,1,0.6528,0.8333,0.6528,1,0.5833,1,0.5833
Chocolate,AttuneDilut,24 Hours,7.4,0.4667,1,1,0.5236,0.8333,0.5556,0.8435,0.4667,0.788,0.4667
Chocolate,AttuneDilut,24 Hours,7.5,0.3,1,1,0.35,0.8333,0.4167,0.7944,0.3,0.6559,0.3
Chocolate,AttuneDilut,24 Hours,7.6,0.2333,1,1,0.2833,0.8333,0.3611,0.6611,0.2333,0.4959,0.2333
Chocolate,AttuneDilut,24 Hours,7.7,0.1167,1,1,0.2417,0.8333,0.2639,0.5556,0.1167,0.4667,0.1167
Chocolate,AttuneDilut,24 Hours,7.8,0.0667,1,1,0.1833,0.8333,0.2222,0.5417,0.0667,0.3236,0.0667
Chocolate,AttuneDilut,24 Hours,7.9,0.05,1,1,0.1806,0.8333,0.2083,0.75,0.05,0.4472,0.05
Chocolate,AttuneDilut,24 Hours,8,0.05,1,1,0.1806,0.8333,0.2083,0.75,0.05,0.4472,0.05
Chocolate,AttuneDilut,24 Hours,8.1,0,1,NA,0.1667,0.8333,0.1667,NA,0,NA,0
Chocolate,AttuneDilut,48 Hours,4.3,1,0.9167,0.9861,1,0.8333,0.9861,0.9924,0.9861,1,0.9167
Chocolate,AttuneDilut,48 Hours,4.4,1,0.9167,0.9861,1,0.8333,0.9861,0.9924,0.9861,1,0.9167
Chocolate,AttuneDilut,48 Hours,4.5,1,0.9167,0.9861,1,0.8333,0.9861,0.9924,0.9861,1,0.9167
Chocolate,AttuneDilut,48 Hours,4.6,1,1,1,1,0.8333,1,1,1,1,1
Chocolate,AttuneDilut,48 Hours,4.7,1,1,1,1,0.8333,1,1,1,1,1
Chocolate,AttuneDilut,48 Hours,4.8,1,1,1,1,0.8333,1,1,1,1,1
Chocolate,AttuneDilut,48 Hours,4.9,1,1,1,1,0.8333,1,1,1,1,1
Chocolate,AttuneDilut,48 Hours,5,1,1,1,1,0.8333,1,1,1,1,1
Chocolate,AttuneDilut,48 Hours,5.1,1,1,1,1,0.8333,1,1,1,1,1
Chocolate,AttuneDilut,48 Hours,5.2,1,1,1,1,0.8333,1,1,1,1,1
Chocolate,AttuneDilut,48 Hours,5.3,0.9833,1,1,0.9583,0.8333,0.9861,0.9907,0.9833,0.9694,0.9833
Chocolate,AttuneDilut,48 Hours,5.4,0.9667,1,1,0.9167,0.8333,0.9722,0.9815,0.9667,0.9387,0.9667
Chocolate,AttuneDilut,48 Hours,5.5,0.9167,1,1,0.8542,0.8333,0.9306,0.9458,0.9167,0.8818,0.9167
Chocolate,AttuneDilut,48 Hours,5.6,0.8833,1,1,0.8472,0.8333,0.9028,0.9798,0.8833,0.9332,0.8833
Chocolate,AttuneDilut,48 Hours,5.7,0.8167,1,1,0.7361,0.8333,0.8472,0.9343,0.8167,0.8327,0.8167
Chocolate,AttuneDilut,48 Hours,5.8,0.7667,1,1,0.7083,0.8333,0.8056,0.8892,0.7667,0.792,0.7667
Chocolate,AttuneDilut,48 Hours,5.9,0.7167,1,1,0.6486,0.8333,0.7639,0.8449,0.7167,0.7312,0.7167
Chocolate,AttuneDilut,48 Hours,6,0.6833,1,1,0.6389,0.8333,0.7361,0.8782,0.6833,0.7712,0.6833
Chocolate,AttuneDilut,48 Hours,6.1,0.6667,1,1,0.6347,0.8333,0.7222,0.8544,0.6667,0.7596,0.6667
Chocolate,AttuneDilut,48 Hours,6.2,0.6167,1,1,0.5097,0.8333,0.6806,0.821,0.6167,0.6493,0.6167
Chocolate,AttuneDilut,48 Hours,6.3,0.5,1,1,0.4083,0.8333,0.5833,0.7087,0.5,0.5192,0.5
Chocolate,AttuneDilut,48 Hours,6.4,0.4333,1,1,0.3417,0.8333,0.5278,0.6421,0.4333,0.4392,0.4333
Chocolate,AttuneDilut,48 Hours,6.5,0.35,1,1,0.3042,0.8333,0.4583,0.6548,0.35,0.4381,0.35
Chocolate,AttuneDilut,48 Hours,6.6,0.2833,1,1,0.2833,0.8333,0.4028,0.6156,0.2833,0.4181,0.2833
Chocolate,AttuneDilut,48 Hours,6.7,0.25,1,1,0.2722,0.8333,0.375,0.5561,0.25,0.3828,0.25
Chocolate,AttuneDilut,48 Hours,6.8,0.1833,1,1,0.2208,0.8333,0.3194,0.5754,0.1833,0.3592,0.1833
Chocolate,AttuneDilut,48 Hours,6.9,0.15,1,1,0.2042,0.8333,0.2917,0.6012,0.15,0.3527,0.15
Chocolate,AttuneDilut,48 Hours,7,0.1167,1,1,0.1931,0.8333,0.2639,0.497,0.1167,0.2909,0.1167
Chocolate,AttuneDilut,48 Hours,7.1,0.05,1,1,0.1764,0.8333,0.2083,0.4524,0.05,0.2581,0.05
Chocolate,AttuneDilut,48 Hours,7.2,0.0333,1,1,0.1736,0.8333,0.1944,0.5714,0.0333,0.3162,0.0333
Chocolate,AttuneDilut,48 Hours,7.3,0.0333,1,1,0.1736,0.8333,0.1944,0.5714,0.0333,0.3162,0.0333
Chocolate,AttuneDilut,48 Hours,7.4,0.0167,1,1,0.1694,0.8333,0.1806,0.3333,0.0167,0.2,0.0167
Chocolate,AttuneDilut,48 Hours,7.5,0.0167,1,1,0.1694,0.8333,0.1806,0.3333,0.0167,0.2,0.0167
Chocolate,AttuneDilut,48 Hours,7.6,0,1,NA,0.1667,0.8333,0.1667,NA,0,NA,0
Chocolate,AttuneDilut,48 Hours,7.7,0,1,NA,0.1667,0.8333,0.1667,NA,0,NA,0
Chocolate,AttuneDilut,48 Hours,7.8,0,1,NA,0.1667,0.8333,0.1667,NA,0,NA,0
Chocolate,AttuneDilut,48 Hours,7.9,0,1,NA,0.1667,0.8333,0.1667,NA,0,NA,0
Chocolate,AttuneDilut,48 Hours,8,0,1,NA,0.1667,0.8333,0.1667,NA,0,NA,0
Chocolate,AttuneDilut,48 Hours,8.1,0,1,NA,0.1667,0.8333,0.1667,NA,0,NA,0
