Bact,Time,log10_thresh,TP,FP,FN,TN,Sensitivity,Specificity,PPV,NPV,Prevalence,Accuracy,F1,Jaccard,MCC,Youden_J,Product,Test
Geo 1,12 Hours,-0.4,5,1,0,0,1,0,0.8333333333333334,NA,0.8333333333333334,0.8333333333333334,0.9090909090909091,0.8333333333333334,NA,0,Whipping Cream,AttuneDilut
Geo 1,12 Hours,-0.30000000000000004,5,0,0,1,1,1,1,1,0.8333333333333334,1,1,1,1,1,Whipping Cream,AttuneDilut
Geo 1,12 Hours,-0.2,5,0,0,1,1,1,1,1,0.8333333333333334,1,1,1,1,1,Whipping Cream,AttuneDilut
Geo 1,12 Hours,-0.09999999999999998,5,0,0,1,1,1,1,1,0.8333333333333334,1,1,1,1,1,Whipping Cream,AttuneDilut
Geo 1,12 Hours,0,5,0,0,1,1,1,1,1,0.8333333333333334,1,1,1,1,1,Whipping Cream,AttuneDilut
Geo 1,12 Hours,0.09999999999999998,5,0,0,1,1,1,1,1,0.8333333333333334,1,1,1,1,1,Whipping Cream,AttuneDilut
Geo 1,12 Hours,0.20000000000000007,5,0,0,1,1,1,1,1,0.8333333333333334,1,1,1,1,1,Whipping Cream,AttuneDilut
Geo 1,12 Hours,0.30000000000000004,5,0,0,1,1,1,1,1,0.8333333333333334,1,1,1,1,1,Whipping Cream,AttuneDilut
Geo 1,12 Hours,0.4,5,0,0,1,1,1,1,1,0.8333333333333334,1,1,1,1,1,Whipping Cream,AttuneDilut
Geo 1,12 Hours,0.5,5,0,0,1,1,1,1,1,0.8333333333333334,1,1,1,1,1,Whipping Cream,AttuneDilut
Geo 1,12 Hours,0.6,5,0,0,1,1,1,1,1,0.8333333333333334,1,1,1,1,1,Whipping Cream,AttuneDilut
Geo 1,12 Hours,0.7000000000000001,5,0,0,1,1,1,1,1,0.8333333333333334,1,1,1,1,1,Whipping Cream,AttuneDilut
Geo 1,12 Hours,0.8000000000000002,5,0,0,1,1,1,1,1,0.8333333333333334,1,1,1,1,1,Whipping Cream,AttuneDilut
Geo 1,12 Hours,0.9,5,0,0,1,1,1,1,1,0.8333333333333334,1,1,1,1,1,Whipping Cream,AttuneDilut
Geo 1,12 Hours,1,5,0,0,1,1,1,1,1,0.8333333333333334,1,1,1,1,1,Whipping Cream,AttuneDilut
Geo 1,12 Hours,1.1,5,0,0,1,1,1,1,1,0.8333333333333334,1,1,1,1,1,Whipping Cream,AttuneDilut
Geo 1,12 Hours,1.2000000000000002,5,0,0,1,1,1,1,1,0.8333333333333334,1,1,1,1,1,Whipping Cream,AttuneDilut
Geo 1,12 Hours,1.3000000000000003,5,0,0,1,1,1,1,1,0.8333333333333334,1,1,1,1,1,Whipping Cream,AttuneDilut
Geo 1,12 Hours,1.4,5,0,0,1,1,1,1,1,0.8333333333333334,1,1,1,1,1,Whipping Cream,AttuneDilut
Geo 1,12 Hours,1.5,5,0,0,1,1,1,1,1,0.8333333333333334,1,1,1,1,1,Whipping Cream,AttuneDilut
Geo 1,12 Hours,1.6,5,0,0,1,1,1,1,1,0.8333333333333334,1,1,1,1,1,Whipping Cream,AttuneDilut
Geo 1,12 Hours,1.7000000000000002,5,0,0,1,1,1,1,1,0.8333333333333334,1,1,1,1,1,Whipping Cream,AttuneDilut
Geo 1,12 Hours,1.8000000000000003,5,0,0,1,1,1,1,1,0.8333333333333334,1,1,1,1,1,Whipping Cream,AttuneDilut
Geo 1,12 Hours,1.9000000000000004,5,0,0,1,1,1,1,1,0.8333333333333334,1,1,1,1,1,Whipping Cream,AttuneDilut
Geo 1,12 Hours,2.0000000000000004,5,0,0,1,1,1,1,1,0.8333333333333334,1,1,1,1,1,Whipping Cream,AttuneDilut
Geo 1,12 Hours,2.1,5,0,0,1,1,1,1,1,0.8333333333333334,1,1,1,1,1,Whipping Cream,AttuneDilut
Geo 1,12 Hours,2.2,5,0,0,1,1,1,1,1,0.8333333333333334,1,1,1,1,1,Whipping Cream,AttuneDilut
Geo 1,12 Hours,2.3000000000000003,5,0,0,1,1,1,1,1,0.8333333333333334,1,1,1,1,1,Whipping Cream,AttuneDilut
Geo 1,12 Hours,2.4000000000000004,5,0,0,1,1,1,1,1,0.8333333333333334,1,1,1,1,1,Whipping Cream,AttuneDilut
Geo 1,12 Hours,2.5000000000000004,5,0,0,1,1,1,1,1,0.8333333333333334,1,1,1,1,1,Whipping Cream,AttuneDilut
Geo 1,12 Hours,2.6,5,0,0,1,1,1,1,1,0.8333333333333334,1,1,1,1,1,Whipping Cream,AttuneDilut
Geo 1,12 Hours,2.7,5,0,0,1,1,1,1,1,0.8333333333333334,1,1,1,1,1,Whipping Cream,AttuneDilut
Geo 1,12 Hours,2.8000000000000003,5,0,0,1,1,1,1,1,0.8333333333333334,1,1,1,1,1,Whipping Cream,AttuneDilut
Geo 1,12 Hours,2.9000000000000004,5,0,0,1,1,1,1,1,0.8333333333333334,1,1,1,1,1,Whipping Cream,AttuneDilut
Geo 1,12 Hours,3.0000000000000004,5,0,0,1,1,1,1,1,0.8333333333333334,1,1,1,1,1,Whipping Cream,AttuneDilut
Geo 1,12 Hours,3.1,5,0,0,1,1,1,1,1,0.8333333333333334,1,1,1,1,1,Whipping Cream,AttuneDilut
Geo 1,12 Hours,3.2,5,0,0,1,1,1,1,1,0.8333333333333334,1,1,1,1,1,Whipping Cream,AttuneDilut
Geo 1,12 Hours,3.3000000000000003,5,0,0,1,1,1,1,1,0.8333333333333334,1,1,1,1,1,Whipping Cream,AttuneDilut
Geo 1,12 Hours,3.4000000000000004,5,0,0,1,1,1,1,1,0.8333333333333334,1,1,1,1,1,Whipping Cream,AttuneDilut
Geo 1,12 Hours,3.5000000000000004,5,0,0,1,1,1,1,1,0.8333333333333334,1,1,1,1,1,Whipping Cream,AttuneDilut
Geo 1,12 Hours,3.6,5,0,0,1,1,1,1,1,0.8333333333333334,1,1,1,1,1,Whipping Cream,AttuneDilut
Geo 1,12 Hours,3.7000000000000006,5,0,0,1,1,1,1,1,0.8333333333333334,1,1,1,1,1,Whipping Cream,AttuneDilut
Geo 1,12 Hours,3.8000000000000003,5,0,0,1,1,1,1,1,0.8333333333333334,1,1,1,1,1,Whipping Cream,AttuneDilut
Geo 1,12 Hours,3.9,5,0,0,1,1,1,1,1,0.8333333333333334,1,1,1,1,1,Whipping Cream,AttuneDilut
Geo 1,12 Hours,4,5,0,0,1,1,1,1,1,0.8333333333333334,1,1,1,1,1,Whipping Cream,AttuneDilut
Geo 1,12 Hours,4.1,5,0,0,1,1,1,1,1,0.8333333333333334,1,1,1,1,1,Whipping Cream,AttuneDilut
Geo 1,12 Hours,4.2,5,0,0,1,1,1,1,1,0.8333333333333334,1,1,1,1,1,Whipping Cream,AttuneDilut
Geo 1,12 Hours,4.3,5,0,0,1,1,1,1,1,0.8333333333333334,1,1,1,1,1,Whipping Cream,AttuneDilut
Geo 1,12 Hours,4.4,5,0,0,1,1,1,1,1,0.8333333333333334,1,1,1,1,1,Whipping Cream,AttuneDilut
Geo 1,12 Hours,4.5,4,0,1,1,0.8,1,1,0.5,0.8333333333333334,0.8333333333333334,0.888888888888889,0.8,0.6324555320336759,0.8,Whipping Cream,AttuneDilut
Geo 1,12 Hours,4.6,4,0,1,1,0.8,1,1,0.5,0.8333333333333334,0.8333333333333334,0.888888888888889,0.8,0.6324555320336759,0.8,Whipping Cream,AttuneDilut
Geo 1,12 Hours,4.7,4,0,1,1,0.8,1,1,0.5,0.8333333333333334,0.8333333333333334,0.888888888888889,0.8,0.6324555320336759,0.8,Whipping Cream,AttuneDilut
Geo 1,12 Hours,4.8,4,0,1,1,0.8,1,1,0.5,0.8333333333333334,0.8333333333333334,0.888888888888889,0.8,0.6324555320336759,0.8,Whipping Cream,AttuneDilut
Geo 1,12 Hours,4.9,4,0,1,1,0.8,1,1,0.5,0.8333333333333334,0.8333333333333334,0.888888888888889,0.8,0.6324555320336759,0.8,Whipping Cream,AttuneDilut
Geo 1,12 Hours,5,3,0,2,1,0.6,1,1,0.3333333333333333,0.8333333333333334,0.6666666666666666,0.7499999999999999,0.6,0.44721359549995793,0.6000000000000001,Whipping Cream,AttuneDilut
Geo 1,12 Hours,5.1,3,0,2,1,0.6,1,1,0.3333333333333333,0.8333333333333334,0.6666666666666666,0.7499999999999999,0.6,0.44721359549995793,0.6000000000000001,Whipping Cream,AttuneDilut
Geo 1,12 Hours,5.2,3,0,2,1,0.6,1,1,0.3333333333333333,0.8333333333333334,0.6666666666666666,0.7499999999999999,0.6,0.44721359549995793,0.6000000000000001,Whipping Cream,AttuneDilut
Geo 1,12 Hours,5.3,2,0,3,1,0.4,1,1,0.25,0.8333333333333334,0.5,0.5714285714285715,0.4,0.31622776601683794,0.3999999999999999,Whipping Cream,AttuneDilut
Geo 1,12 Hours,5.4,1,0,4,1,0.2,1,1,0.2,0.8333333333333334,0.3333333333333333,0.33333333333333337,0.2,0.2,0.19999999999999996,Whipping Cream,AttuneDilut
Geo 1,12 Hours,5.5,1,0,4,1,0.2,1,1,0.2,0.8333333333333334,0.3333333333333333,0.33333333333333337,0.2,0.2,0.19999999999999996,Whipping Cream,AttuneDilut
Geo 1,12 Hours,5.6,1,0,4,1,0.2,1,1,0.2,0.8333333333333334,0.3333333333333333,0.33333333333333337,0.2,0.2,0.19999999999999996,Whipping Cream,AttuneDilut
Geo 1,12 Hours,5.7,0,0,5,1,0,1,NA,0.16666666666666666,0.8333333333333334,0.16666666666666666,NA,0,NA,0,Whipping Cream,AttuneDilut
Geo 1,12 Hours,5.8,0,0,5,1,0,1,NA,0.16666666666666666,0.8333333333333334,0.16666666666666666,NA,0,NA,0,Whipping Cream,AttuneDilut
Geo 1,12 Hours,5.9,0,0,5,1,0,1,NA,0.16666666666666666,0.8333333333333334,0.16666666666666666,NA,0,NA,0,Whipping Cream,AttuneDilut
Geo 1,12 Hours,6,0,0,5,1,0,1,NA,0.16666666666666666,0.8333333333333334,0.16666666666666666,NA,0,NA,0,Whipping Cream,AttuneDilut
Geo 1,12 Hours,6.1,0,0,5,1,0,1,NA,0.16666666666666666,0.8333333333333334,0.16666666666666666,NA,0,NA,0,Whipping Cream,AttuneDilut
Geo 1,12 Hours,6.2,0,0,5,1,0,1,NA,0.16666666666666666,0.8333333333333334,0.16666666666666666,NA,0,NA,0,Whipping Cream,AttuneDilut
Geo 1,12 Hours,6.3,0,0,5,1,0,1,NA,0.16666666666666666,0.8333333333333334,0.16666666666666666,NA,0,NA,0,Whipping Cream,AttuneDilut
Geo 1,12 Hours,6.4,0,0,5,1,0,1,NA,0.16666666666666666,0.8333333333333334,0.16666666666666666,NA,0,NA,0,Whipping Cream,AttuneDilut
Geo 1,12 Hours,6.5,0,0,5,1,0,1,NA,0.16666666666666666,0.8333333333333334,0.16666666666666666,NA,0,NA,0,Whipping Cream,AttuneDilut
Geo 1,12 Hours,6.6,0,0,5,1,0,1,NA,0.16666666666666666,0.8333333333333334,0.16666666666666666,NA,0,NA,0,Whipping Cream,AttuneDilut
Geo 1,12 Hours,6.7,0,0,5,1,0,1,NA,0.16666666666666666,0.8333333333333334,0.16666666666666666,NA,0,NA,0,Whipping Cream,AttuneDilut
Geo 1,12 Hours,6.8,0,0,5,1,0,1,NA,0.16666666666666666,0.8333333333333334,0.16666666666666666,NA,0,NA,0,Whipping Cream,AttuneDilut
Geo 1,12 Hours,6.9,0,0,5,1,0,1,NA,0.16666666666666666,0.8333333333333334,0.16666666666666666,NA,0,NA,0,Whipping Cream,AttuneDilut
Geo 1,12 Hours,7,0,0,5,1,0,1,NA,0.16666666666666666,0.8333333333333334,0.16666666666666666,NA,0,NA,0,Whipping Cream,AttuneDilut
Geo 1,12 Hours,7.1,0,0,5,1,0,1,NA,0.16666666666666666,0.8333333333333334,0.16666666666666666,NA,0,NA,0,Whipping Cream,AttuneDilut
Geo 1,12 Hours,7.2,0,0,5,1,0,1,NA,0.16666666666666666,0.8333333333333334,0.16666666666666666,NA,0,NA,0,Whipping Cream,AttuneDilut
Geo 1,12 Hours,7.3,0,0,5,1,0,1,NA,0.16666666666666666,0.8333333333333334,0.16666666666666666,NA,0,NA,0,Whipping Cream,AttuneDilut
Geo 1,12 Hours,7.4,0,0,5,1,0,1,NA,0.16666666666666666,0.8333333333333334,0.16666666666666666,NA,0,NA,0,Whipping Cream,AttuneDilut
Geo 1,12 Hours,7.5,0,0,5,1,0,1,NA,0.16666666666666666,0.8333333333333334,0.16666666666666666,NA,0,NA,0,Whipping Cream,AttuneDilut
Geo 1,12 Hours,7.6,0,0,5,1,0,1,NA,0.16666666666666666,0.8333333333333334,0.16666666666666666,NA,0,NA,0,Whipping Cream,AttuneDilut
Geo 1,12 Hours,7.699999999999999,0,0,5,1,0,1,NA,0.16666666666666666,0.8333333333333334,0.16666666666666666,NA,0,NA,0,Whipping Cream,AttuneDilut
Geo 1,12 Hours,7.8,0,0,5,1,0,1,NA,0.16666666666666666,0.8333333333333334,0.16666666666666666,NA,0,NA,0,Whipping Cream,AttuneDilut
Geo 1,24 Hours,-0.4,5,1,0,0,1,0,0.8333333333333334,NA,0.8333333333333334,0.8333333333333334,0.9090909090909091,0.8333333333333334,NA,0,Whipping Cream,AttuneDilut
Geo 1,24 Hours,-0.30000000000000004,5,1,0,0,1,0,0.8333333333333334,NA,0.8333333333333334,0.8333333333333334,0.9090909090909091,0.8333333333333334,NA,0,Whipping Cream,AttuneDilut
Geo 1,24 Hours,-0.2,5,1,0,0,1,0,0.8333333333333334,NA,0.8333333333333334,0.8333333333333334,0.9090909090909091,0.8333333333333334,NA,0,Whipping Cream,AttuneDilut
Geo 1,24 Hours,-0.09999999999999998,5,1,0,0,1,0,0.8333333333333334,NA,0.8333333333333334,0.8333333333333334,0.9090909090909091,0.8333333333333334,NA,0,Whipping Cream,AttuneDilut
Geo 1,24 Hours,0,5,1,0,0,1,0,0.8333333333333334,NA,0.8333333333333334,0.8333333333333334,0.9090909090909091,0.8333333333333334,NA,0,Whipping Cream,AttuneDilut
Geo 1,24 Hours,0.09999999999999998,5,1,0,0,1,0,0.8333333333333334,NA,0.8333333333333334,0.8333333333333334,0.9090909090909091,0.8333333333333334,NA,0,Whipping Cream,AttuneDilut
Geo 1,24 Hours,0.20000000000000007,5,1,0,0,1,0,0.8333333333333334,NA,0.8333333333333334,0.8333333333333334,0.9090909090909091,0.8333333333333334,NA,0,Whipping Cream,AttuneDilut
Geo 1,24 Hours,0.30000000000000004,5,1,0,0,1,0,0.8333333333333334,NA,0.8333333333333334,0.8333333333333334,0.9090909090909091,0.8333333333333334,NA,0,Whipping Cream,AttuneDilut
Geo 1,24 Hours,0.4,5,1,0,0,1,0,0.8333333333333334,NA,0.8333333333333334,0.8333333333333334,0.9090909090909091,0.8333333333333334,NA,0,Whipping Cream,AttuneDilut
Geo 1,24 Hours,0.5,5,1,0,0,1,0,0.8333333333333334,NA,0.8333333333333334,0.8333333333333334,0.9090909090909091,0.8333333333333334,NA,0,Whipping Cream,AttuneDilut
Geo 1,24 Hours,0.6,5,1,0,0,1,0,0.8333333333333334,NA,0.8333333333333334,0.8333333333333334,0.9090909090909091,0.8333333333333334,NA,0,Whipping Cream,AttuneDilut
Geo 1,24 Hours,0.7000000000000001,5,1,0,0,1,0,0.8333333333333334,NA,0.8333333333333334,0.8333333333333334,0.9090909090909091,0.8333333333333334,NA,0,Whipping Cream,AttuneDilut
Geo 1,24 Hours,0.8000000000000002,5,1,0,0,1,0,0.8333333333333334,NA,0.8333333333333334,0.8333333333333334,0.9090909090909091,0.8333333333333334,NA,0,Whipping Cream,AttuneDilut
Geo 1,24 Hours,0.9,5,1,0,0,1,0,0.8333333333333334,NA,0.8333333333333334,0.8333333333333334,0.9090909090909091,0.8333333333333334,NA,0,Whipping Cream,AttuneDilut
Geo 1,24 Hours,1,5,1,0,0,1,0,0.8333333333333334,NA,0.8333333333333334,0.8333333333333334,0.9090909090909091,0.8333333333333334,NA,0,Whipping Cream,AttuneDilut
Geo 1,24 Hours,1.1,5,1,0,0,1,0,0.8333333333333334,NA,0.8333333333333334,0.8333333333333334,0.9090909090909091,0.8333333333333334,NA,0,Whipping Cream,AttuneDilut
Geo 1,24 Hours,1.2000000000000002,5,1,0,0,1,0,0.8333333333333334,NA,0.8333333333333334,0.8333333333333334,0.9090909090909091,0.8333333333333334,NA,0,Whipping Cream,AttuneDilut
Geo 1,24 Hours,1.3000000000000003,5,1,0,0,1,0,0.8333333333333334,NA,0.8333333333333334,0.8333333333333334,0.9090909090909091,0.8333333333333334,NA,0,Whipping Cream,AttuneDilut
Geo 1,24 Hours,1.4,5,1,0,0,1,0,0.8333333333333334,NA,0.8333333333333334,0.8333333333333334,0.9090909090909091,0.8333333333333334,NA,0,Whipping Cream,AttuneDilut
Geo 1,24 Hours,1.5,5,1,0,0,1,0,0.8333333333333334,NA,0.8333333333333334,0.8333333333333334,0.9090909090909091,0.8333333333333334,NA,0,Whipping Cream,AttuneDilut
Geo 1,24 Hours,1.6,5,1,0,0,1,0,0.8333333333333334,NA,0.8333333333333334,0.8333333333333334,0.9090909090909091,0.8333333333333334,NA,0,Whipping Cream,AttuneDilut
Geo 1,24 Hours,1.7000000000000002,5,1,0,0,1,0,0.8333333333333334,NA,0.8333333333333334,0.8333333333333334,0.9090909090909091,0.8333333333333334,NA,0,Whipping Cream,AttuneDilut
Geo 1,24 Hours,1.8000000000000003,5,1,0,0,1,0,0.8333333333333334,NA,0.8333333333333334,0.8333333333333334,0.9090909090909091,0.8333333333333334,NA,0,Whipping Cream,AttuneDilut
Geo 1,24 Hours,1.9000000000000004,5,1,0,0,1,0,0.8333333333333334,NA,0.8333333333333334,0.8333333333333334,0.9090909090909091,0.8333333333333334,NA,0,Whipping Cream,AttuneDilut
Geo 1,24 Hours,2.0000000000000004,5,1,0,0,1,0,0.8333333333333334,NA,0.8333333333333334,0.8333333333333334,0.9090909090909091,0.8333333333333334,NA,0,Whipping Cream,AttuneDilut
Geo 1,24 Hours,2.1,5,1,0,0,1,0,0.8333333333333334,NA,0.8333333333333334,0.8333333333333334,0.9090909090909091,0.8333333333333334,NA,0,Whipping Cream,AttuneDilut
Geo 1,24 Hours,2.2,5,1,0,0,1,0,0.8333333333333334,NA,0.8333333333333334,0.8333333333333334,0.9090909090909091,0.8333333333333334,NA,0,Whipping Cream,AttuneDilut
Geo 1,24 Hours,2.3000000000000003,5,1,0,0,1,0,0.8333333333333334,NA,0.8333333333333334,0.8333333333333334,0.9090909090909091,0.8333333333333334,NA,0,Whipping Cream,AttuneDilut
Geo 1,24 Hours,2.4000000000000004,5,0,0,1,1,1,1,1,0.8333333333333334,1,1,1,1,1,Whipping Cream,AttuneDilut
Geo 1,24 Hours,2.5000000000000004,5,0,0,1,1,1,1,1,0.8333333333333334,1,1,1,1,1,Whipping Cream,AttuneDilut
Geo 1,24 Hours,2.6,5,0,0,1,1,1,1,1,0.8333333333333334,1,1,1,1,1,Whipping Cream,AttuneDilut
Geo 1,24 Hours,2.7,5,0,0,1,1,1,1,1,0.8333333333333334,1,1,1,1,1,Whipping Cream,AttuneDilut
Geo 1,24 Hours,2.8000000000000003,5,0,0,1,1,1,1,1,0.8333333333333334,1,1,1,1,1,Whipping Cream,AttuneDilut
Geo 1,24 Hours,2.9000000000000004,5,0,0,1,1,1,1,1,0.8333333333333334,1,1,1,1,1,Whipping Cream,AttuneDilut
Geo 1,24 Hours,3.0000000000000004,5,0,0,1,1,1,1,1,0.8333333333333334,1,1,1,1,1,Whipping Cream,AttuneDilut
Geo 1,24 Hours,3.1,5,0,0,1,1,1,1,1,0.8333333333333334,1,1,1,1,1,Whipping Cream,AttuneDilut
Geo 1,24 Hours,3.2,5,0,0,1,1,1,1,1,0.8333333333333334,1,1,1,1,1,Whipping Cream,AttuneDilut
Geo 1,24 Hours,3.3000000000000003,5,0,0,1,1,1,1,1,0.8333333333333334,1,1,1,1,1,Whipping Cream,AttuneDilut
Geo 1,24 Hours,3.4000000000000004,5,0,0,1,1,1,1,1,0.8333333333333334,1,1,1,1,1,Whipping Cream,AttuneDilut
Geo 1,24 Hours,3.5000000000000004,5,0,0,1,1,1,1,1,0.8333333333333334,1,1,1,1,1,Whipping Cream,AttuneDilut
Geo 1,24 Hours,3.6,5,0,0,1,1,1,1,1,0.8333333333333334,1,1,1,1,1,Whipping Cream,AttuneDilut
Geo 1,24 Hours,3.7000000000000006,5,0,0,1,1,1,1,1,0.8333333333333334,1,1,1,1,1,Whipping Cream,AttuneDilut
Geo 1,24 Hours,3.8000000000000003,5,0,0,1,1,1,1,1,0.8333333333333334,1,1,1,1,1,Whipping Cream,AttuneDilut
Geo 1,24 Hours,3.9,5,0,0,1,1,1,1,1,0.8333333333333334,1,1,1,1,1,Whipping Cream,AttuneDilut
Geo 1,24 Hours,4,5,0,0,1,1,1,1,1,0.8333333333333334,1,1,1,1,1,Whipping Cream,AttuneDilut
Geo 1,24 Hours,4.1,5,0,0,1,1,1,1,1,0.8333333333333334,1,1,1,1,1,Whipping Cream,AttuneDilut
Geo 1,24 Hours,4.2,5,0,0,1,1,1,1,1,0.8333333333333334,1,1,1,1,1,Whipping Cream,AttuneDilut
Geo 1,24 Hours,4.3,5,0,0,1,1,1,1,1,0.8333333333333334,1,1,1,1,1,Whipping Cream,AttuneDilut
Geo 1,24 Hours,4.4,5,0,0,1,1,1,1,1,0.8333333333333334,1,1,1,1,1,Whipping Cream,AttuneDilut
Geo 1,24 Hours,4.5,5,0,0,1,1,1,1,1,0.8333333333333334,1,1,1,1,1,Whipping Cream,AttuneDilut
Geo 1,24 Hours,4.6,5,0,0,1,1,1,1,1,0.8333333333333334,1,1,1,1,1,Whipping Cream,AttuneDilut
Geo 1,24 Hours,4.7,5,0,0,1,1,1,1,1,0.8333333333333334,1,1,1,1,1,Whipping Cream,AttuneDilut
Geo 1,24 Hours,4.8,5,0,0,1,1,1,1,1,0.8333333333333334,1,1,1,1,1,Whipping Cream,AttuneDilut
Geo 1,24 Hours,4.9,5,0,0,1,1,1,1,1,0.8333333333333334,1,1,1,1,1,Whipping Cream,AttuneDilut
Geo 1,24 Hours,5,5,0,0,1,1,1,1,1,0.8333333333333334,1,1,1,1,1,Whipping Cream,AttuneDilut
Geo 1,24 Hours,5.1,5,0,0,1,1,1,1,1,0.8333333333333334,1,1,1,1,1,Whipping Cream,AttuneDilut
Geo 1,24 Hours,5.2,5,0,0,1,1,1,1,1,0.8333333333333334,1,1,1,1,1,Whipping Cream,AttuneDilut
Geo 1,24 Hours,5.3,5,0,0,1,1,1,1,1,0.8333333333333334,1,1,1,1,1,Whipping Cream,AttuneDilut
Geo 1,24 Hours,5.4,5,0,0,1,1,1,1,1,0.8333333333333334,1,1,1,1,1,Whipping Cream,AttuneDilut
Geo 1,24 Hours,5.5,5,0,0,1,1,1,1,1,0.8333333333333334,1,1,1,1,1,Whipping Cream,AttuneDilut
Geo 1,24 Hours,5.6,5,0,0,1,1,1,1,1,0.8333333333333334,1,1,1,1,1,Whipping Cream,AttuneDilut
Geo 1,24 Hours,5.7,5,0,0,1,1,1,1,1,0.8333333333333334,1,1,1,1,1,Whipping Cream,AttuneDilut
Geo 1,24 Hours,5.8,5,0,0,1,1,1,1,1,0.8333333333333334,1,1,1,1,1,Whipping Cream,AttuneDilut
Geo 1,24 Hours,5.9,5,0,0,1,1,1,1,1,0.8333333333333334,1,1,1,1,1,Whipping Cream,AttuneDilut
Geo 1,24 Hours,6,5,0,0,1,1,1,1,1,0.8333333333333334,1,1,1,1,1,Whipping Cream,AttuneDilut
Geo 1,24 Hours,6.1,5,0,0,1,1,1,1,1,0.8333333333333334,1,1,1,1,1,Whipping Cream,AttuneDilut
Geo 1,24 Hours,6.2,5,0,0,1,1,1,1,1,0.8333333333333334,1,1,1,1,1,Whipping Cream,AttuneDilut
Geo 1,24 Hours,6.3,5,0,0,1,1,1,1,1,0.8333333333333334,1,1,1,1,1,Whipping Cream,AttuneDilut
Geo 1,24 Hours,6.4,5,0,0,1,1,1,1,1,0.8333333333333334,1,1,1,1,1,Whipping Cream,AttuneDilut
Geo 1,24 Hours,6.5,5,0,0,1,1,1,1,1,0.8333333333333334,1,1,1,1,1,Whipping Cream,AttuneDilut
Geo 1,24 Hours,6.6,5,0,0,1,1,1,1,1,0.8333333333333334,1,1,1,1,1,Whipping Cream,AttuneDilut
Geo 1,24 Hours,6.7,5,0,0,1,1,1,1,1,0.8333333333333334,1,1,1,1,1,Whipping Cream,AttuneDilut
Geo 1,24 Hours,6.8,5,0,0,1,1,1,1,1,0.8333333333333334,1,1,1,1,1,Whipping Cream,AttuneDilut
Geo 1,24 Hours,6.9,5,0,0,1,1,1,1,1,0.8333333333333334,1,1,1,1,1,Whipping Cream,AttuneDilut
Geo 1,24 Hours,7,5,0,0,1,1,1,1,1,0.8333333333333334,1,1,1,1,1,Whipping Cream,AttuneDilut
Geo 1,24 Hours,7.1,5,0,0,1,1,1,1,1,0.8333333333333334,1,1,1,1,1,Whipping Cream,AttuneDilut
Geo 1,24 Hours,7.2,5,0,0,1,1,1,1,1,0.8333333333333334,1,1,1,1,1,Whipping Cream,AttuneDilut
Geo 1,24 Hours,7.3,5,0,0,1,1,1,1,1,0.8333333333333334,1,1,1,1,1,Whipping Cream,AttuneDilut
Geo 1,24 Hours,7.4,5,0,0,1,1,1,1,1,0.8333333333333334,1,1,1,1,1,Whipping Cream,AttuneDilut
Geo 1,24 Hours,7.5,5,0,0,1,1,1,1,1,0.8333333333333334,1,1,1,1,1,Whipping Cream,AttuneDilut
Geo 1,24 Hours,7.6,4,0,1,1,0.8,1,1,0.5,0.8333333333333334,0.8333333333333334,0.888888888888889,0.8,0.6324555320336759,0.8,Whipping Cream,AttuneDilut
Geo 1,24 Hours,7.699999999999999,2,0,3,1,0.4,1,1,0.25,0.8333333333333334,0.5,0.5714285714285715,0.4,0.31622776601683794,0.3999999999999999,Whipping Cream,AttuneDilut
Geo 1,24 Hours,7.8,0,0,5,1,0,1,NA,0.16666666666666666,0.8333333333333334,0.16666666666666666,NA,0,NA,0,Whipping Cream,AttuneDilut
Geo 1,48 Hours,-0.4,5,1,0,0,1,0,0.8333333333333334,NA,0.8333333333333334,0.8333333333333334,0.9090909090909091,0.8333333333333334,NA,0,Whipping Cream,AttuneDilut
Geo 1,48 Hours,-0.30000000000000004,5,0,0,1,1,1,1,1,0.8333333333333334,1,1,1,1,1,Whipping Cream,AttuneDilut
Geo 1,48 Hours,-0.2,5,0,0,1,1,1,1,1,0.8333333333333334,1,1,1,1,1,Whipping Cream,AttuneDilut
Geo 1,48 Hours,-0.09999999999999998,5,0,0,1,1,1,1,1,0.8333333333333334,1,1,1,1,1,Whipping Cream,AttuneDilut
Geo 1,48 Hours,0,5,0,0,1,1,1,1,1,0.8333333333333334,1,1,1,1,1,Whipping Cream,AttuneDilut
Geo 1,48 Hours,0.09999999999999998,5,0,0,1,1,1,1,1,0.8333333333333334,1,1,1,1,1,Whipping Cream,AttuneDilut
Geo 1,48 Hours,0.20000000000000007,5,0,0,1,1,1,1,1,0.8333333333333334,1,1,1,1,1,Whipping Cream,AttuneDilut
Geo 1,48 Hours,0.30000000000000004,5,0,0,1,1,1,1,1,0.8333333333333334,1,1,1,1,1,Whipping Cream,AttuneDilut
Geo 1,48 Hours,0.4,5,0,0,1,1,1,1,1,0.8333333333333334,1,1,1,1,1,Whipping Cream,AttuneDilut
Geo 1,48 Hours,0.5,5,0,0,1,1,1,1,1,0.8333333333333334,1,1,1,1,1,Whipping Cream,AttuneDilut
Geo 1,48 Hours,0.6,5,0,0,1,1,1,1,1,0.8333333333333334,1,1,1,1,1,Whipping Cream,AttuneDilut
Geo 1,48 Hours,0.7000000000000001,5,0,0,1,1,1,1,1,0.8333333333333334,1,1,1,1,1,Whipping Cream,AttuneDilut
Geo 1,48 Hours,0.8000000000000002,5,0,0,1,1,1,1,1,0.8333333333333334,1,1,1,1,1,Whipping Cream,AttuneDilut
Geo 1,48 Hours,0.9,5,0,0,1,1,1,1,1,0.8333333333333334,1,1,1,1,1,Whipping Cream,AttuneDilut
Geo 1,48 Hours,1,5,0,0,1,1,1,1,1,0.8333333333333334,1,1,1,1,1,Whipping Cream,AttuneDilut
Geo 1,48 Hours,1.1,5,0,0,1,1,1,1,1,0.8333333333333334,1,1,1,1,1,Whipping Cream,AttuneDilut
Geo 1,48 Hours,1.2000000000000002,5,0,0,1,1,1,1,1,0.8333333333333334,1,1,1,1,1,Whipping Cream,AttuneDilut
Geo 1,48 Hours,1.3000000000000003,5,0,0,1,1,1,1,1,0.8333333333333334,1,1,1,1,1,Whipping Cream,AttuneDilut
Geo 1,48 Hours,1.4,5,0,0,1,1,1,1,1,0.8333333333333334,1,1,1,1,1,Whipping Cream,AttuneDilut
Geo 1,48 Hours,1.5,5,0,0,1,1,1,1,1,0.8333333333333334,1,1,1,1,1,Whipping Cream,AttuneDilut
Geo 1,48 Hours,1.6,5,0,0,1,1,1,1,1,0.8333333333333334,1,1,1,1,1,Whipping Cream,AttuneDilut
Geo 1,48 Hours,1.7000000000000002,5,0,0,1,1,1,1,1,0.8333333333333334,1,1,1,1,1,Whipping Cream,AttuneDilut
Geo 1,48 Hours,1.8000000000000003,5,0,0,1,1,1,1,1,0.8333333333333334,1,1,1,1,1,Whipping Cream,AttuneDilut
Geo 1,48 Hours,1.9000000000000004,5,0,0,1,1,1,1,1,0.8333333333333334,1,1,1,1,1,Whipping Cream,AttuneDilut
Geo 1,48 Hours,2.0000000000000004,5,0,0,1,1,1,1,1,0.8333333333333334,1,1,1,1,1,Whipping Cream,AttuneDilut
Geo 1,48 Hours,2.1,5,0,0,1,1,1,1,1,0.8333333333333334,1,1,1,1,1,Whipping Cream,AttuneDilut
Geo 1,48 Hours,2.2,5,0,0,1,1,1,1,1,0.8333333333333334,1,1,1,1,1,Whipping Cream,AttuneDilut
Geo 1,48 Hours,2.3000000000000003,5,0,0,1,1,1,1,1,0.8333333333333334,1,1,1,1,1,Whipping Cream,AttuneDilut
Geo 1,48 Hours,2.4000000000000004,5,0,0,1,1,1,1,1,0.8333333333333334,1,1,1,1,1,Whipping Cream,AttuneDilut
Geo 1,48 Hours,2.5000000000000004,5,0,0,1,1,1,1,1,0.8333333333333334,1,1,1,1,1,Whipping Cream,AttuneDilut
Geo 1,48 Hours,2.6,5,0,0,1,1,1,1,1,0.8333333333333334,1,1,1,1,1,Whipping Cream,AttuneDilut
Geo 1,48 Hours,2.7,5,0,0,1,1,1,1,1,0.8333333333333334,1,1,1,1,1,Whipping Cream,AttuneDilut
Geo 1,48 Hours,2.8000000000000003,5,0,0,1,1,1,1,1,0.8333333333333334,1,1,1,1,1,Whipping Cream,AttuneDilut
Geo 1,48 Hours,2.9000000000000004,5,0,0,1,1,1,1,1,0.8333333333333334,1,1,1,1,1,Whipping Cream,AttuneDilut
Geo 1,48 Hours,3.0000000000000004,5,0,0,1,1,1,1,1,0.8333333333333334,1,1,1,1,1,Whipping Cream,AttuneDilut
Geo 1,48 Hours,3.1,5,0,0,1,1,1,1,1,0.8333333333333334,1,1,1,1,1,Whipping Cream,AttuneDilut
Geo 1,48 Hours,3.2,5,0,0,1,1,1,1,1,0.8333333333333334,1,1,1,1,1,Whipping Cream,AttuneDilut
Geo 1,48 Hours,3.3000000000000003,5,0,0,1,1,1,1,1,0.8333333333333334,1,1,1,1,1,Whipping Cream,AttuneDilut
Geo 1,48 Hours,3.4000000000000004,5,0,0,1,1,1,1,1,0.8333333333333334,1,1,1,1,1,Whipping Cream,AttuneDilut
Geo 1,48 Hours,3.5000000000000004,5,0,0,1,1,1,1,1,0.8333333333333334,1,1,1,1,1,Whipping Cream,AttuneDilut
Geo 1,48 Hours,3.6,5,0,0,1,1,1,1,1,0.8333333333333334,1,1,1,1,1,Whipping Cream,AttuneDilut
Geo 1,48 Hours,3.7000000000000006,5,0,0,1,1,1,1,1,0.8333333333333334,1,1,1,1,1,Whipping Cream,AttuneDilut
Geo 1,48 Hours,3.8000000000000003,5,0,0,1,1,1,1,1,0.8333333333333334,1,1,1,1,1,Whipping Cream,AttuneDilut
Geo 1,48 Hours,3.9,5,0,0,1,1,1,1,1,0.8333333333333334,1,1,1,1,1,Whipping Cream,AttuneDilut
Geo 1,48 Hours,4,5,0,0,1,1,1,1,1,0.8333333333333334,1,1,1,1,1,Whipping Cream,AttuneDilut
Geo 1,48 Hours,4.1,5,0,0,1,1,1,1,1,0.8333333333333334,1,1,1,1,1,Whipping Cream,AttuneDilut
Geo 1,48 Hours,4.2,5,0,0,1,1,1,1,1,0.8333333333333334,1,1,1,1,1,Whipping Cream,AttuneDilut
Geo 1,48 Hours,4.3,5,0,0,1,1,1,1,1,0.8333333333333334,1,1,1,1,1,Whipping Cream,AttuneDilut
Geo 1,48 Hours,4.4,5,0,0,1,1,1,1,1,0.8333333333333334,1,1,1,1,1,Whipping Cream,AttuneDilut
Geo 1,48 Hours,4.5,5,0,0,1,1,1,1,1,0.8333333333333334,1,1,1,1,1,Whipping Cream,AttuneDilut
Geo 1,48 Hours,4.6,5,0,0,1,1,1,1,1,0.8333333333333334,1,1,1,1,1,Whipping Cream,AttuneDilut
Geo 1,48 Hours,4.7,5,0,0,1,1,1,1,1,0.8333333333333334,1,1,1,1,1,Whipping Cream,AttuneDilut
Geo 1,48 Hours,4.8,5,0,0,1,1,1,1,1,0.8333333333333334,1,1,1,1,1,Whipping Cream,AttuneDilut
Geo 1,48 Hours,4.9,5,0,0,1,1,1,1,1,0.8333333333333334,1,1,1,1,1,Whipping Cream,AttuneDilut
Geo 1,48 Hours,5,5,0,0,1,1,1,1,1,0.8333333333333334,1,1,1,1,1,Whipping Cream,AttuneDilut
Geo 1,48 Hours,5.1,5,0,0,1,1,1,1,1,0.8333333333333334,1,1,1,1,1,Whipping Cream,AttuneDilut
Geo 1,48 Hours,5.2,5,0,0,1,1,1,1,1,0.8333333333333334,1,1,1,1,1,Whipping Cream,AttuneDilut
Geo 1,48 Hours,5.3,5,0,0,1,1,1,1,1,0.8333333333333334,1,1,1,1,1,Whipping Cream,AttuneDilut
Geo 1,48 Hours,5.4,4,0,1,1,0.8,1,1,0.5,0.8333333333333334,0.8333333333333334,0.888888888888889,0.8,0.6324555320336759,0.8,Whipping Cream,AttuneDilut
Geo 1,48 Hours,5.5,4,0,1,1,0.8,1,1,0.5,0.8333333333333334,0.8333333333333334,0.888888888888889,0.8,0.6324555320336759,0.8,Whipping Cream,AttuneDilut
Geo 1,48 Hours,5.6,4,0,1,1,0.8,1,1,0.5,0.8333333333333334,0.8333333333333334,0.888888888888889,0.8,0.6324555320336759,0.8,Whipping Cream,AttuneDilut
Geo 1,48 Hours,5.7,3,0,2,1,0.6,1,1,0.3333333333333333,0.8333333333333334,0.6666666666666666,0.7499999999999999,0.6,0.44721359549995793,0.6000000000000001,Whipping Cream,AttuneDilut
Geo 1,48 Hours,5.8,3,0,2,1,0.6,1,1,0.3333333333333333,0.8333333333333334,0.6666666666666666,0.7499999999999999,0.6,0.44721359549995793,0.6000000000000001,Whipping Cream,AttuneDilut
Geo 1,48 Hours,5.9,2,0,3,1,0.4,1,1,0.25,0.8333333333333334,0.5,0.5714285714285715,0.4,0.31622776601683794,0.3999999999999999,Whipping Cream,AttuneDilut
Geo 1,48 Hours,6,2,0,3,1,0.4,1,1,0.25,0.8333333333333334,0.5,0.5714285714285715,0.4,0.31622776601683794,0.3999999999999999,Whipping Cream,AttuneDilut
Geo 1,48 Hours,6.1,1,0,4,1,0.2,1,1,0.2,0.8333333333333334,0.3333333333333333,0.33333333333333337,0.2,0.2,0.19999999999999996,Whipping Cream,AttuneDilut
Geo 1,48 Hours,6.2,1,0,4,1,0.2,1,1,0.2,0.8333333333333334,0.3333333333333333,0.33333333333333337,0.2,0.2,0.19999999999999996,Whipping Cream,AttuneDilut
Geo 1,48 Hours,6.3,0,0,5,1,0,1,NA,0.16666666666666666,0.8333333333333334,0.16666666666666666,NA,0,NA,0,Whipping Cream,AttuneDilut
Geo 1,48 Hours,6.4,0,0,5,1,0,1,NA,0.16666666666666666,0.8333333333333334,0.16666666666666666,NA,0,NA,0,Whipping Cream,AttuneDilut
Geo 1,48 Hours,6.5,0,0,5,1,0,1,NA,0.16666666666666666,0.8333333333333334,0.16666666666666666,NA,0,NA,0,Whipping Cream,AttuneDilut
Geo 1,48 Hours,6.6,0,0,5,1,0,1,NA,0.16666666666666666,0.8333333333333334,0.16666666666666666,NA,0,NA,0,Whipping Cream,AttuneDilut
Geo 1,48 Hours,6.7,0,0,5,1,0,1,NA,0.16666666666666666,0.8333333333333334,0.16666666666666666,NA,0,NA,0,Whipping Cream,AttuneDilut
Geo 1,48 Hours,6.8,0,0,5,1,0,1,NA,0.16666666666666666,0.8333333333333334,0.16666666666666666,NA,0,NA,0,Whipping Cream,AttuneDilut
Geo 1,48 Hours,6.9,0,0,5,1,0,1,NA,0.16666666666666666,0.8333333333333334,0.16666666666666666,NA,0,NA,0,Whipping Cream,AttuneDilut
Geo 1,48 Hours,7,0,0,5,1,0,1,NA,0.16666666666666666,0.8333333333333334,0.16666666666666666,NA,0,NA,0,Whipping Cream,AttuneDilut
Geo 1,48 Hours,7.1,0,0,5,1,0,1,NA,0.16666666666666666,0.8333333333333334,0.16666666666666666,NA,0,NA,0,Whipping Cream,AttuneDilut
Geo 1,48 Hours,7.2,0,0,5,1,0,1,NA,0.16666666666666666,0.8333333333333334,0.16666666666666666,NA,0,NA,0,Whipping Cream,AttuneDilut
Geo 1,48 Hours,7.3,0,0,5,1,0,1,NA,0.16666666666666666,0.8333333333333334,0.16666666666666666,NA,0,NA,0,Whipping Cream,AttuneDilut
Geo 1,48 Hours,7.4,0,0,5,1,0,1,NA,0.16666666666666666,0.8333333333333334,0.16666666666666666,NA,0,NA,0,Whipping Cream,AttuneDilut
Geo 1,48 Hours,7.5,0,0,5,1,0,1,NA,0.16666666666666666,0.8333333333333334,0.16666666666666666,NA,0,NA,0,Whipping Cream,AttuneDilut
Geo 1,48 Hours,7.6,0,0,5,1,0,1,NA,0.16666666666666666,0.8333333333333334,0.16666666666666666,NA,0,NA,0,Whipping Cream,AttuneDilut
Geo 1,48 Hours,7.699999999999999,0,0,5,1,0,1,NA,0.16666666666666666,0.8333333333333334,0.16666666666666666,NA,0,NA,0,Whipping Cream,AttuneDilut
Geo 1,48 Hours,7.8,0,0,5,1,0,1,NA,0.16666666666666666,0.8333333333333334,0.16666666666666666,NA,0,NA,0,Whipping Cream,AttuneDilut
Geo 1,72 Hours,-0.4,5,1,0,0,1,0,0.8333333333333334,NA,0.8333333333333334,0.8333333333333334,0.9090909090909091,0.8333333333333334,NA,0,Whipping Cream,AttuneDilut
Geo 1,72 Hours,-0.30000000000000004,5,0,0,1,1,1,1,1,0.8333333333333334,1,1,1,1,1,Whipping Cream,AttuneDilut
Geo 1,72 Hours,-0.2,5,0,0,1,1,1,1,1,0.8333333333333334,1,1,1,1,1,Whipping Cream,AttuneDilut
Geo 1,72 Hours,-0.09999999999999998,5,0,0,1,1,1,1,1,0.8333333333333334,1,1,1,1,1,Whipping Cream,AttuneDilut
Geo 1,72 Hours,0,5,0,0,1,1,1,1,1,0.8333333333333334,1,1,1,1,1,Whipping Cream,AttuneDilut
Geo 1,72 Hours,0.09999999999999998,5,0,0,1,1,1,1,1,0.8333333333333334,1,1,1,1,1,Whipping Cream,AttuneDilut
Geo 1,72 Hours,0.20000000000000007,5,0,0,1,1,1,1,1,0.8333333333333334,1,1,1,1,1,Whipping Cream,AttuneDilut
Geo 1,72 Hours,0.30000000000000004,5,0,0,1,1,1,1,1,0.8333333333333334,1,1,1,1,1,Whipping Cream,AttuneDilut
Geo 1,72 Hours,0.4,5,0,0,1,1,1,1,1,0.8333333333333334,1,1,1,1,1,Whipping Cream,AttuneDilut
Geo 1,72 Hours,0.5,5,0,0,1,1,1,1,1,0.8333333333333334,1,1,1,1,1,Whipping Cream,AttuneDilut
Geo 1,72 Hours,0.6,5,0,0,1,1,1,1,1,0.8333333333333334,1,1,1,1,1,Whipping Cream,AttuneDilut
Geo 1,72 Hours,0.7000000000000001,5,0,0,1,1,1,1,1,0.8333333333333334,1,1,1,1,1,Whipping Cream,AttuneDilut
Geo 1,72 Hours,0.8000000000000002,5,0,0,1,1,1,1,1,0.8333333333333334,1,1,1,1,1,Whipping Cream,AttuneDilut
Geo 1,72 Hours,0.9,5,0,0,1,1,1,1,1,0.8333333333333334,1,1,1,1,1,Whipping Cream,AttuneDilut
Geo 1,72 Hours,1,5,0,0,1,1,1,1,1,0.8333333333333334,1,1,1,1,1,Whipping Cream,AttuneDilut
Geo 1,72 Hours,1.1,5,0,0,1,1,1,1,1,0.8333333333333334,1,1,1,1,1,Whipping Cream,AttuneDilut
Geo 1,72 Hours,1.2000000000000002,5,0,0,1,1,1,1,1,0.8333333333333334,1,1,1,1,1,Whipping Cream,AttuneDilut
Geo 1,72 Hours,1.3000000000000003,5,0,0,1,1,1,1,1,0.8333333333333334,1,1,1,1,1,Whipping Cream,AttuneDilut
Geo 1,72 Hours,1.4,5,0,0,1,1,1,1,1,0.8333333333333334,1,1,1,1,1,Whipping Cream,AttuneDilut
Geo 1,72 Hours,1.5,5,0,0,1,1,1,1,1,0.8333333333333334,1,1,1,1,1,Whipping Cream,AttuneDilut
Geo 1,72 Hours,1.6,5,0,0,1,1,1,1,1,0.8333333333333334,1,1,1,1,1,Whipping Cream,AttuneDilut
Geo 1,72 Hours,1.7000000000000002,5,0,0,1,1,1,1,1,0.8333333333333334,1,1,1,1,1,Whipping Cream,AttuneDilut
Geo 1,72 Hours,1.8000000000000003,5,0,0,1,1,1,1,1,0.8333333333333334,1,1,1,1,1,Whipping Cream,AttuneDilut
Geo 1,72 Hours,1.9000000000000004,5,0,0,1,1,1,1,1,0.8333333333333334,1,1,1,1,1,Whipping Cream,AttuneDilut
Geo 1,72 Hours,2.0000000000000004,5,0,0,1,1,1,1,1,0.8333333333333334,1,1,1,1,1,Whipping Cream,AttuneDilut
Geo 1,72 Hours,2.1,5,0,0,1,1,1,1,1,0.8333333333333334,1,1,1,1,1,Whipping Cream,AttuneDilut
Geo 1,72 Hours,2.2,5,0,0,1,1,1,1,1,0.8333333333333334,1,1,1,1,1,Whipping Cream,AttuneDilut
Geo 1,72 Hours,2.3000000000000003,5,0,0,1,1,1,1,1,0.8333333333333334,1,1,1,1,1,Whipping Cream,AttuneDilut
Geo 1,72 Hours,2.4000000000000004,5,0,0,1,1,1,1,1,0.8333333333333334,1,1,1,1,1,Whipping Cream,AttuneDilut
Geo 1,72 Hours,2.5000000000000004,5,0,0,1,1,1,1,1,0.8333333333333334,1,1,1,1,1,Whipping Cream,AttuneDilut
Geo 1,72 Hours,2.6,5,0,0,1,1,1,1,1,0.8333333333333334,1,1,1,1,1,Whipping Cream,AttuneDilut
Geo 1,72 Hours,2.7,5,0,0,1,1,1,1,1,0.8333333333333334,1,1,1,1,1,Whipping Cream,AttuneDilut
Geo 1,72 Hours,2.8000000000000003,5,0,0,1,1,1,1,1,0.8333333333333334,1,1,1,1,1,Whipping Cream,AttuneDilut
Geo 1,72 Hours,2.9000000000000004,5,0,0,1,1,1,1,1,0.8333333333333334,1,1,1,1,1,Whipping Cream,AttuneDilut
Geo 1,72 Hours,3.0000000000000004,5,0,0,1,1,1,1,1,0.8333333333333334,1,1,1,1,1,Whipping Cream,AttuneDilut
Geo 1,72 Hours,3.1,5,0,0,1,1,1,1,1,0.8333333333333334,1,1,1,1,1,Whipping Cream,AttuneDilut
Geo 1,72 Hours,3.2,5,0,0,1,1,1,1,1,0.8333333333333334,1,1,1,1,1,Whipping Cream,AttuneDilut
Geo 1,72 Hours,3.3000000000000003,5,0,0,1,1,1,1,1,0.8333333333333334,1,1,1,1,1,Whipping Cream,AttuneDilut
Geo 1,72 Hours,3.4000000000000004,5,0,0,1,1,1,1,1,0.8333333333333334,1,1,1,1,1,Whipping Cream,AttuneDilut
Geo 1,72 Hours,3.5000000000000004,5,0,0,1,1,1,1,1,0.8333333333333334,1,1,1,1,1,Whipping Cream,AttuneDilut
Geo 1,72 Hours,3.6,5,0,0,1,1,1,1,1,0.8333333333333334,1,1,1,1,1,Whipping Cream,AttuneDilut
Geo 1,72 Hours,3.7000000000000006,5,0,0,1,1,1,1,1,0.8333333333333334,1,1,1,1,1,Whipping Cream,AttuneDilut
Geo 1,72 Hours,3.8000000000000003,5,0,0,1,1,1,1,1,0.8333333333333334,1,1,1,1,1,Whipping Cream,AttuneDilut
Geo 1,72 Hours,3.9,5,0,0,1,1,1,1,1,0.8333333333333334,1,1,1,1,1,Whipping Cream,AttuneDilut
Geo 1,72 Hours,4,5,0,0,1,1,1,1,1,0.8333333333333334,1,1,1,1,1,Whipping Cream,AttuneDilut
Geo 1,72 Hours,4.1,5,0,0,1,1,1,1,1,0.8333333333333334,1,1,1,1,1,Whipping Cream,AttuneDilut
Geo 1,72 Hours,4.2,4,0,1,1,0.8,1,1,0.5,0.8333333333333334,0.8333333333333334,0.888888888888889,0.8,0.6324555320336759,0.8,Whipping Cream,AttuneDilut
Geo 1,72 Hours,4.3,3,0,2,1,0.6,1,1,0.3333333333333333,0.8333333333333334,0.6666666666666666,0.7499999999999999,0.6,0.44721359549995793,0.6000000000000001,Whipping Cream,AttuneDilut
Geo 1,72 Hours,4.4,3,0,2,1,0.6,1,1,0.3333333333333333,0.8333333333333334,0.6666666666666666,0.7499999999999999,0.6,0.44721359549995793,0.6000000000000001,Whipping Cream,AttuneDilut
Geo 1,72 Hours,4.5,3,0,2,1,0.6,1,1,0.3333333333333333,0.8333333333333334,0.6666666666666666,0.7499999999999999,0.6,0.44721359549995793,0.6000000000000001,Whipping Cream,AttuneDilut
Geo 1,72 Hours,4.6,2,0,3,1,0.4,1,1,0.25,0.8333333333333334,0.5,0.5714285714285715,0.4,0.31622776601683794,0.3999999999999999,Whipping Cream,AttuneDilut
Geo 1,72 Hours,4.7,2,0,3,1,0.4,1,1,0.25,0.8333333333333334,0.5,0.5714285714285715,0.4,0.31622776601683794,0.3999999999999999,Whipping Cream,AttuneDilut
Geo 1,72 Hours,4.8,1,0,4,1,0.2,1,1,0.2,0.8333333333333334,0.3333333333333333,0.33333333333333337,0.2,0.2,0.19999999999999996,Whipping Cream,AttuneDilut
Geo 1,72 Hours,4.9,1,0,4,1,0.2,1,1,0.2,0.8333333333333334,0.3333333333333333,0.33333333333333337,0.2,0.2,0.19999999999999996,Whipping Cream,AttuneDilut
Geo 1,72 Hours,5,1,0,4,1,0.2,1,1,0.2,0.8333333333333334,0.3333333333333333,0.33333333333333337,0.2,0.2,0.19999999999999996,Whipping Cream,AttuneDilut
Geo 1,72 Hours,5.1,1,0,4,1,0.2,1,1,0.2,0.8333333333333334,0.3333333333333333,0.33333333333333337,0.2,0.2,0.19999999999999996,Whipping Cream,AttuneDilut
Geo 1,72 Hours,5.2,1,0,4,1,0.2,1,1,0.2,0.8333333333333334,0.3333333333333333,0.33333333333333337,0.2,0.2,0.19999999999999996,Whipping Cream,AttuneDilut
Geo 1,72 Hours,5.3,1,0,4,1,0.2,1,1,0.2,0.8333333333333334,0.3333333333333333,0.33333333333333337,0.2,0.2,0.19999999999999996,Whipping Cream,AttuneDilut
Geo 1,72 Hours,5.4,1,0,4,1,0.2,1,1,0.2,0.8333333333333334,0.3333333333333333,0.33333333333333337,0.2,0.2,0.19999999999999996,Whipping Cream,AttuneDilut
Geo 1,72 Hours,5.5,1,0,4,1,0.2,1,1,0.2,0.8333333333333334,0.3333333333333333,0.33333333333333337,0.2,0.2,0.19999999999999996,Whipping Cream,AttuneDilut
Geo 1,72 Hours,5.6,1,0,4,1,0.2,1,1,0.2,0.8333333333333334,0.3333333333333333,0.33333333333333337,0.2,0.2,0.19999999999999996,Whipping Cream,AttuneDilut
Geo 1,72 Hours,5.7,0,0,5,1,0,1,NA,0.16666666666666666,0.8333333333333334,0.16666666666666666,NA,0,NA,0,Whipping Cream,AttuneDilut
Geo 1,72 Hours,5.8,0,0,5,1,0,1,NA,0.16666666666666666,0.8333333333333334,0.16666666666666666,NA,0,NA,0,Whipping Cream,AttuneDilut
Geo 1,72 Hours,5.9,0,0,5,1,0,1,NA,0.16666666666666666,0.8333333333333334,0.16666666666666666,NA,0,NA,0,Whipping Cream,AttuneDilut
Geo 1,72 Hours,6,0,0,5,1,0,1,NA,0.16666666666666666,0.8333333333333334,0.16666666666666666,NA,0,NA,0,Whipping Cream,AttuneDilut
Geo 1,72 Hours,6.1,0,0,5,1,0,1,NA,0.16666666666666666,0.8333333333333334,0.16666666666666666,NA,0,NA,0,Whipping Cream,AttuneDilut
Geo 1,72 Hours,6.2,0,0,5,1,0,1,NA,0.16666666666666666,0.8333333333333334,0.16666666666666666,NA,0,NA,0,Whipping Cream,AttuneDilut
Geo 1,72 Hours,6.3,0,0,5,1,0,1,NA,0.16666666666666666,0.8333333333333334,0.16666666666666666,NA,0,NA,0,Whipping Cream,AttuneDilut
Geo 1,72 Hours,6.4,0,0,5,1,0,1,NA,0.16666666666666666,0.8333333333333334,0.16666666666666666,NA,0,NA,0,Whipping Cream,AttuneDilut
Geo 1,72 Hours,6.5,0,0,5,1,0,1,NA,0.16666666666666666,0.8333333333333334,0.16666666666666666,NA,0,NA,0,Whipping Cream,AttuneDilut
Geo 1,72 Hours,6.6,0,0,5,1,0,1,NA,0.16666666666666666,0.8333333333333334,0.16666666666666666,NA,0,NA,0,Whipping Cream,AttuneDilut
Geo 1,72 Hours,6.7,0,0,5,1,0,1,NA,0.16666666666666666,0.8333333333333334,0.16666666666666666,NA,0,NA,0,Whipping Cream,AttuneDilut
Geo 1,72 Hours,6.8,0,0,5,1,0,1,NA,0.16666666666666666,0.8333333333333334,0.16666666666666666,NA,0,NA,0,Whipping Cream,AttuneDilut
Geo 1,72 Hours,6.9,0,0,5,1,0,1,NA,0.16666666666666666,0.8333333333333334,0.16666666666666666,NA,0,NA,0,Whipping Cream,AttuneDilut
Geo 1,72 Hours,7,0,0,5,1,0,1,NA,0.16666666666666666,0.8333333333333334,0.16666666666666666,NA,0,NA,0,Whipping Cream,AttuneDilut
Geo 1,72 Hours,7.1,0,0,5,1,0,1,NA,0.16666666666666666,0.8333333333333334,0.16666666666666666,NA,0,NA,0,Whipping Cream,AttuneDilut
Geo 1,72 Hours,7.2,0,0,5,1,0,1,NA,0.16666666666666666,0.8333333333333334,0.16666666666666666,NA,0,NA,0,Whipping Cream,AttuneDilut
Geo 1,72 Hours,7.3,0,0,5,1,0,1,NA,0.16666666666666666,0.8333333333333334,0.16666666666666666,NA,0,NA,0,Whipping Cream,AttuneDilut
Geo 1,72 Hours,7.4,0,0,5,1,0,1,NA,0.16666666666666666,0.8333333333333334,0.16666666666666666,NA,0,NA,0,Whipping Cream,AttuneDilut
Geo 1,72 Hours,7.5,0,0,5,1,0,1,NA,0.16666666666666666,0.8333333333333334,0.16666666666666666,NA,0,NA,0,Whipping Cream,AttuneDilut
Geo 1,72 Hours,7.6,0,0,5,1,0,1,NA,0.16666666666666666,0.8333333333333334,0.16666666666666666,NA,0,NA,0,Whipping Cream,AttuneDilut
Geo 1,72 Hours,7.699999999999999,0,0,5,1,0,1,NA,0.16666666666666666,0.8333333333333334,0.16666666666666666,NA,0,NA,0,Whipping Cream,AttuneDilut
Geo 1,72 Hours,7.8,0,0,5,1,0,1,NA,0.16666666666666666,0.8333333333333334,0.16666666666666666,NA,0,NA,0,Whipping Cream,AttuneDilut
Geo 2,12 Hours,-0.4,5,1,0,0,1,0,0.8333333333333334,NA,0.8333333333333334,0.8333333333333334,0.9090909090909091,0.8333333333333334,NA,0,Whipping Cream,AttuneDilut
Geo 2,12 Hours,-0.30000000000000004,5,0,0,1,1,1,1,1,0.8333333333333334,1,1,1,1,1,Whipping Cream,AttuneDilut
Geo 2,12 Hours,-0.2,5,0,0,1,1,1,1,1,0.8333333333333334,1,1,1,1,1,Whipping Cream,AttuneDilut
Geo 2,12 Hours,-0.09999999999999998,5,0,0,1,1,1,1,1,0.8333333333333334,1,1,1,1,1,Whipping Cream,AttuneDilut
Geo 2,12 Hours,0,5,0,0,1,1,1,1,1,0.8333333333333334,1,1,1,1,1,Whipping Cream,AttuneDilut
Geo 2,12 Hours,0.09999999999999998,5,0,0,1,1,1,1,1,0.8333333333333334,1,1,1,1,1,Whipping Cream,AttuneDilut
Geo 2,12 Hours,0.20000000000000007,5,0,0,1,1,1,1,1,0.8333333333333334,1,1,1,1,1,Whipping Cream,AttuneDilut
Geo 2,12 Hours,0.30000000000000004,5,0,0,1,1,1,1,1,0.8333333333333334,1,1,1,1,1,Whipping Cream,AttuneDilut
Geo 2,12 Hours,0.4,5,0,0,1,1,1,1,1,0.8333333333333334,1,1,1,1,1,Whipping Cream,AttuneDilut
Geo 2,12 Hours,0.5,5,0,0,1,1,1,1,1,0.8333333333333334,1,1,1,1,1,Whipping Cream,AttuneDilut
Geo 2,12 Hours,0.6,5,0,0,1,1,1,1,1,0.8333333333333334,1,1,1,1,1,Whipping Cream,AttuneDilut
Geo 2,12 Hours,0.7000000000000001,5,0,0,1,1,1,1,1,0.8333333333333334,1,1,1,1,1,Whipping Cream,AttuneDilut
Geo 2,12 Hours,0.8000000000000002,5,0,0,1,1,1,1,1,0.8333333333333334,1,1,1,1,1,Whipping Cream,AttuneDilut
Geo 2,12 Hours,0.9,5,0,0,1,1,1,1,1,0.8333333333333334,1,1,1,1,1,Whipping Cream,AttuneDilut
Geo 2,12 Hours,1,5,0,0,1,1,1,1,1,0.8333333333333334,1,1,1,1,1,Whipping Cream,AttuneDilut
Geo 2,12 Hours,1.1,5,0,0,1,1,1,1,1,0.8333333333333334,1,1,1,1,1,Whipping Cream,AttuneDilut
Geo 2,12 Hours,1.2000000000000002,5,0,0,1,1,1,1,1,0.8333333333333334,1,1,1,1,1,Whipping Cream,AttuneDilut
Geo 2,12 Hours,1.3000000000000003,5,0,0,1,1,1,1,1,0.8333333333333334,1,1,1,1,1,Whipping Cream,AttuneDilut
Geo 2,12 Hours,1.4,5,0,0,1,1,1,1,1,0.8333333333333334,1,1,1,1,1,Whipping Cream,AttuneDilut
Geo 2,12 Hours,1.5,5,0,0,1,1,1,1,1,0.8333333333333334,1,1,1,1,1,Whipping Cream,AttuneDilut
Geo 2,12 Hours,1.6,5,0,0,1,1,1,1,1,0.8333333333333334,1,1,1,1,1,Whipping Cream,AttuneDilut
Geo 2,12 Hours,1.7000000000000002,5,0,0,1,1,1,1,1,0.8333333333333334,1,1,1,1,1,Whipping Cream,AttuneDilut
Geo 2,12 Hours,1.8000000000000003,5,0,0,1,1,1,1,1,0.8333333333333334,1,1,1,1,1,Whipping Cream,AttuneDilut
Geo 2,12 Hours,1.9000000000000004,5,0,0,1,1,1,1,1,0.8333333333333334,1,1,1,1,1,Whipping Cream,AttuneDilut
Geo 2,12 Hours,2.0000000000000004,5,0,0,1,1,1,1,1,0.8333333333333334,1,1,1,1,1,Whipping Cream,AttuneDilut
Geo 2,12 Hours,2.1,5,0,0,1,1,1,1,1,0.8333333333333334,1,1,1,1,1,Whipping Cream,AttuneDilut
Geo 2,12 Hours,2.2,5,0,0,1,1,1,1,1,0.8333333333333334,1,1,1,1,1,Whipping Cream,AttuneDilut
Geo 2,12 Hours,2.3000000000000003,5,0,0,1,1,1,1,1,0.8333333333333334,1,1,1,1,1,Whipping Cream,AttuneDilut
Geo 2,12 Hours,2.4000000000000004,5,0,0,1,1,1,1,1,0.8333333333333334,1,1,1,1,1,Whipping Cream,AttuneDilut
Geo 2,12 Hours,2.5000000000000004,5,0,0,1,1,1,1,1,0.8333333333333334,1,1,1,1,1,Whipping Cream,AttuneDilut
Geo 2,12 Hours,2.6,5,0,0,1,1,1,1,1,0.8333333333333334,1,1,1,1,1,Whipping Cream,AttuneDilut
Geo 2,12 Hours,2.7,5,0,0,1,1,1,1,1,0.8333333333333334,1,1,1,1,1,Whipping Cream,AttuneDilut
Geo 2,12 Hours,2.8000000000000003,5,0,0,1,1,1,1,1,0.8333333333333334,1,1,1,1,1,Whipping Cream,AttuneDilut
Geo 2,12 Hours,2.9000000000000004,5,0,0,1,1,1,1,1,0.8333333333333334,1,1,1,1,1,Whipping Cream,AttuneDilut
Geo 2,12 Hours,3.0000000000000004,5,0,0,1,1,1,1,1,0.8333333333333334,1,1,1,1,1,Whipping Cream,AttuneDilut
Geo 2,12 Hours,3.1,5,0,0,1,1,1,1,1,0.8333333333333334,1,1,1,1,1,Whipping Cream,AttuneDilut
Geo 2,12 Hours,3.2,5,0,0,1,1,1,1,1,0.8333333333333334,1,1,1,1,1,Whipping Cream,AttuneDilut
Geo 2,12 Hours,3.3000000000000003,5,0,0,1,1,1,1,1,0.8333333333333334,1,1,1,1,1,Whipping Cream,AttuneDilut
Geo 2,12 Hours,3.4000000000000004,5,0,0,1,1,1,1,1,0.8333333333333334,1,1,1,1,1,Whipping Cream,AttuneDilut
Geo 2,12 Hours,3.5000000000000004,5,0,0,1,1,1,1,1,0.8333333333333334,1,1,1,1,1,Whipping Cream,AttuneDilut
Geo 2,12 Hours,3.6,5,0,0,1,1,1,1,1,0.8333333333333334,1,1,1,1,1,Whipping Cream,AttuneDilut
Geo 2,12 Hours,3.7000000000000006,5,0,0,1,1,1,1,1,0.8333333333333334,1,1,1,1,1,Whipping Cream,AttuneDilut
Geo 2,12 Hours,3.8000000000000003,5,0,0,1,1,1,1,1,0.8333333333333334,1,1,1,1,1,Whipping Cream,AttuneDilut
Geo 2,12 Hours,3.9,5,0,0,1,1,1,1,1,0.8333333333333334,1,1,1,1,1,Whipping Cream,AttuneDilut
Geo 2,12 Hours,4,5,0,0,1,1,1,1,1,0.8333333333333334,1,1,1,1,1,Whipping Cream,AttuneDilut
Geo 2,12 Hours,4.1,5,0,0,1,1,1,1,1,0.8333333333333334,1,1,1,1,1,Whipping Cream,AttuneDilut
Geo 2,12 Hours,4.2,5,0,0,1,1,1,1,1,0.8333333333333334,1,1,1,1,1,Whipping Cream,AttuneDilut
Geo 2,12 Hours,4.3,5,0,0,1,1,1,1,1,0.8333333333333334,1,1,1,1,1,Whipping Cream,AttuneDilut
Geo 2,12 Hours,4.4,5,0,0,1,1,1,1,1,0.8333333333333334,1,1,1,1,1,Whipping Cream,AttuneDilut
Geo 2,12 Hours,4.5,3,0,2,1,0.6,1,1,0.3333333333333333,0.8333333333333334,0.6666666666666666,0.7499999999999999,0.6,0.44721359549995793,0.6000000000000001,Whipping Cream,AttuneDilut
Geo 2,12 Hours,4.6,3,0,2,1,0.6,1,1,0.3333333333333333,0.8333333333333334,0.6666666666666666,0.7499999999999999,0.6,0.44721359549995793,0.6000000000000001,Whipping Cream,AttuneDilut
Geo 2,12 Hours,4.7,2,0,3,1,0.4,1,1,0.25,0.8333333333333334,0.5,0.5714285714285715,0.4,0.31622776601683794,0.3999999999999999,Whipping Cream,AttuneDilut
Geo 2,12 Hours,4.8,2,0,3,1,0.4,1,1,0.25,0.8333333333333334,0.5,0.5714285714285715,0.4,0.31622776601683794,0.3999999999999999,Whipping Cream,AttuneDilut
Geo 2,12 Hours,4.9,2,0,3,1,0.4,1,1,0.25,0.8333333333333334,0.5,0.5714285714285715,0.4,0.31622776601683794,0.3999999999999999,Whipping Cream,AttuneDilut
Geo 2,12 Hours,5,2,0,3,1,0.4,1,1,0.25,0.8333333333333334,0.5,0.5714285714285715,0.4,0.31622776601683794,0.3999999999999999,Whipping Cream,AttuneDilut
Geo 2,12 Hours,5.1,1,0,4,1,0.2,1,1,0.2,0.8333333333333334,0.3333333333333333,0.33333333333333337,0.2,0.2,0.19999999999999996,Whipping Cream,AttuneDilut
Geo 2,12 Hours,5.2,1,0,4,1,0.2,1,1,0.2,0.8333333333333334,0.3333333333333333,0.33333333333333337,0.2,0.2,0.19999999999999996,Whipping Cream,AttuneDilut
Geo 2,12 Hours,5.3,1,0,4,1,0.2,1,1,0.2,0.8333333333333334,0.3333333333333333,0.33333333333333337,0.2,0.2,0.19999999999999996,Whipping Cream,AttuneDilut
Geo 2,12 Hours,5.4,1,0,4,1,0.2,1,1,0.2,0.8333333333333334,0.3333333333333333,0.33333333333333337,0.2,0.2,0.19999999999999996,Whipping Cream,AttuneDilut
Geo 2,12 Hours,5.5,1,0,4,1,0.2,1,1,0.2,0.8333333333333334,0.3333333333333333,0.33333333333333337,0.2,0.2,0.19999999999999996,Whipping Cream,AttuneDilut
Geo 2,12 Hours,5.6,1,0,4,1,0.2,1,1,0.2,0.8333333333333334,0.3333333333333333,0.33333333333333337,0.2,0.2,0.19999999999999996,Whipping Cream,AttuneDilut
Geo 2,12 Hours,5.7,1,0,4,1,0.2,1,1,0.2,0.8333333333333334,0.3333333333333333,0.33333333333333337,0.2,0.2,0.19999999999999996,Whipping Cream,AttuneDilut
Geo 2,12 Hours,5.8,0,0,5,1,0,1,NA,0.16666666666666666,0.8333333333333334,0.16666666666666666,NA,0,NA,0,Whipping Cream,AttuneDilut
Geo 2,12 Hours,5.9,0,0,5,1,0,1,NA,0.16666666666666666,0.8333333333333334,0.16666666666666666,NA,0,NA,0,Whipping Cream,AttuneDilut
Geo 2,12 Hours,6,0,0,5,1,0,1,NA,0.16666666666666666,0.8333333333333334,0.16666666666666666,NA,0,NA,0,Whipping Cream,AttuneDilut
Geo 2,12 Hours,6.1,0,0,5,1,0,1,NA,0.16666666666666666,0.8333333333333334,0.16666666666666666,NA,0,NA,0,Whipping Cream,AttuneDilut
Geo 2,12 Hours,6.2,0,0,5,1,0,1,NA,0.16666666666666666,0.8333333333333334,0.16666666666666666,NA,0,NA,0,Whipping Cream,AttuneDilut
Geo 2,12 Hours,6.3,0,0,5,1,0,1,NA,0.16666666666666666,0.8333333333333334,0.16666666666666666,NA,0,NA,0,Whipping Cream,AttuneDilut
Geo 2,12 Hours,6.4,0,0,5,1,0,1,NA,0.16666666666666666,0.8333333333333334,0.16666666666666666,NA,0,NA,0,Whipping Cream,AttuneDilut
Geo 2,12 Hours,6.5,0,0,5,1,0,1,NA,0.16666666666666666,0.8333333333333334,0.16666666666666666,NA,0,NA,0,Whipping Cream,AttuneDilut
Geo 2,12 Hours,6.6,0,0,5,1,0,1,NA,0.16666666666666666,0.8333333333333334,0.16666666666666666,NA,0,NA,0,Whipping Cream,AttuneDilut
Geo 2,12 Hours,6.7,0,0,5,1,0,1,NA,0.16666666666666666,0.8333333333333334,0.16666666666666666,NA,0,NA,0,Whipping Cream,AttuneDilut
Geo 2,12 Hours,6.8,0,0,5,1,0,1,NA,0.16666666666666666,0.8333333333333334,0.16666666666666666,NA,0,NA,0,Whipping Cream,AttuneDilut
Geo 2,12 Hours,6.9,0,0,5,1,0,1,NA,0.16666666666666666,0.8333333333333334,0.16666666666666666,NA,0,NA,0,Whipping Cream,AttuneDilut
Geo 2,12 Hours,7,0,0,5,1,0,1,NA,0.16666666666666666,0.8333333333333334,0.16666666666666666,NA,0,NA,0,Whipping Cream,AttuneDilut
Geo 2,12 Hours,7.1,0,0,5,1,0,1,NA,0.16666666666666666,0.8333333333333334,0.16666666666666666,NA,0,NA,0,Whipping Cream,AttuneDilut
Geo 2,12 Hours,7.2,0,0,5,1,0,1,NA,0.16666666666666666,0.8333333333333334,0.16666666666666666,NA,0,NA,0,Whipping Cream,AttuneDilut
Geo 2,12 Hours,7.3,0,0,5,1,0,1,NA,0.16666666666666666,0.8333333333333334,0.16666666666666666,NA,0,NA,0,Whipping Cream,AttuneDilut
Geo 2,12 Hours,7.4,0,0,5,1,0,1,NA,0.16666666666666666,0.8333333333333334,0.16666666666666666,NA,0,NA,0,Whipping Cream,AttuneDilut
Geo 2,12 Hours,7.5,0,0,5,1,0,1,NA,0.16666666666666666,0.8333333333333334,0.16666666666666666,NA,0,NA,0,Whipping Cream,AttuneDilut
Geo 2,12 Hours,7.6,0,0,5,1,0,1,NA,0.16666666666666666,0.8333333333333334,0.16666666666666666,NA,0,NA,0,Whipping Cream,AttuneDilut
Geo 2,12 Hours,7.699999999999999,0,0,5,1,0,1,NA,0.16666666666666666,0.8333333333333334,0.16666666666666666,NA,0,NA,0,Whipping Cream,AttuneDilut
Geo 2,12 Hours,7.8,0,0,5,1,0,1,NA,0.16666666666666666,0.8333333333333334,0.16666666666666666,NA,0,NA,0,Whipping Cream,AttuneDilut
Geo 2,24 Hours,-0.4,5,1,0,0,1,0,0.8333333333333334,NA,0.8333333333333334,0.8333333333333334,0.9090909090909091,0.8333333333333334,NA,0,Whipping Cream,AttuneDilut
Geo 2,24 Hours,-0.30000000000000004,5,1,0,0,1,0,0.8333333333333334,NA,0.8333333333333334,0.8333333333333334,0.9090909090909091,0.8333333333333334,NA,0,Whipping Cream,AttuneDilut
Geo 2,24 Hours,-0.2,5,1,0,0,1,0,0.8333333333333334,NA,0.8333333333333334,0.8333333333333334,0.9090909090909091,0.8333333333333334,NA,0,Whipping Cream,AttuneDilut
Geo 2,24 Hours,-0.09999999999999998,5,1,0,0,1,0,0.8333333333333334,NA,0.8333333333333334,0.8333333333333334,0.9090909090909091,0.8333333333333334,NA,0,Whipping Cream,AttuneDilut
Geo 2,24 Hours,0,5,1,0,0,1,0,0.8333333333333334,NA,0.8333333333333334,0.8333333333333334,0.9090909090909091,0.8333333333333334,NA,0,Whipping Cream,AttuneDilut
Geo 2,24 Hours,0.09999999999999998,5,1,0,0,1,0,0.8333333333333334,NA,0.8333333333333334,0.8333333333333334,0.9090909090909091,0.8333333333333334,NA,0,Whipping Cream,AttuneDilut
Geo 2,24 Hours,0.20000000000000007,5,1,0,0,1,0,0.8333333333333334,NA,0.8333333333333334,0.8333333333333334,0.9090909090909091,0.8333333333333334,NA,0,Whipping Cream,AttuneDilut
Geo 2,24 Hours,0.30000000000000004,5,1,0,0,1,0,0.8333333333333334,NA,0.8333333333333334,0.8333333333333334,0.9090909090909091,0.8333333333333334,NA,0,Whipping Cream,AttuneDilut
Geo 2,24 Hours,0.4,5,1,0,0,1,0,0.8333333333333334,NA,0.8333333333333334,0.8333333333333334,0.9090909090909091,0.8333333333333334,NA,0,Whipping Cream,AttuneDilut
Geo 2,24 Hours,0.5,5,1,0,0,1,0,0.8333333333333334,NA,0.8333333333333334,0.8333333333333334,0.9090909090909091,0.8333333333333334,NA,0,Whipping Cream,AttuneDilut
Geo 2,24 Hours,0.6,5,1,0,0,1,0,0.8333333333333334,NA,0.8333333333333334,0.8333333333333334,0.9090909090909091,0.8333333333333334,NA,0,Whipping Cream,AttuneDilut
Geo 2,24 Hours,0.7000000000000001,5,1,0,0,1,0,0.8333333333333334,NA,0.8333333333333334,0.8333333333333334,0.9090909090909091,0.8333333333333334,NA,0,Whipping Cream,AttuneDilut
Geo 2,24 Hours,0.8000000000000002,5,1,0,0,1,0,0.8333333333333334,NA,0.8333333333333334,0.8333333333333334,0.9090909090909091,0.8333333333333334,NA,0,Whipping Cream,AttuneDilut
Geo 2,24 Hours,0.9,5,1,0,0,1,0,0.8333333333333334,NA,0.8333333333333334,0.8333333333333334,0.9090909090909091,0.8333333333333334,NA,0,Whipping Cream,AttuneDilut
Geo 2,24 Hours,1,5,1,0,0,1,0,0.8333333333333334,NA,0.8333333333333334,0.8333333333333334,0.9090909090909091,0.8333333333333334,NA,0,Whipping Cream,AttuneDilut
Geo 2,24 Hours,1.1,5,1,0,0,1,0,0.8333333333333334,NA,0.8333333333333334,0.8333333333333334,0.9090909090909091,0.8333333333333334,NA,0,Whipping Cream,AttuneDilut
Geo 2,24 Hours,1.2000000000000002,5,1,0,0,1,0,0.8333333333333334,NA,0.8333333333333334,0.8333333333333334,0.9090909090909091,0.8333333333333334,NA,0,Whipping Cream,AttuneDilut
Geo 2,24 Hours,1.3000000000000003,5,1,0,0,1,0,0.8333333333333334,NA,0.8333333333333334,0.8333333333333334,0.9090909090909091,0.8333333333333334,NA,0,Whipping Cream,AttuneDilut
Geo 2,24 Hours,1.4,5,1,0,0,1,0,0.8333333333333334,NA,0.8333333333333334,0.8333333333333334,0.9090909090909091,0.8333333333333334,NA,0,Whipping Cream,AttuneDilut
Geo 2,24 Hours,1.5,5,1,0,0,1,0,0.8333333333333334,NA,0.8333333333333334,0.8333333333333334,0.9090909090909091,0.8333333333333334,NA,0,Whipping Cream,AttuneDilut
Geo 2,24 Hours,1.6,5,1,0,0,1,0,0.8333333333333334,NA,0.8333333333333334,0.8333333333333334,0.9090909090909091,0.8333333333333334,NA,0,Whipping Cream,AttuneDilut
Geo 2,24 Hours,1.7000000000000002,5,1,0,0,1,0,0.8333333333333334,NA,0.8333333333333334,0.8333333333333334,0.9090909090909091,0.8333333333333334,NA,0,Whipping Cream,AttuneDilut
Geo 2,24 Hours,1.8000000000000003,5,1,0,0,1,0,0.8333333333333334,NA,0.8333333333333334,0.8333333333333334,0.9090909090909091,0.8333333333333334,NA,0,Whipping Cream,AttuneDilut
Geo 2,24 Hours,1.9000000000000004,5,1,0,0,1,0,0.8333333333333334,NA,0.8333333333333334,0.8333333333333334,0.9090909090909091,0.8333333333333334,NA,0,Whipping Cream,AttuneDilut
Geo 2,24 Hours,2.0000000000000004,5,0,0,1,1,1,1,1,0.8333333333333334,1,1,1,1,1,Whipping Cream,AttuneDilut
Geo 2,24 Hours,2.1,5,0,0,1,1,1,1,1,0.8333333333333334,1,1,1,1,1,Whipping Cream,AttuneDilut
Geo 2,24 Hours,2.2,5,0,0,1,1,1,1,1,0.8333333333333334,1,1,1,1,1,Whipping Cream,AttuneDilut
Geo 2,24 Hours,2.3000000000000003,5,0,0,1,1,1,1,1,0.8333333333333334,1,1,1,1,1,Whipping Cream,AttuneDilut
Geo 2,24 Hours,2.4000000000000004,5,0,0,1,1,1,1,1,0.8333333333333334,1,1,1,1,1,Whipping Cream,AttuneDilut
Geo 2,24 Hours,2.5000000000000004,5,0,0,1,1,1,1,1,0.8333333333333334,1,1,1,1,1,Whipping Cream,AttuneDilut
Geo 2,24 Hours,2.6,5,0,0,1,1,1,1,1,0.8333333333333334,1,1,1,1,1,Whipping Cream,AttuneDilut
Geo 2,24 Hours,2.7,5,0,0,1,1,1,1,1,0.8333333333333334,1,1,1,1,1,Whipping Cream,AttuneDilut
Geo 2,24 Hours,2.8000000000000003,5,0,0,1,1,1,1,1,0.8333333333333334,1,1,1,1,1,Whipping Cream,AttuneDilut
Geo 2,24 Hours,2.9000000000000004,5,0,0,1,1,1,1,1,0.8333333333333334,1,1,1,1,1,Whipping Cream,AttuneDilut
Geo 2,24 Hours,3.0000000000000004,5,0,0,1,1,1,1,1,0.8333333333333334,1,1,1,1,1,Whipping Cream,AttuneDilut
Geo 2,24 Hours,3.1,5,0,0,1,1,1,1,1,0.8333333333333334,1,1,1,1,1,Whipping Cream,AttuneDilut
Geo 2,24 Hours,3.2,5,0,0,1,1,1,1,1,0.8333333333333334,1,1,1,1,1,Whipping Cream,AttuneDilut
Geo 2,24 Hours,3.3000000000000003,5,0,0,1,1,1,1,1,0.8333333333333334,1,1,1,1,1,Whipping Cream,AttuneDilut
Geo 2,24 Hours,3.4000000000000004,5,0,0,1,1,1,1,1,0.8333333333333334,1,1,1,1,1,Whipping Cream,AttuneDilut
Geo 2,24 Hours,3.5000000000000004,5,0,0,1,1,1,1,1,0.8333333333333334,1,1,1,1,1,Whipping Cream,AttuneDilut
Geo 2,24 Hours,3.6,5,0,0,1,1,1,1,1,0.8333333333333334,1,1,1,1,1,Whipping Cream,AttuneDilut
Geo 2,24 Hours,3.7000000000000006,5,0,0,1,1,1,1,1,0.8333333333333334,1,1,1,1,1,Whipping Cream,AttuneDilut
Geo 2,24 Hours,3.8000000000000003,5,0,0,1,1,1,1,1,0.8333333333333334,1,1,1,1,1,Whipping Cream,AttuneDilut
Geo 2,24 Hours,3.9,5,0,0,1,1,1,1,1,0.8333333333333334,1,1,1,1,1,Whipping Cream,AttuneDilut
Geo 2,24 Hours,4,5,0,0,1,1,1,1,1,0.8333333333333334,1,1,1,1,1,Whipping Cream,AttuneDilut
Geo 2,24 Hours,4.1,5,0,0,1,1,1,1,1,0.8333333333333334,1,1,1,1,1,Whipping Cream,AttuneDilut
Geo 2,24 Hours,4.2,5,0,0,1,1,1,1,1,0.8333333333333334,1,1,1,1,1,Whipping Cream,AttuneDilut
Geo 2,24 Hours,4.3,5,0,0,1,1,1,1,1,0.8333333333333334,1,1,1,1,1,Whipping Cream,AttuneDilut
Geo 2,24 Hours,4.4,5,0,0,1,1,1,1,1,0.8333333333333334,1,1,1,1,1,Whipping Cream,AttuneDilut
Geo 2,24 Hours,4.5,5,0,0,1,1,1,1,1,0.8333333333333334,1,1,1,1,1,Whipping Cream,AttuneDilut
Geo 2,24 Hours,4.6,5,0,0,1,1,1,1,1,0.8333333333333334,1,1,1,1,1,Whipping Cream,AttuneDilut
Geo 2,24 Hours,4.7,5,0,0,1,1,1,1,1,0.8333333333333334,1,1,1,1,1,Whipping Cream,AttuneDilut
Geo 2,24 Hours,4.8,5,0,0,1,1,1,1,1,0.8333333333333334,1,1,1,1,1,Whipping Cream,AttuneDilut
Geo 2,24 Hours,4.9,5,0,0,1,1,1,1,1,0.8333333333333334,1,1,1,1,1,Whipping Cream,AttuneDilut
Geo 2,24 Hours,5,5,0,0,1,1,1,1,1,0.8333333333333334,1,1,1,1,1,Whipping Cream,AttuneDilut
Geo 2,24 Hours,5.1,5,0,0,1,1,1,1,1,0.8333333333333334,1,1,1,1,1,Whipping Cream,AttuneDilut
Geo 2,24 Hours,5.2,5,0,0,1,1,1,1,1,0.8333333333333334,1,1,1,1,1,Whipping Cream,AttuneDilut
Geo 2,24 Hours,5.3,5,0,0,1,1,1,1,1,0.8333333333333334,1,1,1,1,1,Whipping Cream,AttuneDilut
Geo 2,24 Hours,5.4,5,0,0,1,1,1,1,1,0.8333333333333334,1,1,1,1,1,Whipping Cream,AttuneDilut
Geo 2,24 Hours,5.5,5,0,0,1,1,1,1,1,0.8333333333333334,1,1,1,1,1,Whipping Cream,AttuneDilut
Geo 2,24 Hours,5.6,5,0,0,1,1,1,1,1,0.8333333333333334,1,1,1,1,1,Whipping Cream,AttuneDilut
Geo 2,24 Hours,5.7,5,0,0,1,1,1,1,1,0.8333333333333334,1,1,1,1,1,Whipping Cream,AttuneDilut
Geo 2,24 Hours,5.8,5,0,0,1,1,1,1,1,0.8333333333333334,1,1,1,1,1,Whipping Cream,AttuneDilut
Geo 2,24 Hours,5.9,5,0,0,1,1,1,1,1,0.8333333333333334,1,1,1,1,1,Whipping Cream,AttuneDilut
Geo 2,24 Hours,6,5,0,0,1,1,1,1,1,0.8333333333333334,1,1,1,1,1,Whipping Cream,AttuneDilut
Geo 2,24 Hours,6.1,5,0,0,1,1,1,1,1,0.8333333333333334,1,1,1,1,1,Whipping Cream,AttuneDilut
Geo 2,24 Hours,6.2,5,0,0,1,1,1,1,1,0.8333333333333334,1,1,1,1,1,Whipping Cream,AttuneDilut
Geo 2,24 Hours,6.3,5,0,0,1,1,1,1,1,0.8333333333333334,1,1,1,1,1,Whipping Cream,AttuneDilut
Geo 2,24 Hours,6.4,5,0,0,1,1,1,1,1,0.8333333333333334,1,1,1,1,1,Whipping Cream,AttuneDilut
Geo 2,24 Hours,6.5,5,0,0,1,1,1,1,1,0.8333333333333334,1,1,1,1,1,Whipping Cream,AttuneDilut
Geo 2,24 Hours,6.6,5,0,0,1,1,1,1,1,0.8333333333333334,1,1,1,1,1,Whipping Cream,AttuneDilut
Geo 2,24 Hours,6.7,5,0,0,1,1,1,1,1,0.8333333333333334,1,1,1,1,1,Whipping Cream,AttuneDilut
Geo 2,24 Hours,6.8,5,0,0,1,1,1,1,1,0.8333333333333334,1,1,1,1,1,Whipping Cream,AttuneDilut
Geo 2,24 Hours,6.9,5,0,0,1,1,1,1,1,0.8333333333333334,1,1,1,1,1,Whipping Cream,AttuneDilut
Geo 2,24 Hours,7,5,0,0,1,1,1,1,1,0.8333333333333334,1,1,1,1,1,Whipping Cream,AttuneDilut
Geo 2,24 Hours,7.1,5,0,0,1,1,1,1,1,0.8333333333333334,1,1,1,1,1,Whipping Cream,AttuneDilut
Geo 2,24 Hours,7.2,5,0,0,1,1,1,1,1,0.8333333333333334,1,1,1,1,1,Whipping Cream,AttuneDilut
Geo 2,24 Hours,7.3,5,0,0,1,1,1,1,1,0.8333333333333334,1,1,1,1,1,Whipping Cream,AttuneDilut
Geo 2,24 Hours,7.4,4,0,1,1,0.8,1,1,0.5,0.8333333333333334,0.8333333333333334,0.888888888888889,0.8,0.6324555320336759,0.8,Whipping Cream,AttuneDilut
Geo 2,24 Hours,7.5,2,0,3,1,0.4,1,1,0.25,0.8333333333333334,0.5,0.5714285714285715,0.4,0.31622776601683794,0.3999999999999999,Whipping Cream,AttuneDilut
Geo 2,24 Hours,7.6,0,0,5,1,0,1,NA,0.16666666666666666,0.8333333333333334,0.16666666666666666,NA,0,NA,0,Whipping Cream,AttuneDilut
Geo 2,24 Hours,7.699999999999999,0,0,5,1,0,1,NA,0.16666666666666666,0.8333333333333334,0.16666666666666666,NA,0,NA,0,Whipping Cream,AttuneDilut
Geo 2,24 Hours,7.8,0,0,5,1,0,1,NA,0.16666666666666666,0.8333333333333334,0.16666666666666666,NA,0,NA,0,Whipping Cream,AttuneDilut
Geo 2,48 Hours,-0.4,5,1,0,0,1,0,0.8333333333333334,NA,0.8333333333333334,0.8333333333333334,0.9090909090909091,0.8333333333333334,NA,0,Whipping Cream,AttuneDilut
Geo 2,48 Hours,-0.30000000000000004,5,0,0,1,1,1,1,1,0.8333333333333334,1,1,1,1,1,Whipping Cream,AttuneDilut
Geo 2,48 Hours,-0.2,5,0,0,1,1,1,1,1,0.8333333333333334,1,1,1,1,1,Whipping Cream,AttuneDilut
Geo 2,48 Hours,-0.09999999999999998,5,0,0,1,1,1,1,1,0.8333333333333334,1,1,1,1,1,Whipping Cream,AttuneDilut
Geo 2,48 Hours,0,5,0,0,1,1,1,1,1,0.8333333333333334,1,1,1,1,1,Whipping Cream,AttuneDilut
Geo 2,48 Hours,0.09999999999999998,5,0,0,1,1,1,1,1,0.8333333333333334,1,1,1,1,1,Whipping Cream,AttuneDilut
Geo 2,48 Hours,0.20000000000000007,5,0,0,1,1,1,1,1,0.8333333333333334,1,1,1,1,1,Whipping Cream,AttuneDilut
Geo 2,48 Hours,0.30000000000000004,5,0,0,1,1,1,1,1,0.8333333333333334,1,1,1,1,1,Whipping Cream,AttuneDilut
Geo 2,48 Hours,0.4,5,0,0,1,1,1,1,1,0.8333333333333334,1,1,1,1,1,Whipping Cream,AttuneDilut
Geo 2,48 Hours,0.5,5,0,0,1,1,1,1,1,0.8333333333333334,1,1,1,1,1,Whipping Cream,AttuneDilut
Geo 2,48 Hours,0.6,5,0,0,1,1,1,1,1,0.8333333333333334,1,1,1,1,1,Whipping Cream,AttuneDilut
Geo 2,48 Hours,0.7000000000000001,5,0,0,1,1,1,1,1,0.8333333333333334,1,1,1,1,1,Whipping Cream,AttuneDilut
Geo 2,48 Hours,0.8000000000000002,5,0,0,1,1,1,1,1,0.8333333333333334,1,1,1,1,1,Whipping Cream,AttuneDilut
Geo 2,48 Hours,0.9,5,0,0,1,1,1,1,1,0.8333333333333334,1,1,1,1,1,Whipping Cream,AttuneDilut
Geo 2,48 Hours,1,5,0,0,1,1,1,1,1,0.8333333333333334,1,1,1,1,1,Whipping Cream,AttuneDilut
Geo 2,48 Hours,1.1,5,0,0,1,1,1,1,1,0.8333333333333334,1,1,1,1,1,Whipping Cream,AttuneDilut
Geo 2,48 Hours,1.2000000000000002,5,0,0,1,1,1,1,1,0.8333333333333334,1,1,1,1,1,Whipping Cream,AttuneDilut
Geo 2,48 Hours,1.3000000000000003,5,0,0,1,1,1,1,1,0.8333333333333334,1,1,1,1,1,Whipping Cream,AttuneDilut
Geo 2,48 Hours,1.4,5,0,0,1,1,1,1,1,0.8333333333333334,1,1,1,1,1,Whipping Cream,AttuneDilut
Geo 2,48 Hours,1.5,5,0,0,1,1,1,1,1,0.8333333333333334,1,1,1,1,1,Whipping Cream,AttuneDilut
Geo 2,48 Hours,1.6,5,0,0,1,1,1,1,1,0.8333333333333334,1,1,1,1,1,Whipping Cream,AttuneDilut
Geo 2,48 Hours,1.7000000000000002,5,0,0,1,1,1,1,1,0.8333333333333334,1,1,1,1,1,Whipping Cream,AttuneDilut
Geo 2,48 Hours,1.8000000000000003,5,0,0,1,1,1,1,1,0.8333333333333334,1,1,1,1,1,Whipping Cream,AttuneDilut
Geo 2,48 Hours,1.9000000000000004,5,0,0,1,1,1,1,1,0.8333333333333334,1,1,1,1,1,Whipping Cream,AttuneDilut
Geo 2,48 Hours,2.0000000000000004,5,0,0,1,1,1,1,1,0.8333333333333334,1,1,1,1,1,Whipping Cream,AttuneDilut
Geo 2,48 Hours,2.1,5,0,0,1,1,1,1,1,0.8333333333333334,1,1,1,1,1,Whipping Cream,AttuneDilut
Geo 2,48 Hours,2.2,5,0,0,1,1,1,1,1,0.8333333333333334,1,1,1,1,1,Whipping Cream,AttuneDilut
Geo 2,48 Hours,2.3000000000000003,5,0,0,1,1,1,1,1,0.8333333333333334,1,1,1,1,1,Whipping Cream,AttuneDilut
Geo 2,48 Hours,2.4000000000000004,5,0,0,1,1,1,1,1,0.8333333333333334,1,1,1,1,1,Whipping Cream,AttuneDilut
Geo 2,48 Hours,2.5000000000000004,5,0,0,1,1,1,1,1,0.8333333333333334,1,1,1,1,1,Whipping Cream,AttuneDilut
Geo 2,48 Hours,2.6,5,0,0,1,1,1,1,1,0.8333333333333334,1,1,1,1,1,Whipping Cream,AttuneDilut
Geo 2,48 Hours,2.7,5,0,0,1,1,1,1,1,0.8333333333333334,1,1,1,1,1,Whipping Cream,AttuneDilut
Geo 2,48 Hours,2.8000000000000003,5,0,0,1,1,1,1,1,0.8333333333333334,1,1,1,1,1,Whipping Cream,AttuneDilut
Geo 2,48 Hours,2.9000000000000004,5,0,0,1,1,1,1,1,0.8333333333333334,1,1,1,1,1,Whipping Cream,AttuneDilut
Geo 2,48 Hours,3.0000000000000004,5,0,0,1,1,1,1,1,0.8333333333333334,1,1,1,1,1,Whipping Cream,AttuneDilut
Geo 2,48 Hours,3.1,5,0,0,1,1,1,1,1,0.8333333333333334,1,1,1,1,1,Whipping Cream,AttuneDilut
Geo 2,48 Hours,3.2,5,0,0,1,1,1,1,1,0.8333333333333334,1,1,1,1,1,Whipping Cream,AttuneDilut
Geo 2,48 Hours,3.3000000000000003,5,0,0,1,1,1,1,1,0.8333333333333334,1,1,1,1,1,Whipping Cream,AttuneDilut
Geo 2,48 Hours,3.4000000000000004,5,0,0,1,1,1,1,1,0.8333333333333334,1,1,1,1,1,Whipping Cream,AttuneDilut
Geo 2,48 Hours,3.5000000000000004,5,0,0,1,1,1,1,1,0.8333333333333334,1,1,1,1,1,Whipping Cream,AttuneDilut
Geo 2,48 Hours,3.6,5,0,0,1,1,1,1,1,0.8333333333333334,1,1,1,1,1,Whipping Cream,AttuneDilut
Geo 2,48 Hours,3.7000000000000006,5,0,0,1,1,1,1,1,0.8333333333333334,1,1,1,1,1,Whipping Cream,AttuneDilut
Geo 2,48 Hours,3.8000000000000003,5,0,0,1,1,1,1,1,0.8333333333333334,1,1,1,1,1,Whipping Cream,AttuneDilut
Geo 2,48 Hours,3.9,5,0,0,1,1,1,1,1,0.8333333333333334,1,1,1,1,1,Whipping Cream,AttuneDilut
Geo 2,48 Hours,4,5,0,0,1,1,1,1,1,0.8333333333333334,1,1,1,1,1,Whipping Cream,AttuneDilut
Geo 2,48 Hours,4.1,5,0,0,1,1,1,1,1,0.8333333333333334,1,1,1,1,1,Whipping Cream,AttuneDilut
Geo 2,48 Hours,4.2,5,0,0,1,1,1,1,1,0.8333333333333334,1,1,1,1,1,Whipping Cream,AttuneDilut
Geo 2,48 Hours,4.3,5,0,0,1,1,1,1,1,0.8333333333333334,1,1,1,1,1,Whipping Cream,AttuneDilut
Geo 2,48 Hours,4.4,5,0,0,1,1,1,1,1,0.8333333333333334,1,1,1,1,1,Whipping Cream,AttuneDilut
Geo 2,48 Hours,4.5,5,0,0,1,1,1,1,1,0.8333333333333334,1,1,1,1,1,Whipping Cream,AttuneDilut
Geo 2,48 Hours,4.6,5,0,0,1,1,1,1,1,0.8333333333333334,1,1,1,1,1,Whipping Cream,AttuneDilut
Geo 2,48 Hours,4.7,5,0,0,1,1,1,1,1,0.8333333333333334,1,1,1,1,1,Whipping Cream,AttuneDilut
Geo 2,48 Hours,4.8,5,0,0,1,1,1,1,1,0.8333333333333334,1,1,1,1,1,Whipping Cream,AttuneDilut
Geo 2,48 Hours,4.9,5,0,0,1,1,1,1,1,0.8333333333333334,1,1,1,1,1,Whipping Cream,AttuneDilut
Geo 2,48 Hours,5,5,0,0,1,1,1,1,1,0.8333333333333334,1,1,1,1,1,Whipping Cream,AttuneDilut
Geo 2,48 Hours,5.1,5,0,0,1,1,1,1,1,0.8333333333333334,1,1,1,1,1,Whipping Cream,AttuneDilut
Geo 2,48 Hours,5.2,5,0,0,1,1,1,1,1,0.8333333333333334,1,1,1,1,1,Whipping Cream,AttuneDilut
Geo 2,48 Hours,5.3,5,0,0,1,1,1,1,1,0.8333333333333334,1,1,1,1,1,Whipping Cream,AttuneDilut
Geo 2,48 Hours,5.4,5,0,0,1,1,1,1,1,0.8333333333333334,1,1,1,1,1,Whipping Cream,AttuneDilut
Geo 2,48 Hours,5.5,5,0,0,1,1,1,1,1,0.8333333333333334,1,1,1,1,1,Whipping Cream,AttuneDilut
Geo 2,48 Hours,5.6,5,0,0,1,1,1,1,1,0.8333333333333334,1,1,1,1,1,Whipping Cream,AttuneDilut
Geo 2,48 Hours,5.7,5,0,0,1,1,1,1,1,0.8333333333333334,1,1,1,1,1,Whipping Cream,AttuneDilut
Geo 2,48 Hours,5.8,5,0,0,1,1,1,1,1,0.8333333333333334,1,1,1,1,1,Whipping Cream,AttuneDilut
Geo 2,48 Hours,5.9,4,0,1,1,0.8,1,1,0.5,0.8333333333333334,0.8333333333333334,0.888888888888889,0.8,0.6324555320336759,0.8,Whipping Cream,AttuneDilut
Geo 2,48 Hours,6,4,0,1,1,0.8,1,1,0.5,0.8333333333333334,0.8333333333333334,0.888888888888889,0.8,0.6324555320336759,0.8,Whipping Cream,AttuneDilut
Geo 2,48 Hours,6.1,4,0,1,1,0.8,1,1,0.5,0.8333333333333334,0.8333333333333334,0.888888888888889,0.8,0.6324555320336759,0.8,Whipping Cream,AttuneDilut
Geo 2,48 Hours,6.2,4,0,1,1,0.8,1,1,0.5,0.8333333333333334,0.8333333333333334,0.888888888888889,0.8,0.6324555320336759,0.8,Whipping Cream,AttuneDilut
Geo 2,48 Hours,6.3,3,0,2,1,0.6,1,1,0.3333333333333333,0.8333333333333334,0.6666666666666666,0.7499999999999999,0.6,0.44721359549995793,0.6000000000000001,Whipping Cream,AttuneDilut
Geo 2,48 Hours,6.4,3,0,2,1,0.6,1,1,0.3333333333333333,0.8333333333333334,0.6666666666666666,0.7499999999999999,0.6,0.44721359549995793,0.6000000000000001,Whipping Cream,AttuneDilut
Geo 2,48 Hours,6.5,0,0,5,1,0,1,NA,0.16666666666666666,0.8333333333333334,0.16666666666666666,NA,0,NA,0,Whipping Cream,AttuneDilut
Geo 2,48 Hours,6.6,0,0,5,1,0,1,NA,0.16666666666666666,0.8333333333333334,0.16666666666666666,NA,0,NA,0,Whipping Cream,AttuneDilut
Geo 2,48 Hours,6.7,0,0,5,1,0,1,NA,0.16666666666666666,0.8333333333333334,0.16666666666666666,NA,0,NA,0,Whipping Cream,AttuneDilut
Geo 2,48 Hours,6.8,0,0,5,1,0,1,NA,0.16666666666666666,0.8333333333333334,0.16666666666666666,NA,0,NA,0,Whipping Cream,AttuneDilut
Geo 2,48 Hours,6.9,0,0,5,1,0,1,NA,0.16666666666666666,0.8333333333333334,0.16666666666666666,NA,0,NA,0,Whipping Cream,AttuneDilut
Geo 2,48 Hours,7,0,0,5,1,0,1,NA,0.16666666666666666,0.8333333333333334,0.16666666666666666,NA,0,NA,0,Whipping Cream,AttuneDilut
Geo 2,48 Hours,7.1,0,0,5,1,0,1,NA,0.16666666666666666,0.8333333333333334,0.16666666666666666,NA,0,NA,0,Whipping Cream,AttuneDilut
Geo 2,48 Hours,7.2,0,0,5,1,0,1,NA,0.16666666666666666,0.8333333333333334,0.16666666666666666,NA,0,NA,0,Whipping Cream,AttuneDilut
Geo 2,48 Hours,7.3,0,0,5,1,0,1,NA,0.16666666666666666,0.8333333333333334,0.16666666666666666,NA,0,NA,0,Whipping Cream,AttuneDilut
Geo 2,48 Hours,7.4,0,0,5,1,0,1,NA,0.16666666666666666,0.8333333333333334,0.16666666666666666,NA,0,NA,0,Whipping Cream,AttuneDilut
Geo 2,48 Hours,7.5,0,0,5,1,0,1,NA,0.16666666666666666,0.8333333333333334,0.16666666666666666,NA,0,NA,0,Whipping Cream,AttuneDilut
Geo 2,48 Hours,7.6,0,0,5,1,0,1,NA,0.16666666666666666,0.8333333333333334,0.16666666666666666,NA,0,NA,0,Whipping Cream,AttuneDilut
Geo 2,48 Hours,7.699999999999999,0,0,5,1,0,1,NA,0.16666666666666666,0.8333333333333334,0.16666666666666666,NA,0,NA,0,Whipping Cream,AttuneDilut
Geo 2,48 Hours,7.8,0,0,5,1,0,1,NA,0.16666666666666666,0.8333333333333334,0.16666666666666666,NA,0,NA,0,Whipping Cream,AttuneDilut
Geo 2,72 Hours,-0.4,5,1,0,0,1,0,0.8333333333333334,NA,0.8333333333333334,0.8333333333333334,0.9090909090909091,0.8333333333333334,NA,0,Whipping Cream,AttuneDilut
Geo 2,72 Hours,-0.30000000000000004,5,0,0,1,1,1,1,1,0.8333333333333334,1,1,1,1,1,Whipping Cream,AttuneDilut
Geo 2,72 Hours,-0.2,5,0,0,1,1,1,1,1,0.8333333333333334,1,1,1,1,1,Whipping Cream,AttuneDilut
Geo 2,72 Hours,-0.09999999999999998,5,0,0,1,1,1,1,1,0.8333333333333334,1,1,1,1,1,Whipping Cream,AttuneDilut
Geo 2,72 Hours,0,5,0,0,1,1,1,1,1,0.8333333333333334,1,1,1,1,1,Whipping Cream,AttuneDilut
Geo 2,72 Hours,0.09999999999999998,5,0,0,1,1,1,1,1,0.8333333333333334,1,1,1,1,1,Whipping Cream,AttuneDilut
Geo 2,72 Hours,0.20000000000000007,5,0,0,1,1,1,1,1,0.8333333333333334,1,1,1,1,1,Whipping Cream,AttuneDilut
Geo 2,72 Hours,0.30000000000000004,5,0,0,1,1,1,1,1,0.8333333333333334,1,1,1,1,1,Whipping Cream,AttuneDilut
Geo 2,72 Hours,0.4,5,0,0,1,1,1,1,1,0.8333333333333334,1,1,1,1,1,Whipping Cream,AttuneDilut
Geo 2,72 Hours,0.5,5,0,0,1,1,1,1,1,0.8333333333333334,1,1,1,1,1,Whipping Cream,AttuneDilut
Geo 2,72 Hours,0.6,5,0,0,1,1,1,1,1,0.8333333333333334,1,1,1,1,1,Whipping Cream,AttuneDilut
Geo 2,72 Hours,0.7000000000000001,5,0,0,1,1,1,1,1,0.8333333333333334,1,1,1,1,1,Whipping Cream,AttuneDilut
Geo 2,72 Hours,0.8000000000000002,5,0,0,1,1,1,1,1,0.8333333333333334,1,1,1,1,1,Whipping Cream,AttuneDilut
Geo 2,72 Hours,0.9,5,0,0,1,1,1,1,1,0.8333333333333334,1,1,1,1,1,Whipping Cream,AttuneDilut
Geo 2,72 Hours,1,5,0,0,1,1,1,1,1,0.8333333333333334,1,1,1,1,1,Whipping Cream,AttuneDilut
Geo 2,72 Hours,1.1,5,0,0,1,1,1,1,1,0.8333333333333334,1,1,1,1,1,Whipping Cream,AttuneDilut
Geo 2,72 Hours,1.2000000000000002,5,0,0,1,1,1,1,1,0.8333333333333334,1,1,1,1,1,Whipping Cream,AttuneDilut
Geo 2,72 Hours,1.3000000000000003,5,0,0,1,1,1,1,1,0.8333333333333334,1,1,1,1,1,Whipping Cream,AttuneDilut
Geo 2,72 Hours,1.4,5,0,0,1,1,1,1,1,0.8333333333333334,1,1,1,1,1,Whipping Cream,AttuneDilut
Geo 2,72 Hours,1.5,5,0,0,1,1,1,1,1,0.8333333333333334,1,1,1,1,1,Whipping Cream,AttuneDilut
Geo 2,72 Hours,1.6,5,0,0,1,1,1,1,1,0.8333333333333334,1,1,1,1,1,Whipping Cream,AttuneDilut
Geo 2,72 Hours,1.7000000000000002,5,0,0,1,1,1,1,1,0.8333333333333334,1,1,1,1,1,Whipping Cream,AttuneDilut
Geo 2,72 Hours,1.8000000000000003,5,0,0,1,1,1,1,1,0.8333333333333334,1,1,1,1,1,Whipping Cream,AttuneDilut
Geo 2,72 Hours,1.9000000000000004,5,0,0,1,1,1,1,1,0.8333333333333334,1,1,1,1,1,Whipping Cream,AttuneDilut
Geo 2,72 Hours,2.0000000000000004,5,0,0,1,1,1,1,1,0.8333333333333334,1,1,1,1,1,Whipping Cream,AttuneDilut
Geo 2,72 Hours,2.1,5,0,0,1,1,1,1,1,0.8333333333333334,1,1,1,1,1,Whipping Cream,AttuneDilut
Geo 2,72 Hours,2.2,5,0,0,1,1,1,1,1,0.8333333333333334,1,1,1,1,1,Whipping Cream,AttuneDilut
Geo 2,72 Hours,2.3000000000000003,5,0,0,1,1,1,1,1,0.8333333333333334,1,1,1,1,1,Whipping Cream,AttuneDilut
Geo 2,72 Hours,2.4000000000000004,5,0,0,1,1,1,1,1,0.8333333333333334,1,1,1,1,1,Whipping Cream,AttuneDilut
Geo 2,72 Hours,2.5000000000000004,5,0,0,1,1,1,1,1,0.8333333333333334,1,1,1,1,1,Whipping Cream,AttuneDilut
Geo 2,72 Hours,2.6,5,0,0,1,1,1,1,1,0.8333333333333334,1,1,1,1,1,Whipping Cream,AttuneDilut
Geo 2,72 Hours,2.7,4,0,1,1,0.8,1,1,0.5,0.8333333333333334,0.8333333333333334,0.888888888888889,0.8,0.6324555320336759,0.8,Whipping Cream,AttuneDilut
Geo 2,72 Hours,2.8000000000000003,4,0,1,1,0.8,1,1,0.5,0.8333333333333334,0.8333333333333334,0.888888888888889,0.8,0.6324555320336759,0.8,Whipping Cream,AttuneDilut
Geo 2,72 Hours,2.9000000000000004,4,0,1,1,0.8,1,1,0.5,0.8333333333333334,0.8333333333333334,0.888888888888889,0.8,0.6324555320336759,0.8,Whipping Cream,AttuneDilut
Geo 2,72 Hours,3.0000000000000004,4,0,1,1,0.8,1,1,0.5,0.8333333333333334,0.8333333333333334,0.888888888888889,0.8,0.6324555320336759,0.8,Whipping Cream,AttuneDilut
Geo 2,72 Hours,3.1,4,0,1,1,0.8,1,1,0.5,0.8333333333333334,0.8333333333333334,0.888888888888889,0.8,0.6324555320336759,0.8,Whipping Cream,AttuneDilut
Geo 2,72 Hours,3.2,4,0,1,1,0.8,1,1,0.5,0.8333333333333334,0.8333333333333334,0.888888888888889,0.8,0.6324555320336759,0.8,Whipping Cream,AttuneDilut
Geo 2,72 Hours,3.3000000000000003,4,0,1,1,0.8,1,1,0.5,0.8333333333333334,0.8333333333333334,0.888888888888889,0.8,0.6324555320336759,0.8,Whipping Cream,AttuneDilut
Geo 2,72 Hours,3.4000000000000004,4,0,1,1,0.8,1,1,0.5,0.8333333333333334,0.8333333333333334,0.888888888888889,0.8,0.6324555320336759,0.8,Whipping Cream,AttuneDilut
Geo 2,72 Hours,3.5000000000000004,4,0,1,1,0.8,1,1,0.5,0.8333333333333334,0.8333333333333334,0.888888888888889,0.8,0.6324555320336759,0.8,Whipping Cream,AttuneDilut
Geo 2,72 Hours,3.6,4,0,1,1,0.8,1,1,0.5,0.8333333333333334,0.8333333333333334,0.888888888888889,0.8,0.6324555320336759,0.8,Whipping Cream,AttuneDilut
Geo 2,72 Hours,3.7000000000000006,4,0,1,1,0.8,1,1,0.5,0.8333333333333334,0.8333333333333334,0.888888888888889,0.8,0.6324555320336759,0.8,Whipping Cream,AttuneDilut
Geo 2,72 Hours,3.8000000000000003,4,0,1,1,0.8,1,1,0.5,0.8333333333333334,0.8333333333333334,0.888888888888889,0.8,0.6324555320336759,0.8,Whipping Cream,AttuneDilut
Geo 2,72 Hours,3.9,4,0,1,1,0.8,1,1,0.5,0.8333333333333334,0.8333333333333334,0.888888888888889,0.8,0.6324555320336759,0.8,Whipping Cream,AttuneDilut
Geo 2,72 Hours,4,3,0,2,1,0.6,1,1,0.3333333333333333,0.8333333333333334,0.6666666666666666,0.7499999999999999,0.6,0.44721359549995793,0.6000000000000001,Whipping Cream,AttuneDilut
Geo 2,72 Hours,4.1,3,0,2,1,0.6,1,1,0.3333333333333333,0.8333333333333334,0.6666666666666666,0.7499999999999999,0.6,0.44721359549995793,0.6000000000000001,Whipping Cream,AttuneDilut
Geo 2,72 Hours,4.2,1,0,4,1,0.2,1,1,0.2,0.8333333333333334,0.3333333333333333,0.33333333333333337,0.2,0.2,0.19999999999999996,Whipping Cream,AttuneDilut
Geo 2,72 Hours,4.3,0,0,5,1,0,1,NA,0.16666666666666666,0.8333333333333334,0.16666666666666666,NA,0,NA,0,Whipping Cream,AttuneDilut
Geo 2,72 Hours,4.4,0,0,5,1,0,1,NA,0.16666666666666666,0.8333333333333334,0.16666666666666666,NA,0,NA,0,Whipping Cream,AttuneDilut
Geo 2,72 Hours,4.5,0,0,5,1,0,1,NA,0.16666666666666666,0.8333333333333334,0.16666666666666666,NA,0,NA,0,Whipping Cream,AttuneDilut
Geo 2,72 Hours,4.6,0,0,5,1,0,1,NA,0.16666666666666666,0.8333333333333334,0.16666666666666666,NA,0,NA,0,Whipping Cream,AttuneDilut
Geo 2,72 Hours,4.7,0,0,5,1,0,1,NA,0.16666666666666666,0.8333333333333334,0.16666666666666666,NA,0,NA,0,Whipping Cream,AttuneDilut
Geo 2,72 Hours,4.8,0,0,5,1,0,1,NA,0.16666666666666666,0.8333333333333334,0.16666666666666666,NA,0,NA,0,Whipping Cream,AttuneDilut
Geo 2,72 Hours,4.9,0,0,5,1,0,1,NA,0.16666666666666666,0.8333333333333334,0.16666666666666666,NA,0,NA,0,Whipping Cream,AttuneDilut
Geo 2,72 Hours,5,0,0,5,1,0,1,NA,0.16666666666666666,0.8333333333333334,0.16666666666666666,NA,0,NA,0,Whipping Cream,AttuneDilut
Geo 2,72 Hours,5.1,0,0,5,1,0,1,NA,0.16666666666666666,0.8333333333333334,0.16666666666666666,NA,0,NA,0,Whipping Cream,AttuneDilut
Geo 2,72 Hours,5.2,0,0,5,1,0,1,NA,0.16666666666666666,0.8333333333333334,0.16666666666666666,NA,0,NA,0,Whipping Cream,AttuneDilut
Geo 2,72 Hours,5.3,0,0,5,1,0,1,NA,0.16666666666666666,0.8333333333333334,0.16666666666666666,NA,0,NA,0,Whipping Cream,AttuneDilut
Geo 2,72 Hours,5.4,0,0,5,1,0,1,NA,0.16666666666666666,0.8333333333333334,0.16666666666666666,NA,0,NA,0,Whipping Cream,AttuneDilut
Geo 2,72 Hours,5.5,0,0,5,1,0,1,NA,0.16666666666666666,0.8333333333333334,0.16666666666666666,NA,0,NA,0,Whipping Cream,AttuneDilut
Geo 2,72 Hours,5.6,0,0,5,1,0,1,NA,0.16666666666666666,0.8333333333333334,0.16666666666666666,NA,0,NA,0,Whipping Cream,AttuneDilut
Geo 2,72 Hours,5.7,0,0,5,1,0,1,NA,0.16666666666666666,0.8333333333333334,0.16666666666666666,NA,0,NA,0,Whipping Cream,AttuneDilut
Geo 2,72 Hours,5.8,0,0,5,1,0,1,NA,0.16666666666666666,0.8333333333333334,0.16666666666666666,NA,0,NA,0,Whipping Cream,AttuneDilut
Geo 2,72 Hours,5.9,0,0,5,1,0,1,NA,0.16666666666666666,0.8333333333333334,0.16666666666666666,NA,0,NA,0,Whipping Cream,AttuneDilut
Geo 2,72 Hours,6,0,0,5,1,0,1,NA,0.16666666666666666,0.8333333333333334,0.16666666666666666,NA,0,NA,0,Whipping Cream,AttuneDilut
Geo 2,72 Hours,6.1,0,0,5,1,0,1,NA,0.16666666666666666,0.8333333333333334,0.16666666666666666,NA,0,NA,0,Whipping Cream,AttuneDilut
Geo 2,72 Hours,6.2,0,0,5,1,0,1,NA,0.16666666666666666,0.8333333333333334,0.16666666666666666,NA,0,NA,0,Whipping Cream,AttuneDilut
Geo 2,72 Hours,6.3,0,0,5,1,0,1,NA,0.16666666666666666,0.8333333333333334,0.16666666666666666,NA,0,NA,0,Whipping Cream,AttuneDilut
Geo 2,72 Hours,6.4,0,0,5,1,0,1,NA,0.16666666666666666,0.8333333333333334,0.16666666666666666,NA,0,NA,0,Whipping Cream,AttuneDilut
Geo 2,72 Hours,6.5,0,0,5,1,0,1,NA,0.16666666666666666,0.8333333333333334,0.16666666666666666,NA,0,NA,0,Whipping Cream,AttuneDilut
Geo 2,72 Hours,6.6,0,0,5,1,0,1,NA,0.16666666666666666,0.8333333333333334,0.16666666666666666,NA,0,NA,0,Whipping Cream,AttuneDilut
Geo 2,72 Hours,6.7,0,0,5,1,0,1,NA,0.16666666666666666,0.8333333333333334,0.16666666666666666,NA,0,NA,0,Whipping Cream,AttuneDilut
Geo 2,72 Hours,6.8,0,0,5,1,0,1,NA,0.16666666666666666,0.8333333333333334,0.16666666666666666,NA,0,NA,0,Whipping Cream,AttuneDilut
Geo 2,72 Hours,6.9,0,0,5,1,0,1,NA,0.16666666666666666,0.8333333333333334,0.16666666666666666,NA,0,NA,0,Whipping Cream,AttuneDilut
Geo 2,72 Hours,7,0,0,5,1,0,1,NA,0.16666666666666666,0.8333333333333334,0.16666666666666666,NA,0,NA,0,Whipping Cream,AttuneDilut
Geo 2,72 Hours,7.1,0,0,5,1,0,1,NA,0.16666666666666666,0.8333333333333334,0.16666666666666666,NA,0,NA,0,Whipping Cream,AttuneDilut
Geo 2,72 Hours,7.2,0,0,5,1,0,1,NA,0.16666666666666666,0.8333333333333334,0.16666666666666666,NA,0,NA,0,Whipping Cream,AttuneDilut
Geo 2,72 Hours,7.3,0,0,5,1,0,1,NA,0.16666666666666666,0.8333333333333334,0.16666666666666666,NA,0,NA,0,Whipping Cream,AttuneDilut
Geo 2,72 Hours,7.4,0,0,5,1,0,1,NA,0.16666666666666666,0.8333333333333334,0.16666666666666666,NA,0,NA,0,Whipping Cream,AttuneDilut
Geo 2,72 Hours,7.5,0,0,5,1,0,1,NA,0.16666666666666666,0.8333333333333334,0.16666666666666666,NA,0,NA,0,Whipping Cream,AttuneDilut
Geo 2,72 Hours,7.6,0,0,5,1,0,1,NA,0.16666666666666666,0.8333333333333334,0.16666666666666666,NA,0,NA,0,Whipping Cream,AttuneDilut
Geo 2,72 Hours,7.699999999999999,0,0,5,1,0,1,NA,0.16666666666666666,0.8333333333333334,0.16666666666666666,NA,0,NA,0,Whipping Cream,AttuneDilut
Geo 2,72 Hours,7.8,0,0,5,1,0,1,NA,0.16666666666666666,0.8333333333333334,0.16666666666666666,NA,0,NA,0,Whipping Cream,AttuneDilut
Geo 3,12 Hours,-0.4,4,2,0,0,1,0,0.6666666666666666,NA,0.6666666666666666,0.6666666666666666,0.8,0.6666666666666666,NA,0,Whipping Cream,AttuneDilut
Geo 3,12 Hours,-0.30000000000000004,4,2,0,0,1,0,0.6666666666666666,NA,0.6666666666666666,0.6666666666666666,0.8,0.6666666666666666,NA,0,Whipping Cream,AttuneDilut
Geo 3,12 Hours,-0.2,4,2,0,0,1,0,0.6666666666666666,NA,0.6666666666666666,0.6666666666666666,0.8,0.6666666666666666,NA,0,Whipping Cream,AttuneDilut
Geo 3,12 Hours,-0.09999999999999998,4,2,0,0,1,0,0.6666666666666666,NA,0.6666666666666666,0.6666666666666666,0.8,0.6666666666666666,NA,0,Whipping Cream,AttuneDilut
Geo 3,12 Hours,0,4,2,0,0,1,0,0.6666666666666666,NA,0.6666666666666666,0.6666666666666666,0.8,0.6666666666666666,NA,0,Whipping Cream,AttuneDilut
Geo 3,12 Hours,0.09999999999999998,4,2,0,0,1,0,0.6666666666666666,NA,0.6666666666666666,0.6666666666666666,0.8,0.6666666666666666,NA,0,Whipping Cream,AttuneDilut
Geo 3,12 Hours,0.20000000000000007,4,2,0,0,1,0,0.6666666666666666,NA,0.6666666666666666,0.6666666666666666,0.8,0.6666666666666666,NA,0,Whipping Cream,AttuneDilut
Geo 3,12 Hours,0.30000000000000004,4,2,0,0,1,0,0.6666666666666666,NA,0.6666666666666666,0.6666666666666666,0.8,0.6666666666666666,NA,0,Whipping Cream,AttuneDilut
Geo 3,12 Hours,0.4,4,2,0,0,1,0,0.6666666666666666,NA,0.6666666666666666,0.6666666666666666,0.8,0.6666666666666666,NA,0,Whipping Cream,AttuneDilut
Geo 3,12 Hours,0.5,4,2,0,0,1,0,0.6666666666666666,NA,0.6666666666666666,0.6666666666666666,0.8,0.6666666666666666,NA,0,Whipping Cream,AttuneDilut
Geo 3,12 Hours,0.6,4,2,0,0,1,0,0.6666666666666666,NA,0.6666666666666666,0.6666666666666666,0.8,0.6666666666666666,NA,0,Whipping Cream,AttuneDilut
Geo 3,12 Hours,0.7000000000000001,4,2,0,0,1,0,0.6666666666666666,NA,0.6666666666666666,0.6666666666666666,0.8,0.6666666666666666,NA,0,Whipping Cream,AttuneDilut
Geo 3,12 Hours,0.8000000000000002,4,2,0,0,1,0,0.6666666666666666,NA,0.6666666666666666,0.6666666666666666,0.8,0.6666666666666666,NA,0,Whipping Cream,AttuneDilut
Geo 3,12 Hours,0.9,4,2,0,0,1,0,0.6666666666666666,NA,0.6666666666666666,0.6666666666666666,0.8,0.6666666666666666,NA,0,Whipping Cream,AttuneDilut
Geo 3,12 Hours,1,4,2,0,0,1,0,0.6666666666666666,NA,0.6666666666666666,0.6666666666666666,0.8,0.6666666666666666,NA,0,Whipping Cream,AttuneDilut
Geo 3,12 Hours,1.1,4,2,0,0,1,0,0.6666666666666666,NA,0.6666666666666666,0.6666666666666666,0.8,0.6666666666666666,NA,0,Whipping Cream,AttuneDilut
Geo 3,12 Hours,1.2000000000000002,4,2,0,0,1,0,0.6666666666666666,NA,0.6666666666666666,0.6666666666666666,0.8,0.6666666666666666,NA,0,Whipping Cream,AttuneDilut
Geo 3,12 Hours,1.3000000000000003,4,2,0,0,1,0,0.6666666666666666,NA,0.6666666666666666,0.6666666666666666,0.8,0.6666666666666666,NA,0,Whipping Cream,AttuneDilut
Geo 3,12 Hours,1.4,4,2,0,0,1,0,0.6666666666666666,NA,0.6666666666666666,0.6666666666666666,0.8,0.6666666666666666,NA,0,Whipping Cream,AttuneDilut
Geo 3,12 Hours,1.5,4,2,0,0,1,0,0.6666666666666666,NA,0.6666666666666666,0.6666666666666666,0.8,0.6666666666666666,NA,0,Whipping Cream,AttuneDilut
Geo 3,12 Hours,1.6,4,2,0,0,1,0,0.6666666666666666,NA,0.6666666666666666,0.6666666666666666,0.8,0.6666666666666666,NA,0,Whipping Cream,AttuneDilut
Geo 3,12 Hours,1.7000000000000002,4,2,0,0,1,0,0.6666666666666666,NA,0.6666666666666666,0.6666666666666666,0.8,0.6666666666666666,NA,0,Whipping Cream,AttuneDilut
Geo 3,12 Hours,1.8000000000000003,4,2,0,0,1,0,0.6666666666666666,NA,0.6666666666666666,0.6666666666666666,0.8,0.6666666666666666,NA,0,Whipping Cream,AttuneDilut
Geo 3,12 Hours,1.9000000000000004,4,2,0,0,1,0,0.6666666666666666,NA,0.6666666666666666,0.6666666666666666,0.8,0.6666666666666666,NA,0,Whipping Cream,AttuneDilut
Geo 3,12 Hours,2.0000000000000004,4,1,0,1,1,0.5,0.8,1,0.6666666666666666,0.8333333333333334,0.888888888888889,0.8,0.6324555320336759,0.5,Whipping Cream,AttuneDilut
Geo 3,12 Hours,2.1,4,1,0,1,1,0.5,0.8,1,0.6666666666666666,0.8333333333333334,0.888888888888889,0.8,0.6324555320336759,0.5,Whipping Cream,AttuneDilut
Geo 3,12 Hours,2.2,4,1,0,1,1,0.5,0.8,1,0.6666666666666666,0.8333333333333334,0.888888888888889,0.8,0.6324555320336759,0.5,Whipping Cream,AttuneDilut
Geo 3,12 Hours,2.3000000000000003,4,1,0,1,1,0.5,0.8,1,0.6666666666666666,0.8333333333333334,0.888888888888889,0.8,0.6324555320336759,0.5,Whipping Cream,AttuneDilut
Geo 3,12 Hours,2.4000000000000004,4,0,0,2,1,1,1,1,0.6666666666666666,1,1,1,1,1,Whipping Cream,AttuneDilut
Geo 3,12 Hours,2.5000000000000004,4,0,0,2,1,1,1,1,0.6666666666666666,1,1,1,1,1,Whipping Cream,AttuneDilut
Geo 3,12 Hours,2.6,4,0,0,2,1,1,1,1,0.6666666666666666,1,1,1,1,1,Whipping Cream,AttuneDilut
Geo 3,12 Hours,2.7,4,0,0,2,1,1,1,1,0.6666666666666666,1,1,1,1,1,Whipping Cream,AttuneDilut
Geo 3,12 Hours,2.8000000000000003,4,0,0,2,1,1,1,1,0.6666666666666666,1,1,1,1,1,Whipping Cream,AttuneDilut
Geo 3,12 Hours,2.9000000000000004,4,0,0,2,1,1,1,1,0.6666666666666666,1,1,1,1,1,Whipping Cream,AttuneDilut
Geo 3,12 Hours,3.0000000000000004,4,0,0,2,1,1,1,1,0.6666666666666666,1,1,1,1,1,Whipping Cream,AttuneDilut
Geo 3,12 Hours,3.1,4,0,0,2,1,1,1,1,0.6666666666666666,1,1,1,1,1,Whipping Cream,AttuneDilut
Geo 3,12 Hours,3.2,4,0,0,2,1,1,1,1,0.6666666666666666,1,1,1,1,1,Whipping Cream,AttuneDilut
Geo 3,12 Hours,3.3000000000000003,4,0,0,2,1,1,1,1,0.6666666666666666,1,1,1,1,1,Whipping Cream,AttuneDilut
Geo 3,12 Hours,3.4000000000000004,4,0,0,2,1,1,1,1,0.6666666666666666,1,1,1,1,1,Whipping Cream,AttuneDilut
Geo 3,12 Hours,3.5000000000000004,4,0,0,2,1,1,1,1,0.6666666666666666,1,1,1,1,1,Whipping Cream,AttuneDilut
Geo 3,12 Hours,3.6,4,0,0,2,1,1,1,1,0.6666666666666666,1,1,1,1,1,Whipping Cream,AttuneDilut
Geo 3,12 Hours,3.7000000000000006,4,0,0,2,1,1,1,1,0.6666666666666666,1,1,1,1,1,Whipping Cream,AttuneDilut
Geo 3,12 Hours,3.8000000000000003,4,0,0,2,1,1,1,1,0.6666666666666666,1,1,1,1,1,Whipping Cream,AttuneDilut
Geo 3,12 Hours,3.9,4,0,0,2,1,1,1,1,0.6666666666666666,1,1,1,1,1,Whipping Cream,AttuneDilut
Geo 3,12 Hours,4,4,0,0,2,1,1,1,1,0.6666666666666666,1,1,1,1,1,Whipping Cream,AttuneDilut
Geo 3,12 Hours,4.1,4,0,0,2,1,1,1,1,0.6666666666666666,1,1,1,1,1,Whipping Cream,AttuneDilut
Geo 3,12 Hours,4.2,4,0,0,2,1,1,1,1,0.6666666666666666,1,1,1,1,1,Whipping Cream,AttuneDilut
Geo 3,12 Hours,4.3,4,0,0,2,1,1,1,1,0.6666666666666666,1,1,1,1,1,Whipping Cream,AttuneDilut
Geo 3,12 Hours,4.4,4,0,0,2,1,1,1,1,0.6666666666666666,1,1,1,1,1,Whipping Cream,AttuneDilut
Geo 3,12 Hours,4.5,4,0,0,2,1,1,1,1,0.6666666666666666,1,1,1,1,1,Whipping Cream,AttuneDilut
Geo 3,12 Hours,4.6,4,0,0,2,1,1,1,1,0.6666666666666666,1,1,1,1,1,Whipping Cream,AttuneDilut
Geo 3,12 Hours,4.7,4,0,0,2,1,1,1,1,0.6666666666666666,1,1,1,1,1,Whipping Cream,AttuneDilut
Geo 3,12 Hours,4.8,4,0,0,2,1,1,1,1,0.6666666666666666,1,1,1,1,1,Whipping Cream,AttuneDilut
Geo 3,12 Hours,4.9,3,0,1,2,0.75,1,1,0.6666666666666666,0.6666666666666666,0.8333333333333334,0.8571428571428571,0.75,0.7071067811865476,0.75,Whipping Cream,AttuneDilut
Geo 3,12 Hours,5,3,0,1,2,0.75,1,1,0.6666666666666666,0.6666666666666666,0.8333333333333334,0.8571428571428571,0.75,0.7071067811865476,0.75,Whipping Cream,AttuneDilut
Geo 3,12 Hours,5.1,3,0,1,2,0.75,1,1,0.6666666666666666,0.6666666666666666,0.8333333333333334,0.8571428571428571,0.75,0.7071067811865476,0.75,Whipping Cream,AttuneDilut
Geo 3,12 Hours,5.2,3,0,1,2,0.75,1,1,0.6666666666666666,0.6666666666666666,0.8333333333333334,0.8571428571428571,0.75,0.7071067811865476,0.75,Whipping Cream,AttuneDilut
Geo 3,12 Hours,5.3,2,0,2,2,0.5,1,1,0.5,0.6666666666666666,0.6666666666666666,0.6666666666666666,0.5,0.5,0.5,Whipping Cream,AttuneDilut
Geo 3,12 Hours,5.4,1,0,3,2,0.25,1,1,0.4,0.6666666666666666,0.5,0.4,0.25,0.31622776601683794,0.25,Whipping Cream,AttuneDilut
Geo 3,12 Hours,5.5,1,0,3,2,0.25,1,1,0.4,0.6666666666666666,0.5,0.4,0.25,0.31622776601683794,0.25,Whipping Cream,AttuneDilut
Geo 3,12 Hours,5.6,0,0,4,2,0,1,NA,0.3333333333333333,0.6666666666666666,0.3333333333333333,NA,0,NA,0,Whipping Cream,AttuneDilut
Geo 3,12 Hours,5.7,0,0,4,2,0,1,NA,0.3333333333333333,0.6666666666666666,0.3333333333333333,NA,0,NA,0,Whipping Cream,AttuneDilut
Geo 3,12 Hours,5.8,0,0,4,2,0,1,NA,0.3333333333333333,0.6666666666666666,0.3333333333333333,NA,0,NA,0,Whipping Cream,AttuneDilut
Geo 3,12 Hours,5.9,0,0,4,2,0,1,NA,0.3333333333333333,0.6666666666666666,0.3333333333333333,NA,0,NA,0,Whipping Cream,AttuneDilut
Geo 3,12 Hours,6,0,0,4,2,0,1,NA,0.3333333333333333,0.6666666666666666,0.3333333333333333,NA,0,NA,0,Whipping Cream,AttuneDilut
Geo 3,12 Hours,6.1,0,0,4,2,0,1,NA,0.3333333333333333,0.6666666666666666,0.3333333333333333,NA,0,NA,0,Whipping Cream,AttuneDilut
Geo 3,12 Hours,6.2,0,0,4,2,0,1,NA,0.3333333333333333,0.6666666666666666,0.3333333333333333,NA,0,NA,0,Whipping Cream,AttuneDilut
Geo 3,12 Hours,6.3,0,0,4,2,0,1,NA,0.3333333333333333,0.6666666666666666,0.3333333333333333,NA,0,NA,0,Whipping Cream,AttuneDilut
Geo 3,12 Hours,6.4,0,0,4,2,0,1,NA,0.3333333333333333,0.6666666666666666,0.3333333333333333,NA,0,NA,0,Whipping Cream,AttuneDilut
Geo 3,12 Hours,6.5,0,0,4,2,0,1,NA,0.3333333333333333,0.6666666666666666,0.3333333333333333,NA,0,NA,0,Whipping Cream,AttuneDilut
Geo 3,12 Hours,6.6,0,0,4,2,0,1,NA,0.3333333333333333,0.6666666666666666,0.3333333333333333,NA,0,NA,0,Whipping Cream,AttuneDilut
Geo 3,12 Hours,6.7,0,0,4,2,0,1,NA,0.3333333333333333,0.6666666666666666,0.3333333333333333,NA,0,NA,0,Whipping Cream,AttuneDilut
Geo 3,12 Hours,6.8,0,0,4,2,0,1,NA,0.3333333333333333,0.6666666666666666,0.3333333333333333,NA,0,NA,0,Whipping Cream,AttuneDilut
Geo 3,12 Hours,6.9,0,0,4,2,0,1,NA,0.3333333333333333,0.6666666666666666,0.3333333333333333,NA,0,NA,0,Whipping Cream,AttuneDilut
Geo 3,12 Hours,7,0,0,4,2,0,1,NA,0.3333333333333333,0.6666666666666666,0.3333333333333333,NA,0,NA,0,Whipping Cream,AttuneDilut
Geo 3,12 Hours,7.1,0,0,4,2,0,1,NA,0.3333333333333333,0.6666666666666666,0.3333333333333333,NA,0,NA,0,Whipping Cream,AttuneDilut
Geo 3,12 Hours,7.2,0,0,4,2,0,1,NA,0.3333333333333333,0.6666666666666666,0.3333333333333333,NA,0,NA,0,Whipping Cream,AttuneDilut
Geo 3,12 Hours,7.3,0,0,4,2,0,1,NA,0.3333333333333333,0.6666666666666666,0.3333333333333333,NA,0,NA,0,Whipping Cream,AttuneDilut
Geo 3,12 Hours,7.4,0,0,4,2,0,1,NA,0.3333333333333333,0.6666666666666666,0.3333333333333333,NA,0,NA,0,Whipping Cream,AttuneDilut
Geo 3,12 Hours,7.5,0,0,4,2,0,1,NA,0.3333333333333333,0.6666666666666666,0.3333333333333333,NA,0,NA,0,Whipping Cream,AttuneDilut
Geo 3,12 Hours,7.6,0,0,4,2,0,1,NA,0.3333333333333333,0.6666666666666666,0.3333333333333333,NA,0,NA,0,Whipping Cream,AttuneDilut
Geo 3,12 Hours,7.699999999999999,0,0,4,2,0,1,NA,0.3333333333333333,0.6666666666666666,0.3333333333333333,NA,0,NA,0,Whipping Cream,AttuneDilut
Geo 3,12 Hours,7.8,0,0,4,2,0,1,NA,0.3333333333333333,0.6666666666666666,0.3333333333333333,NA,0,NA,0,Whipping Cream,AttuneDilut
Geo 3,24 Hours,-0.4,5,1,0,0,1,0,0.8333333333333334,NA,0.8333333333333334,0.8333333333333334,0.9090909090909091,0.8333333333333334,NA,0,Whipping Cream,AttuneDilut
Geo 3,24 Hours,-0.30000000000000004,5,0,0,1,1,1,1,1,0.8333333333333334,1,1,1,1,1,Whipping Cream,AttuneDilut
Geo 3,24 Hours,-0.2,5,0,0,1,1,1,1,1,0.8333333333333334,1,1,1,1,1,Whipping Cream,AttuneDilut
Geo 3,24 Hours,-0.09999999999999998,5,0,0,1,1,1,1,1,0.8333333333333334,1,1,1,1,1,Whipping Cream,AttuneDilut
Geo 3,24 Hours,0,5,0,0,1,1,1,1,1,0.8333333333333334,1,1,1,1,1,Whipping Cream,AttuneDilut
Geo 3,24 Hours,0.09999999999999998,5,0,0,1,1,1,1,1,0.8333333333333334,1,1,1,1,1,Whipping Cream,AttuneDilut
Geo 3,24 Hours,0.20000000000000007,5,0,0,1,1,1,1,1,0.8333333333333334,1,1,1,1,1,Whipping Cream,AttuneDilut
Geo 3,24 Hours,0.30000000000000004,5,0,0,1,1,1,1,1,0.8333333333333334,1,1,1,1,1,Whipping Cream,AttuneDilut
Geo 3,24 Hours,0.4,5,0,0,1,1,1,1,1,0.8333333333333334,1,1,1,1,1,Whipping Cream,AttuneDilut
Geo 3,24 Hours,0.5,5,0,0,1,1,1,1,1,0.8333333333333334,1,1,1,1,1,Whipping Cream,AttuneDilut
Geo 3,24 Hours,0.6,5,0,0,1,1,1,1,1,0.8333333333333334,1,1,1,1,1,Whipping Cream,AttuneDilut
Geo 3,24 Hours,0.7000000000000001,5,0,0,1,1,1,1,1,0.8333333333333334,1,1,1,1,1,Whipping Cream,AttuneDilut
Geo 3,24 Hours,0.8000000000000002,5,0,0,1,1,1,1,1,0.8333333333333334,1,1,1,1,1,Whipping Cream,AttuneDilut
Geo 3,24 Hours,0.9,5,0,0,1,1,1,1,1,0.8333333333333334,1,1,1,1,1,Whipping Cream,AttuneDilut
Geo 3,24 Hours,1,5,0,0,1,1,1,1,1,0.8333333333333334,1,1,1,1,1,Whipping Cream,AttuneDilut
Geo 3,24 Hours,1.1,5,0,0,1,1,1,1,1,0.8333333333333334,1,1,1,1,1,Whipping Cream,AttuneDilut
Geo 3,24 Hours,1.2000000000000002,5,0,0,1,1,1,1,1,0.8333333333333334,1,1,1,1,1,Whipping Cream,AttuneDilut
Geo 3,24 Hours,1.3000000000000003,5,0,0,1,1,1,1,1,0.8333333333333334,1,1,1,1,1,Whipping Cream,AttuneDilut
Geo 3,24 Hours,1.4,5,0,0,1,1,1,1,1,0.8333333333333334,1,1,1,1,1,Whipping Cream,AttuneDilut
Geo 3,24 Hours,1.5,5,0,0,1,1,1,1,1,0.8333333333333334,1,1,1,1,1,Whipping Cream,AttuneDilut
Geo 3,24 Hours,1.6,5,0,0,1,1,1,1,1,0.8333333333333334,1,1,1,1,1,Whipping Cream,AttuneDilut
Geo 3,24 Hours,1.7000000000000002,5,0,0,1,1,1,1,1,0.8333333333333334,1,1,1,1,1,Whipping Cream,AttuneDilut
Geo 3,24 Hours,1.8000000000000003,5,0,0,1,1,1,1,1,0.8333333333333334,1,1,1,1,1,Whipping Cream,AttuneDilut
Geo 3,24 Hours,1.9000000000000004,5,0,0,1,1,1,1,1,0.8333333333333334,1,1,1,1,1,Whipping Cream,AttuneDilut
Geo 3,24 Hours,2.0000000000000004,5,0,0,1,1,1,1,1,0.8333333333333334,1,1,1,1,1,Whipping Cream,AttuneDilut
Geo 3,24 Hours,2.1,5,0,0,1,1,1,1,1,0.8333333333333334,1,1,1,1,1,Whipping Cream,AttuneDilut
Geo 3,24 Hours,2.2,5,0,0,1,1,1,1,1,0.8333333333333334,1,1,1,1,1,Whipping Cream,AttuneDilut
Geo 3,24 Hours,2.3000000000000003,5,0,0,1,1,1,1,1,0.8333333333333334,1,1,1,1,1,Whipping Cream,AttuneDilut
Geo 3,24 Hours,2.4000000000000004,5,0,0,1,1,1,1,1,0.8333333333333334,1,1,1,1,1,Whipping Cream,AttuneDilut
Geo 3,24 Hours,2.5000000000000004,5,0,0,1,1,1,1,1,0.8333333333333334,1,1,1,1,1,Whipping Cream,AttuneDilut
Geo 3,24 Hours,2.6,5,0,0,1,1,1,1,1,0.8333333333333334,1,1,1,1,1,Whipping Cream,AttuneDilut
Geo 3,24 Hours,2.7,5,0,0,1,1,1,1,1,0.8333333333333334,1,1,1,1,1,Whipping Cream,AttuneDilut
Geo 3,24 Hours,2.8000000000000003,5,0,0,1,1,1,1,1,0.8333333333333334,1,1,1,1,1,Whipping Cream,AttuneDilut
Geo 3,24 Hours,2.9000000000000004,5,0,0,1,1,1,1,1,0.8333333333333334,1,1,1,1,1,Whipping Cream,AttuneDilut
Geo 3,24 Hours,3.0000000000000004,5,0,0,1,1,1,1,1,0.8333333333333334,1,1,1,1,1,Whipping Cream,AttuneDilut
Geo 3,24 Hours,3.1,5,0,0,1,1,1,1,1,0.8333333333333334,1,1,1,1,1,Whipping Cream,AttuneDilut
Geo 3,24 Hours,3.2,5,0,0,1,1,1,1,1,0.8333333333333334,1,1,1,1,1,Whipping Cream,AttuneDilut
Geo 3,24 Hours,3.3000000000000003,5,0,0,1,1,1,1,1,0.8333333333333334,1,1,1,1,1,Whipping Cream,AttuneDilut
Geo 3,24 Hours,3.4000000000000004,5,0,0,1,1,1,1,1,0.8333333333333334,1,1,1,1,1,Whipping Cream,AttuneDilut
Geo 3,24 Hours,3.5000000000000004,5,0,0,1,1,1,1,1,0.8333333333333334,1,1,1,1,1,Whipping Cream,AttuneDilut
Geo 3,24 Hours,3.6,5,0,0,1,1,1,1,1,0.8333333333333334,1,1,1,1,1,Whipping Cream,AttuneDilut
Geo 3,24 Hours,3.7000000000000006,5,0,0,1,1,1,1,1,0.8333333333333334,1,1,1,1,1,Whipping Cream,AttuneDilut
Geo 3,24 Hours,3.8000000000000003,5,0,0,1,1,1,1,1,0.8333333333333334,1,1,1,1,1,Whipping Cream,AttuneDilut
Geo 3,24 Hours,3.9,5,0,0,1,1,1,1,1,0.8333333333333334,1,1,1,1,1,Whipping Cream,AttuneDilut
Geo 3,24 Hours,4,5,0,0,1,1,1,1,1,0.8333333333333334,1,1,1,1,1,Whipping Cream,AttuneDilut
Geo 3,24 Hours,4.1,5,0,0,1,1,1,1,1,0.8333333333333334,1,1,1,1,1,Whipping Cream,AttuneDilut
Geo 3,24 Hours,4.2,5,0,0,1,1,1,1,1,0.8333333333333334,1,1,1,1,1,Whipping Cream,AttuneDilut
Geo 3,24 Hours,4.3,5,0,0,1,1,1,1,1,0.8333333333333334,1,1,1,1,1,Whipping Cream,AttuneDilut
Geo 3,24 Hours,4.4,5,0,0,1,1,1,1,1,0.8333333333333334,1,1,1,1,1,Whipping Cream,AttuneDilut
Geo 3,24 Hours,4.5,5,0,0,1,1,1,1,1,0.8333333333333334,1,1,1,1,1,Whipping Cream,AttuneDilut
Geo 3,24 Hours,4.6,5,0,0,1,1,1,1,1,0.8333333333333334,1,1,1,1,1,Whipping Cream,AttuneDilut
Geo 3,24 Hours,4.7,5,0,0,1,1,1,1,1,0.8333333333333334,1,1,1,1,1,Whipping Cream,AttuneDilut
Geo 3,24 Hours,4.8,5,0,0,1,1,1,1,1,0.8333333333333334,1,1,1,1,1,Whipping Cream,AttuneDilut
Geo 3,24 Hours,4.9,5,0,0,1,1,1,1,1,0.8333333333333334,1,1,1,1,1,Whipping Cream,AttuneDilut
Geo 3,24 Hours,5,5,0,0,1,1,1,1,1,0.8333333333333334,1,1,1,1,1,Whipping Cream,AttuneDilut
Geo 3,24 Hours,5.1,5,0,0,1,1,1,1,1,0.8333333333333334,1,1,1,1,1,Whipping Cream,AttuneDilut
Geo 3,24 Hours,5.2,5,0,0,1,1,1,1,1,0.8333333333333334,1,1,1,1,1,Whipping Cream,AttuneDilut
Geo 3,24 Hours,5.3,5,0,0,1,1,1,1,1,0.8333333333333334,1,1,1,1,1,Whipping Cream,AttuneDilut
Geo 3,24 Hours,5.4,5,0,0,1,1,1,1,1,0.8333333333333334,1,1,1,1,1,Whipping Cream,AttuneDilut
Geo 3,24 Hours,5.5,5,0,0,1,1,1,1,1,0.8333333333333334,1,1,1,1,1,Whipping Cream,AttuneDilut
Geo 3,24 Hours,5.6,5,0,0,1,1,1,1,1,0.8333333333333334,1,1,1,1,1,Whipping Cream,AttuneDilut
Geo 3,24 Hours,5.7,5,0,0,1,1,1,1,1,0.8333333333333334,1,1,1,1,1,Whipping Cream,AttuneDilut
Geo 3,24 Hours,5.8,5,0,0,1,1,1,1,1,0.8333333333333334,1,1,1,1,1,Whipping Cream,AttuneDilut
Geo 3,24 Hours,5.9,5,0,0,1,1,1,1,1,0.8333333333333334,1,1,1,1,1,Whipping Cream,AttuneDilut
Geo 3,24 Hours,6,5,0,0,1,1,1,1,1,0.8333333333333334,1,1,1,1,1,Whipping Cream,AttuneDilut
Geo 3,24 Hours,6.1,5,0,0,1,1,1,1,1,0.8333333333333334,1,1,1,1,1,Whipping Cream,AttuneDilut
Geo 3,24 Hours,6.2,5,0,0,1,1,1,1,1,0.8333333333333334,1,1,1,1,1,Whipping Cream,AttuneDilut
Geo 3,24 Hours,6.3,5,0,0,1,1,1,1,1,0.8333333333333334,1,1,1,1,1,Whipping Cream,AttuneDilut
Geo 3,24 Hours,6.4,5,0,0,1,1,1,1,1,0.8333333333333334,1,1,1,1,1,Whipping Cream,AttuneDilut
Geo 3,24 Hours,6.5,5,0,0,1,1,1,1,1,0.8333333333333334,1,1,1,1,1,Whipping Cream,AttuneDilut
Geo 3,24 Hours,6.6,5,0,0,1,1,1,1,1,0.8333333333333334,1,1,1,1,1,Whipping Cream,AttuneDilut
Geo 3,24 Hours,6.7,5,0,0,1,1,1,1,1,0.8333333333333334,1,1,1,1,1,Whipping Cream,AttuneDilut
Geo 3,24 Hours,6.8,5,0,0,1,1,1,1,1,0.8333333333333334,1,1,1,1,1,Whipping Cream,AttuneDilut
Geo 3,24 Hours,6.9,4,0,1,1,0.8,1,1,0.5,0.8333333333333334,0.8333333333333334,0.888888888888889,0.8,0.6324555320336759,0.8,Whipping Cream,AttuneDilut
Geo 3,24 Hours,7,3,0,2,1,0.6,1,1,0.3333333333333333,0.8333333333333334,0.6666666666666666,0.7499999999999999,0.6,0.44721359549995793,0.6000000000000001,Whipping Cream,AttuneDilut
Geo 3,24 Hours,7.1,3,0,2,1,0.6,1,1,0.3333333333333333,0.8333333333333334,0.6666666666666666,0.7499999999999999,0.6,0.44721359549995793,0.6000000000000001,Whipping Cream,AttuneDilut
Geo 3,24 Hours,7.2,1,0,4,1,0.2,1,1,0.2,0.8333333333333334,0.3333333333333333,0.33333333333333337,0.2,0.2,0.19999999999999996,Whipping Cream,AttuneDilut
Geo 3,24 Hours,7.3,0,0,5,1,0,1,NA,0.16666666666666666,0.8333333333333334,0.16666666666666666,NA,0,NA,0,Whipping Cream,AttuneDilut
Geo 3,24 Hours,7.4,0,0,5,1,0,1,NA,0.16666666666666666,0.8333333333333334,0.16666666666666666,NA,0,NA,0,Whipping Cream,AttuneDilut
Geo 3,24 Hours,7.5,0,0,5,1,0,1,NA,0.16666666666666666,0.8333333333333334,0.16666666666666666,NA,0,NA,0,Whipping Cream,AttuneDilut
Geo 3,24 Hours,7.6,0,0,5,1,0,1,NA,0.16666666666666666,0.8333333333333334,0.16666666666666666,NA,0,NA,0,Whipping Cream,AttuneDilut
Geo 3,24 Hours,7.699999999999999,0,0,5,1,0,1,NA,0.16666666666666666,0.8333333333333334,0.16666666666666666,NA,0,NA,0,Whipping Cream,AttuneDilut
Geo 3,24 Hours,7.8,0,0,5,1,0,1,NA,0.16666666666666666,0.8333333333333334,0.16666666666666666,NA,0,NA,0,Whipping Cream,AttuneDilut
Geo 3,48 Hours,-0.4,5,1,0,0,1,0,0.8333333333333334,NA,0.8333333333333334,0.8333333333333334,0.9090909090909091,0.8333333333333334,NA,0,Whipping Cream,AttuneDilut
Geo 3,48 Hours,-0.30000000000000004,5,1,0,0,1,0,0.8333333333333334,NA,0.8333333333333334,0.8333333333333334,0.9090909090909091,0.8333333333333334,NA,0,Whipping Cream,AttuneDilut
Geo 3,48 Hours,-0.2,5,1,0,0,1,0,0.8333333333333334,NA,0.8333333333333334,0.8333333333333334,0.9090909090909091,0.8333333333333334,NA,0,Whipping Cream,AttuneDilut
Geo 3,48 Hours,-0.09999999999999998,5,1,0,0,1,0,0.8333333333333334,NA,0.8333333333333334,0.8333333333333334,0.9090909090909091,0.8333333333333334,NA,0,Whipping Cream,AttuneDilut
Geo 3,48 Hours,0,5,1,0,0,1,0,0.8333333333333334,NA,0.8333333333333334,0.8333333333333334,0.9090909090909091,0.8333333333333334,NA,0,Whipping Cream,AttuneDilut
Geo 3,48 Hours,0.09999999999999998,5,1,0,0,1,0,0.8333333333333334,NA,0.8333333333333334,0.8333333333333334,0.9090909090909091,0.8333333333333334,NA,0,Whipping Cream,AttuneDilut
Geo 3,48 Hours,0.20000000000000007,5,1,0,0,1,0,0.8333333333333334,NA,0.8333333333333334,0.8333333333333334,0.9090909090909091,0.8333333333333334,NA,0,Whipping Cream,AttuneDilut
Geo 3,48 Hours,0.30000000000000004,5,1,0,0,1,0,0.8333333333333334,NA,0.8333333333333334,0.8333333333333334,0.9090909090909091,0.8333333333333334,NA,0,Whipping Cream,AttuneDilut
Geo 3,48 Hours,0.4,5,1,0,0,1,0,0.8333333333333334,NA,0.8333333333333334,0.8333333333333334,0.9090909090909091,0.8333333333333334,NA,0,Whipping Cream,AttuneDilut
Geo 3,48 Hours,0.5,5,1,0,0,1,0,0.8333333333333334,NA,0.8333333333333334,0.8333333333333334,0.9090909090909091,0.8333333333333334,NA,0,Whipping Cream,AttuneDilut
Geo 3,48 Hours,0.6,5,1,0,0,1,0,0.8333333333333334,NA,0.8333333333333334,0.8333333333333334,0.9090909090909091,0.8333333333333334,NA,0,Whipping Cream,AttuneDilut
Geo 3,48 Hours,0.7000000000000001,5,1,0,0,1,0,0.8333333333333334,NA,0.8333333333333334,0.8333333333333334,0.9090909090909091,0.8333333333333334,NA,0,Whipping Cream,AttuneDilut
Geo 3,48 Hours,0.8000000000000002,5,1,0,0,1,0,0.8333333333333334,NA,0.8333333333333334,0.8333333333333334,0.9090909090909091,0.8333333333333334,NA,0,Whipping Cream,AttuneDilut
Geo 3,48 Hours,0.9,5,1,0,0,1,0,0.8333333333333334,NA,0.8333333333333334,0.8333333333333334,0.9090909090909091,0.8333333333333334,NA,0,Whipping Cream,AttuneDilut
Geo 3,48 Hours,1,5,1,0,0,1,0,0.8333333333333334,NA,0.8333333333333334,0.8333333333333334,0.9090909090909091,0.8333333333333334,NA,0,Whipping Cream,AttuneDilut
Geo 3,48 Hours,1.1,5,1,0,0,1,0,0.8333333333333334,NA,0.8333333333333334,0.8333333333333334,0.9090909090909091,0.8333333333333334,NA,0,Whipping Cream,AttuneDilut
Geo 3,48 Hours,1.2000000000000002,5,1,0,0,1,0,0.8333333333333334,NA,0.8333333333333334,0.8333333333333334,0.9090909090909091,0.8333333333333334,NA,0,Whipping Cream,AttuneDilut
Geo 3,48 Hours,1.3000000000000003,5,1,0,0,1,0,0.8333333333333334,NA,0.8333333333333334,0.8333333333333334,0.9090909090909091,0.8333333333333334,NA,0,Whipping Cream,AttuneDilut
Geo 3,48 Hours,1.4,5,1,0,0,1,0,0.8333333333333334,NA,0.8333333333333334,0.8333333333333334,0.9090909090909091,0.8333333333333334,NA,0,Whipping Cream,AttuneDilut
Geo 3,48 Hours,1.5,5,1,0,0,1,0,0.8333333333333334,NA,0.8333333333333334,0.8333333333333334,0.9090909090909091,0.8333333333333334,NA,0,Whipping Cream,AttuneDilut
Geo 3,48 Hours,1.6,5,1,0,0,1,0,0.8333333333333334,NA,0.8333333333333334,0.8333333333333334,0.9090909090909091,0.8333333333333334,NA,0,Whipping Cream,AttuneDilut
Geo 3,48 Hours,1.7000000000000002,5,1,0,0,1,0,0.8333333333333334,NA,0.8333333333333334,0.8333333333333334,0.9090909090909091,0.8333333333333334,NA,0,Whipping Cream,AttuneDilut
Geo 3,48 Hours,1.8000000000000003,5,1,0,0,1,0,0.8333333333333334,NA,0.8333333333333334,0.8333333333333334,0.9090909090909091,0.8333333333333334,NA,0,Whipping Cream,AttuneDilut
Geo 3,48 Hours,1.9000000000000004,5,1,0,0,1,0,0.8333333333333334,NA,0.8333333333333334,0.8333333333333334,0.9090909090909091,0.8333333333333334,NA,0,Whipping Cream,AttuneDilut
Geo 3,48 Hours,2.0000000000000004,5,1,0,0,1,0,0.8333333333333334,NA,0.8333333333333334,0.8333333333333334,0.9090909090909091,0.8333333333333334,NA,0,Whipping Cream,AttuneDilut
Geo 3,48 Hours,2.1,5,1,0,0,1,0,0.8333333333333334,NA,0.8333333333333334,0.8333333333333334,0.9090909090909091,0.8333333333333334,NA,0,Whipping Cream,AttuneDilut
Geo 3,48 Hours,2.2,5,1,0,0,1,0,0.8333333333333334,NA,0.8333333333333334,0.8333333333333334,0.9090909090909091,0.8333333333333334,NA,0,Whipping Cream,AttuneDilut
Geo 3,48 Hours,2.3000000000000003,5,1,0,0,1,0,0.8333333333333334,NA,0.8333333333333334,0.8333333333333334,0.9090909090909091,0.8333333333333334,NA,0,Whipping Cream,AttuneDilut
Geo 3,48 Hours,2.4000000000000004,5,1,0,0,1,0,0.8333333333333334,NA,0.8333333333333334,0.8333333333333334,0.9090909090909091,0.8333333333333334,NA,0,Whipping Cream,AttuneDilut
Geo 3,48 Hours,2.5000000000000004,5,0,0,1,1,1,1,1,0.8333333333333334,1,1,1,1,1,Whipping Cream,AttuneDilut
Geo 3,48 Hours,2.6,5,0,0,1,1,1,1,1,0.8333333333333334,1,1,1,1,1,Whipping Cream,AttuneDilut
Geo 3,48 Hours,2.7,5,0,0,1,1,1,1,1,0.8333333333333334,1,1,1,1,1,Whipping Cream,AttuneDilut
Geo 3,48 Hours,2.8000000000000003,5,0,0,1,1,1,1,1,0.8333333333333334,1,1,1,1,1,Whipping Cream,AttuneDilut
Geo 3,48 Hours,2.9000000000000004,5,0,0,1,1,1,1,1,0.8333333333333334,1,1,1,1,1,Whipping Cream,AttuneDilut
Geo 3,48 Hours,3.0000000000000004,5,0,0,1,1,1,1,1,0.8333333333333334,1,1,1,1,1,Whipping Cream,AttuneDilut
Geo 3,48 Hours,3.1,5,0,0,1,1,1,1,1,0.8333333333333334,1,1,1,1,1,Whipping Cream,AttuneDilut
Geo 3,48 Hours,3.2,5,0,0,1,1,1,1,1,0.8333333333333334,1,1,1,1,1,Whipping Cream,AttuneDilut
Geo 3,48 Hours,3.3000000000000003,5,0,0,1,1,1,1,1,0.8333333333333334,1,1,1,1,1,Whipping Cream,AttuneDilut
Geo 3,48 Hours,3.4000000000000004,5,0,0,1,1,1,1,1,0.8333333333333334,1,1,1,1,1,Whipping Cream,AttuneDilut
Geo 3,48 Hours,3.5000000000000004,5,0,0,1,1,1,1,1,0.8333333333333334,1,1,1,1,1,Whipping Cream,AttuneDilut
Geo 3,48 Hours,3.6,5,0,0,1,1,1,1,1,0.8333333333333334,1,1,1,1,1,Whipping Cream,AttuneDilut
Geo 3,48 Hours,3.7000000000000006,5,0,0,1,1,1,1,1,0.8333333333333334,1,1,1,1,1,Whipping Cream,AttuneDilut
Geo 3,48 Hours,3.8000000000000003,5,0,0,1,1,1,1,1,0.8333333333333334,1,1,1,1,1,Whipping Cream,AttuneDilut
Geo 3,48 Hours,3.9,5,0,0,1,1,1,1,1,0.8333333333333334,1,1,1,1,1,Whipping Cream,AttuneDilut
Geo 3,48 Hours,4,5,0,0,1,1,1,1,1,0.8333333333333334,1,1,1,1,1,Whipping Cream,AttuneDilut
Geo 3,48 Hours,4.1,5,0,0,1,1,1,1,1,0.8333333333333334,1,1,1,1,1,Whipping Cream,AttuneDilut
Geo 3,48 Hours,4.2,5,0,0,1,1,1,1,1,0.8333333333333334,1,1,1,1,1,Whipping Cream,AttuneDilut
Geo 3,48 Hours,4.3,5,0,0,1,1,1,1,1,0.8333333333333334,1,1,1,1,1,Whipping Cream,AttuneDilut
Geo 3,48 Hours,4.4,5,0,0,1,1,1,1,1,0.8333333333333334,1,1,1,1,1,Whipping Cream,AttuneDilut
Geo 3,48 Hours,4.5,5,0,0,1,1,1,1,1,0.8333333333333334,1,1,1,1,1,Whipping Cream,AttuneDilut
Geo 3,48 Hours,4.6,5,0,0,1,1,1,1,1,0.8333333333333334,1,1,1,1,1,Whipping Cream,AttuneDilut
Geo 3,48 Hours,4.7,5,0,0,1,1,1,1,1,0.8333333333333334,1,1,1,1,1,Whipping Cream,AttuneDilut
Geo 3,48 Hours,4.8,5,0,0,1,1,1,1,1,0.8333333333333334,1,1,1,1,1,Whipping Cream,AttuneDilut
Geo 3,48 Hours,4.9,5,0,0,1,1,1,1,1,0.8333333333333334,1,1,1,1,1,Whipping Cream,AttuneDilut
Geo 3,48 Hours,5,5,0,0,1,1,1,1,1,0.8333333333333334,1,1,1,1,1,Whipping Cream,AttuneDilut
Geo 3,48 Hours,5.1,5,0,0,1,1,1,1,1,0.8333333333333334,1,1,1,1,1,Whipping Cream,AttuneDilut
Geo 3,48 Hours,5.2,5,0,0,1,1,1,1,1,0.8333333333333334,1,1,1,1,1,Whipping Cream,AttuneDilut
Geo 3,48 Hours,5.3,5,0,0,1,1,1,1,1,0.8333333333333334,1,1,1,1,1,Whipping Cream,AttuneDilut
Geo 3,48 Hours,5.4,5,0,0,1,1,1,1,1,0.8333333333333334,1,1,1,1,1,Whipping Cream,AttuneDilut
Geo 3,48 Hours,5.5,5,0,0,1,1,1,1,1,0.8333333333333334,1,1,1,1,1,Whipping Cream,AttuneDilut
Geo 3,48 Hours,5.6,5,0,0,1,1,1,1,1,0.8333333333333334,1,1,1,1,1,Whipping Cream,AttuneDilut
Geo 3,48 Hours,5.7,5,0,0,1,1,1,1,1,0.8333333333333334,1,1,1,1,1,Whipping Cream,AttuneDilut
Geo 3,48 Hours,5.8,5,0,0,1,1,1,1,1,0.8333333333333334,1,1,1,1,1,Whipping Cream,AttuneDilut
Geo 3,48 Hours,5.9,3,0,2,1,0.6,1,1,0.3333333333333333,0.8333333333333334,0.6666666666666666,0.7499999999999999,0.6,0.44721359549995793,0.6000000000000001,Whipping Cream,AttuneDilut
Geo 3,48 Hours,6,3,0,2,1,0.6,1,1,0.3333333333333333,0.8333333333333334,0.6666666666666666,0.7499999999999999,0.6,0.44721359549995793,0.6000000000000001,Whipping Cream,AttuneDilut
Geo 3,48 Hours,6.1,1,0,4,1,0.2,1,1,0.2,0.8333333333333334,0.3333333333333333,0.33333333333333337,0.2,0.2,0.19999999999999996,Whipping Cream,AttuneDilut
Geo 3,48 Hours,6.2,0,0,5,1,0,1,NA,0.16666666666666666,0.8333333333333334,0.16666666666666666,NA,0,NA,0,Whipping Cream,AttuneDilut
Geo 3,48 Hours,6.3,0,0,5,1,0,1,NA,0.16666666666666666,0.8333333333333334,0.16666666666666666,NA,0,NA,0,Whipping Cream,AttuneDilut
Geo 3,48 Hours,6.4,0,0,5,1,0,1,NA,0.16666666666666666,0.8333333333333334,0.16666666666666666,NA,0,NA,0,Whipping Cream,AttuneDilut
Geo 3,48 Hours,6.5,0,0,5,1,0,1,NA,0.16666666666666666,0.8333333333333334,0.16666666666666666,NA,0,NA,0,Whipping Cream,AttuneDilut
Geo 3,48 Hours,6.6,0,0,5,1,0,1,NA,0.16666666666666666,0.8333333333333334,0.16666666666666666,NA,0,NA,0,Whipping Cream,AttuneDilut
Geo 3,48 Hours,6.7,0,0,5,1,0,1,NA,0.16666666666666666,0.8333333333333334,0.16666666666666666,NA,0,NA,0,Whipping Cream,AttuneDilut
Geo 3,48 Hours,6.8,0,0,5,1,0,1,NA,0.16666666666666666,0.8333333333333334,0.16666666666666666,NA,0,NA,0,Whipping Cream,AttuneDilut
Geo 3,48 Hours,6.9,0,0,5,1,0,1,NA,0.16666666666666666,0.8333333333333334,0.16666666666666666,NA,0,NA,0,Whipping Cream,AttuneDilut
Geo 3,48 Hours,7,0,0,5,1,0,1,NA,0.16666666666666666,0.8333333333333334,0.16666666666666666,NA,0,NA,0,Whipping Cream,AttuneDilut
Geo 3,48 Hours,7.1,0,0,5,1,0,1,NA,0.16666666666666666,0.8333333333333334,0.16666666666666666,NA,0,NA,0,Whipping Cream,AttuneDilut
Geo 3,48 Hours,7.2,0,0,5,1,0,1,NA,0.16666666666666666,0.8333333333333334,0.16666666666666666,NA,0,NA,0,Whipping Cream,AttuneDilut
Geo 3,48 Hours,7.3,0,0,5,1,0,1,NA,0.16666666666666666,0.8333333333333334,0.16666666666666666,NA,0,NA,0,Whipping Cream,AttuneDilut
Geo 3,48 Hours,7.4,0,0,5,1,0,1,NA,0.16666666666666666,0.8333333333333334,0.16666666666666666,NA,0,NA,0,Whipping Cream,AttuneDilut
Geo 3,48 Hours,7.5,0,0,5,1,0,1,NA,0.16666666666666666,0.8333333333333334,0.16666666666666666,NA,0,NA,0,Whipping Cream,AttuneDilut
Geo 3,48 Hours,7.6,0,0,5,1,0,1,NA,0.16666666666666666,0.8333333333333334,0.16666666666666666,NA,0,NA,0,Whipping Cream,AttuneDilut
Geo 3,48 Hours,7.699999999999999,0,0,5,1,0,1,NA,0.16666666666666666,0.8333333333333334,0.16666666666666666,NA,0,NA,0,Whipping Cream,AttuneDilut
Geo 3,48 Hours,7.8,0,0,5,1,0,1,NA,0.16666666666666666,0.8333333333333334,0.16666666666666666,NA,0,NA,0,Whipping Cream,AttuneDilut
Geo 3,72 Hours,-0.4,5,1,0,0,1,0,0.8333333333333334,NA,0.8333333333333334,0.8333333333333334,0.9090909090909091,0.8333333333333334,NA,0,Whipping Cream,AttuneDilut
Geo 3,72 Hours,-0.30000000000000004,5,1,0,0,1,0,0.8333333333333334,NA,0.8333333333333334,0.8333333333333334,0.9090909090909091,0.8333333333333334,NA,0,Whipping Cream,AttuneDilut
Geo 3,72 Hours,-0.2,5,1,0,0,1,0,0.8333333333333334,NA,0.8333333333333334,0.8333333333333334,0.9090909090909091,0.8333333333333334,NA,0,Whipping Cream,AttuneDilut
Geo 3,72 Hours,-0.09999999999999998,5,1,0,0,1,0,0.8333333333333334,NA,0.8333333333333334,0.8333333333333334,0.9090909090909091,0.8333333333333334,NA,0,Whipping Cream,AttuneDilut
Geo 3,72 Hours,0,5,1,0,0,1,0,0.8333333333333334,NA,0.8333333333333334,0.8333333333333334,0.9090909090909091,0.8333333333333334,NA,0,Whipping Cream,AttuneDilut
Geo 3,72 Hours,0.09999999999999998,5,1,0,0,1,0,0.8333333333333334,NA,0.8333333333333334,0.8333333333333334,0.9090909090909091,0.8333333333333334,NA,0,Whipping Cream,AttuneDilut
Geo 3,72 Hours,0.20000000000000007,5,1,0,0,1,0,0.8333333333333334,NA,0.8333333333333334,0.8333333333333334,0.9090909090909091,0.8333333333333334,NA,0,Whipping Cream,AttuneDilut
Geo 3,72 Hours,0.30000000000000004,5,1,0,0,1,0,0.8333333333333334,NA,0.8333333333333334,0.8333333333333334,0.9090909090909091,0.8333333333333334,NA,0,Whipping Cream,AttuneDilut
Geo 3,72 Hours,0.4,5,1,0,0,1,0,0.8333333333333334,NA,0.8333333333333334,0.8333333333333334,0.9090909090909091,0.8333333333333334,NA,0,Whipping Cream,AttuneDilut
Geo 3,72 Hours,0.5,5,1,0,0,1,0,0.8333333333333334,NA,0.8333333333333334,0.8333333333333334,0.9090909090909091,0.8333333333333334,NA,0,Whipping Cream,AttuneDilut
Geo 3,72 Hours,0.6,5,1,0,0,1,0,0.8333333333333334,NA,0.8333333333333334,0.8333333333333334,0.9090909090909091,0.8333333333333334,NA,0,Whipping Cream,AttuneDilut
Geo 3,72 Hours,0.7000000000000001,5,1,0,0,1,0,0.8333333333333334,NA,0.8333333333333334,0.8333333333333334,0.9090909090909091,0.8333333333333334,NA,0,Whipping Cream,AttuneDilut
Geo 3,72 Hours,0.8000000000000002,5,1,0,0,1,0,0.8333333333333334,NA,0.8333333333333334,0.8333333333333334,0.9090909090909091,0.8333333333333334,NA,0,Whipping Cream,AttuneDilut
Geo 3,72 Hours,0.9,5,1,0,0,1,0,0.8333333333333334,NA,0.8333333333333334,0.8333333333333334,0.9090909090909091,0.8333333333333334,NA,0,Whipping Cream,AttuneDilut
Geo 3,72 Hours,1,5,1,0,0,1,0,0.8333333333333334,NA,0.8333333333333334,0.8333333333333334,0.9090909090909091,0.8333333333333334,NA,0,Whipping Cream,AttuneDilut
Geo 3,72 Hours,1.1,5,1,0,0,1,0,0.8333333333333334,NA,0.8333333333333334,0.8333333333333334,0.9090909090909091,0.8333333333333334,NA,0,Whipping Cream,AttuneDilut
Geo 3,72 Hours,1.2000000000000002,5,1,0,0,1,0,0.8333333333333334,NA,0.8333333333333334,0.8333333333333334,0.9090909090909091,0.8333333333333334,NA,0,Whipping Cream,AttuneDilut
Geo 3,72 Hours,1.3000000000000003,5,1,0,0,1,0,0.8333333333333334,NA,0.8333333333333334,0.8333333333333334,0.9090909090909091,0.8333333333333334,NA,0,Whipping Cream,AttuneDilut
Geo 3,72 Hours,1.4,5,1,0,0,1,0,0.8333333333333334,NA,0.8333333333333334,0.8333333333333334,0.9090909090909091,0.8333333333333334,NA,0,Whipping Cream,AttuneDilut
Geo 3,72 Hours,1.5,5,1,0,0,1,0,0.8333333333333334,NA,0.8333333333333334,0.8333333333333334,0.9090909090909091,0.8333333333333334,NA,0,Whipping Cream,AttuneDilut
Geo 3,72 Hours,1.6,5,1,0,0,1,0,0.8333333333333334,NA,0.8333333333333334,0.8333333333333334,0.9090909090909091,0.8333333333333334,NA,0,Whipping Cream,AttuneDilut
Geo 3,72 Hours,1.7000000000000002,5,1,0,0,1,0,0.8333333333333334,NA,0.8333333333333334,0.8333333333333334,0.9090909090909091,0.8333333333333334,NA,0,Whipping Cream,AttuneDilut
Geo 3,72 Hours,1.8000000000000003,5,1,0,0,1,0,0.8333333333333334,NA,0.8333333333333334,0.8333333333333334,0.9090909090909091,0.8333333333333334,NA,0,Whipping Cream,AttuneDilut
Geo 3,72 Hours,1.9000000000000004,5,1,0,0,1,0,0.8333333333333334,NA,0.8333333333333334,0.8333333333333334,0.9090909090909091,0.8333333333333334,NA,0,Whipping Cream,AttuneDilut
Geo 3,72 Hours,2.0000000000000004,5,1,0,0,1,0,0.8333333333333334,NA,0.8333333333333334,0.8333333333333334,0.9090909090909091,0.8333333333333334,NA,0,Whipping Cream,AttuneDilut
Geo 3,72 Hours,2.1,5,1,0,0,1,0,0.8333333333333334,NA,0.8333333333333334,0.8333333333333334,0.9090909090909091,0.8333333333333334,NA,0,Whipping Cream,AttuneDilut
Geo 3,72 Hours,2.2,5,1,0,0,1,0,0.8333333333333334,NA,0.8333333333333334,0.8333333333333334,0.9090909090909091,0.8333333333333334,NA,0,Whipping Cream,AttuneDilut
Geo 3,72 Hours,2.3000000000000003,5,1,0,0,1,0,0.8333333333333334,NA,0.8333333333333334,0.8333333333333334,0.9090909090909091,0.8333333333333334,NA,0,Whipping Cream,AttuneDilut
Geo 3,72 Hours,2.4000000000000004,5,0,0,1,1,1,1,1,0.8333333333333334,1,1,1,1,1,Whipping Cream,AttuneDilut
Geo 3,72 Hours,2.5000000000000004,5,0,0,1,1,1,1,1,0.8333333333333334,1,1,1,1,1,Whipping Cream,AttuneDilut
Geo 3,72 Hours,2.6,5,0,0,1,1,1,1,1,0.8333333333333334,1,1,1,1,1,Whipping Cream,AttuneDilut
Geo 3,72 Hours,2.7,5,0,0,1,1,1,1,1,0.8333333333333334,1,1,1,1,1,Whipping Cream,AttuneDilut
Geo 3,72 Hours,2.8000000000000003,5,0,0,1,1,1,1,1,0.8333333333333334,1,1,1,1,1,Whipping Cream,AttuneDilut
Geo 3,72 Hours,2.9000000000000004,5,0,0,1,1,1,1,1,0.8333333333333334,1,1,1,1,1,Whipping Cream,AttuneDilut
Geo 3,72 Hours,3.0000000000000004,5,0,0,1,1,1,1,1,0.8333333333333334,1,1,1,1,1,Whipping Cream,AttuneDilut
Geo 3,72 Hours,3.1,5,0,0,1,1,1,1,1,0.8333333333333334,1,1,1,1,1,Whipping Cream,AttuneDilut
Geo 3,72 Hours,3.2,5,0,0,1,1,1,1,1,0.8333333333333334,1,1,1,1,1,Whipping Cream,AttuneDilut
Geo 3,72 Hours,3.3000000000000003,5,0,0,1,1,1,1,1,0.8333333333333334,1,1,1,1,1,Whipping Cream,AttuneDilut
Geo 3,72 Hours,3.4000000000000004,3,0,2,1,0.6,1,1,0.3333333333333333,0.8333333333333334,0.6666666666666666,0.7499999999999999,0.6,0.44721359549995793,0.6000000000000001,Whipping Cream,AttuneDilut
Geo 3,72 Hours,3.5000000000000004,3,0,2,1,0.6,1,1,0.3333333333333333,0.8333333333333334,0.6666666666666666,0.7499999999999999,0.6,0.44721359549995793,0.6000000000000001,Whipping Cream,AttuneDilut
Geo 3,72 Hours,3.6,2,0,3,1,0.4,1,1,0.25,0.8333333333333334,0.5,0.5714285714285715,0.4,0.31622776601683794,0.3999999999999999,Whipping Cream,AttuneDilut
Geo 3,72 Hours,3.7000000000000006,2,0,3,1,0.4,1,1,0.25,0.8333333333333334,0.5,0.5714285714285715,0.4,0.31622776601683794,0.3999999999999999,Whipping Cream,AttuneDilut
Geo 3,72 Hours,3.8000000000000003,1,0,4,1,0.2,1,1,0.2,0.8333333333333334,0.3333333333333333,0.33333333333333337,0.2,0.2,0.19999999999999996,Whipping Cream,AttuneDilut
Geo 3,72 Hours,3.9,1,0,4,1,0.2,1,1,0.2,0.8333333333333334,0.3333333333333333,0.33333333333333337,0.2,0.2,0.19999999999999996,Whipping Cream,AttuneDilut
Geo 3,72 Hours,4,1,0,4,1,0.2,1,1,0.2,0.8333333333333334,0.3333333333333333,0.33333333333333337,0.2,0.2,0.19999999999999996,Whipping Cream,AttuneDilut
Geo 3,72 Hours,4.1,1,0,4,1,0.2,1,1,0.2,0.8333333333333334,0.3333333333333333,0.33333333333333337,0.2,0.2,0.19999999999999996,Whipping Cream,AttuneDilut
Geo 3,72 Hours,4.2,1,0,4,1,0.2,1,1,0.2,0.8333333333333334,0.3333333333333333,0.33333333333333337,0.2,0.2,0.19999999999999996,Whipping Cream,AttuneDilut
Geo 3,72 Hours,4.3,1,0,4,1,0.2,1,1,0.2,0.8333333333333334,0.3333333333333333,0.33333333333333337,0.2,0.2,0.19999999999999996,Whipping Cream,AttuneDilut
Geo 3,72 Hours,4.4,1,0,4,1,0.2,1,1,0.2,0.8333333333333334,0.3333333333333333,0.33333333333333337,0.2,0.2,0.19999999999999996,Whipping Cream,AttuneDilut
Geo 3,72 Hours,4.5,1,0,4,1,0.2,1,1,0.2,0.8333333333333334,0.3333333333333333,0.33333333333333337,0.2,0.2,0.19999999999999996,Whipping Cream,AttuneDilut
Geo 3,72 Hours,4.6,1,0,4,1,0.2,1,1,0.2,0.8333333333333334,0.3333333333333333,0.33333333333333337,0.2,0.2,0.19999999999999996,Whipping Cream,AttuneDilut
Geo 3,72 Hours,4.7,0,0,5,1,0,1,NA,0.16666666666666666,0.8333333333333334,0.16666666666666666,NA,0,NA,0,Whipping Cream,AttuneDilut
Geo 3,72 Hours,4.8,0,0,5,1,0,1,NA,0.16666666666666666,0.8333333333333334,0.16666666666666666,NA,0,NA,0,Whipping Cream,AttuneDilut
Geo 3,72 Hours,4.9,0,0,5,1,0,1,NA,0.16666666666666666,0.8333333333333334,0.16666666666666666,NA,0,NA,0,Whipping Cream,AttuneDilut
Geo 3,72 Hours,5,0,0,5,1,0,1,NA,0.16666666666666666,0.8333333333333334,0.16666666666666666,NA,0,NA,0,Whipping Cream,AttuneDilut
Geo 3,72 Hours,5.1,0,0,5,1,0,1,NA,0.16666666666666666,0.8333333333333334,0.16666666666666666,NA,0,NA,0,Whipping Cream,AttuneDilut
Geo 3,72 Hours,5.2,0,0,5,1,0,1,NA,0.16666666666666666,0.8333333333333334,0.16666666666666666,NA,0,NA,0,Whipping Cream,AttuneDilut
Geo 3,72 Hours,5.3,0,0,5,1,0,1,NA,0.16666666666666666,0.8333333333333334,0.16666666666666666,NA,0,NA,0,Whipping Cream,AttuneDilut
Geo 3,72 Hours,5.4,0,0,5,1,0,1,NA,0.16666666666666666,0.8333333333333334,0.16666666666666666,NA,0,NA,0,Whipping Cream,AttuneDilut
Geo 3,72 Hours,5.5,0,0,5,1,0,1,NA,0.16666666666666666,0.8333333333333334,0.16666666666666666,NA,0,NA,0,Whipping Cream,AttuneDilut
Geo 3,72 Hours,5.6,0,0,5,1,0,1,NA,0.16666666666666666,0.8333333333333334,0.16666666666666666,NA,0,NA,0,Whipping Cream,AttuneDilut
Geo 3,72 Hours,5.7,0,0,5,1,0,1,NA,0.16666666666666666,0.8333333333333334,0.16666666666666666,NA,0,NA,0,Whipping Cream,AttuneDilut
Geo 3,72 Hours,5.8,0,0,5,1,0,1,NA,0.16666666666666666,0.8333333333333334,0.16666666666666666,NA,0,NA,0,Whipping Cream,AttuneDilut
Geo 3,72 Hours,5.9,0,0,5,1,0,1,NA,0.16666666666666666,0.8333333333333334,0.16666666666666666,NA,0,NA,0,Whipping Cream,AttuneDilut
Geo 3,72 Hours,6,0,0,5,1,0,1,NA,0.16666666666666666,0.8333333333333334,0.16666666666666666,NA,0,NA,0,Whipping Cream,AttuneDilut
Geo 3,72 Hours,6.1,0,0,5,1,0,1,NA,0.16666666666666666,0.8333333333333334,0.16666666666666666,NA,0,NA,0,Whipping Cream,AttuneDilut
Geo 3,72 Hours,6.2,0,0,5,1,0,1,NA,0.16666666666666666,0.8333333333333334,0.16666666666666666,NA,0,NA,0,Whipping Cream,AttuneDilut
Geo 3,72 Hours,6.3,0,0,5,1,0,1,NA,0.16666666666666666,0.8333333333333334,0.16666666666666666,NA,0,NA,0,Whipping Cream,AttuneDilut
Geo 3,72 Hours,6.4,0,0,5,1,0,1,NA,0.16666666666666666,0.8333333333333334,0.16666666666666666,NA,0,NA,0,Whipping Cream,AttuneDilut
Geo 3,72 Hours,6.5,0,0,5,1,0,1,NA,0.16666666666666666,0.8333333333333334,0.16666666666666666,NA,0,NA,0,Whipping Cream,AttuneDilut
Geo 3,72 Hours,6.6,0,0,5,1,0,1,NA,0.16666666666666666,0.8333333333333334,0.16666666666666666,NA,0,NA,0,Whipping Cream,AttuneDilut
Geo 3,72 Hours,6.7,0,0,5,1,0,1,NA,0.16666666666666666,0.8333333333333334,0.16666666666666666,NA,0,NA,0,Whipping Cream,AttuneDilut
Geo 3,72 Hours,6.8,0,0,5,1,0,1,NA,0.16666666666666666,0.8333333333333334,0.16666666666666666,NA,0,NA,0,Whipping Cream,AttuneDilut
Geo 3,72 Hours,6.9,0,0,5,1,0,1,NA,0.16666666666666666,0.8333333333333334,0.16666666666666666,NA,0,NA,0,Whipping Cream,AttuneDilut
Geo 3,72 Hours,7,0,0,5,1,0,1,NA,0.16666666666666666,0.8333333333333334,0.16666666666666666,NA,0,NA,0,Whipping Cream,AttuneDilut
Geo 3,72 Hours,7.1,0,0,5,1,0,1,NA,0.16666666666666666,0.8333333333333334,0.16666666666666666,NA,0,NA,0,Whipping Cream,AttuneDilut
Geo 3,72 Hours,7.2,0,0,5,1,0,1,NA,0.16666666666666666,0.8333333333333334,0.16666666666666666,NA,0,NA,0,Whipping Cream,AttuneDilut
Geo 3,72 Hours,7.3,0,0,5,1,0,1,NA,0.16666666666666666,0.8333333333333334,0.16666666666666666,NA,0,NA,0,Whipping Cream,AttuneDilut
Geo 3,72 Hours,7.4,0,0,5,1,0,1,NA,0.16666666666666666,0.8333333333333334,0.16666666666666666,NA,0,NA,0,Whipping Cream,AttuneDilut
Geo 3,72 Hours,7.5,0,0,5,1,0,1,NA,0.16666666666666666,0.8333333333333334,0.16666666666666666,NA,0,NA,0,Whipping Cream,AttuneDilut
Geo 3,72 Hours,7.6,0,0,5,1,0,1,NA,0.16666666666666666,0.8333333333333334,0.16666666666666666,NA,0,NA,0,Whipping Cream,AttuneDilut
Geo 3,72 Hours,7.699999999999999,0,0,5,1,0,1,NA,0.16666666666666666,0.8333333333333334,0.16666666666666666,NA,0,NA,0,Whipping Cream,AttuneDilut
Geo 3,72 Hours,7.8,0,0,5,1,0,1,NA,0.16666666666666666,0.8333333333333334,0.16666666666666666,NA,0,NA,0,Whipping Cream,AttuneDilut
Geo 4,12 Hours,-0.4,1,5,0,0,1,0,0.16666666666666666,NA,0.16666666666666666,0.16666666666666666,0.2857142857142857,0.16666666666666666,NA,0,Whipping Cream,AttuneDilut
Geo 4,12 Hours,-0.30000000000000004,1,4,0,1,1,0.2,0.2,1,0.16666666666666666,0.3333333333333333,0.33333333333333337,0.2,0.2,0.19999999999999996,Whipping Cream,AttuneDilut
Geo 4,12 Hours,-0.2,1,4,0,1,1,0.2,0.2,1,0.16666666666666666,0.3333333333333333,0.33333333333333337,0.2,0.2,0.19999999999999996,Whipping Cream,AttuneDilut
Geo 4,12 Hours,-0.09999999999999998,1,4,0,1,1,0.2,0.2,1,0.16666666666666666,0.3333333333333333,0.33333333333333337,0.2,0.2,0.19999999999999996,Whipping Cream,AttuneDilut
Geo 4,12 Hours,0,1,4,0,1,1,0.2,0.2,1,0.16666666666666666,0.3333333333333333,0.33333333333333337,0.2,0.2,0.19999999999999996,Whipping Cream,AttuneDilut
Geo 4,12 Hours,0.09999999999999998,1,4,0,1,1,0.2,0.2,1,0.16666666666666666,0.3333333333333333,0.33333333333333337,0.2,0.2,0.19999999999999996,Whipping Cream,AttuneDilut
Geo 4,12 Hours,0.20000000000000007,1,4,0,1,1,0.2,0.2,1,0.16666666666666666,0.3333333333333333,0.33333333333333337,0.2,0.2,0.19999999999999996,Whipping Cream,AttuneDilut
Geo 4,12 Hours,0.30000000000000004,1,4,0,1,1,0.2,0.2,1,0.16666666666666666,0.3333333333333333,0.33333333333333337,0.2,0.2,0.19999999999999996,Whipping Cream,AttuneDilut
Geo 4,12 Hours,0.4,1,4,0,1,1,0.2,0.2,1,0.16666666666666666,0.3333333333333333,0.33333333333333337,0.2,0.2,0.19999999999999996,Whipping Cream,AttuneDilut
Geo 4,12 Hours,0.5,1,4,0,1,1,0.2,0.2,1,0.16666666666666666,0.3333333333333333,0.33333333333333337,0.2,0.2,0.19999999999999996,Whipping Cream,AttuneDilut
Geo 4,12 Hours,0.6,1,4,0,1,1,0.2,0.2,1,0.16666666666666666,0.3333333333333333,0.33333333333333337,0.2,0.2,0.19999999999999996,Whipping Cream,AttuneDilut
Geo 4,12 Hours,0.7000000000000001,1,4,0,1,1,0.2,0.2,1,0.16666666666666666,0.3333333333333333,0.33333333333333337,0.2,0.2,0.19999999999999996,Whipping Cream,AttuneDilut
Geo 4,12 Hours,0.8000000000000002,1,4,0,1,1,0.2,0.2,1,0.16666666666666666,0.3333333333333333,0.33333333333333337,0.2,0.2,0.19999999999999996,Whipping Cream,AttuneDilut
Geo 4,12 Hours,0.9,1,4,0,1,1,0.2,0.2,1,0.16666666666666666,0.3333333333333333,0.33333333333333337,0.2,0.2,0.19999999999999996,Whipping Cream,AttuneDilut
Geo 4,12 Hours,1,1,4,0,1,1,0.2,0.2,1,0.16666666666666666,0.3333333333333333,0.33333333333333337,0.2,0.2,0.19999999999999996,Whipping Cream,AttuneDilut
Geo 4,12 Hours,1.1,1,4,0,1,1,0.2,0.2,1,0.16666666666666666,0.3333333333333333,0.33333333333333337,0.2,0.2,0.19999999999999996,Whipping Cream,AttuneDilut
Geo 4,12 Hours,1.2000000000000002,1,4,0,1,1,0.2,0.2,1,0.16666666666666666,0.3333333333333333,0.33333333333333337,0.2,0.2,0.19999999999999996,Whipping Cream,AttuneDilut
Geo 4,12 Hours,1.3000000000000003,1,4,0,1,1,0.2,0.2,1,0.16666666666666666,0.3333333333333333,0.33333333333333337,0.2,0.2,0.19999999999999996,Whipping Cream,AttuneDilut
Geo 4,12 Hours,1.4,1,4,0,1,1,0.2,0.2,1,0.16666666666666666,0.3333333333333333,0.33333333333333337,0.2,0.2,0.19999999999999996,Whipping Cream,AttuneDilut
Geo 4,12 Hours,1.5,1,4,0,1,1,0.2,0.2,1,0.16666666666666666,0.3333333333333333,0.33333333333333337,0.2,0.2,0.19999999999999996,Whipping Cream,AttuneDilut
Geo 4,12 Hours,1.6,1,4,0,1,1,0.2,0.2,1,0.16666666666666666,0.3333333333333333,0.33333333333333337,0.2,0.2,0.19999999999999996,Whipping Cream,AttuneDilut
Geo 4,12 Hours,1.7000000000000002,1,4,0,1,1,0.2,0.2,1,0.16666666666666666,0.3333333333333333,0.33333333333333337,0.2,0.2,0.19999999999999996,Whipping Cream,AttuneDilut
Geo 4,12 Hours,1.8000000000000003,1,4,0,1,1,0.2,0.2,1,0.16666666666666666,0.3333333333333333,0.33333333333333337,0.2,0.2,0.19999999999999996,Whipping Cream,AttuneDilut
Geo 4,12 Hours,1.9000000000000004,1,4,0,1,1,0.2,0.2,1,0.16666666666666666,0.3333333333333333,0.33333333333333337,0.2,0.2,0.19999999999999996,Whipping Cream,AttuneDilut
Geo 4,12 Hours,2.0000000000000004,1,1,0,4,1,0.8,0.5,1,0.16666666666666666,0.8333333333333334,0.6666666666666666,0.5,0.6324555320336759,0.8,Whipping Cream,AttuneDilut
Geo 4,12 Hours,2.1,1,1,0,4,1,0.8,0.5,1,0.16666666666666666,0.8333333333333334,0.6666666666666666,0.5,0.6324555320336759,0.8,Whipping Cream,AttuneDilut
Geo 4,12 Hours,2.2,1,1,0,4,1,0.8,0.5,1,0.16666666666666666,0.8333333333333334,0.6666666666666666,0.5,0.6324555320336759,0.8,Whipping Cream,AttuneDilut
Geo 4,12 Hours,2.3000000000000003,1,1,0,4,1,0.8,0.5,1,0.16666666666666666,0.8333333333333334,0.6666666666666666,0.5,0.6324555320336759,0.8,Whipping Cream,AttuneDilut
Geo 4,12 Hours,2.4000000000000004,1,0,0,5,1,1,1,1,0.16666666666666666,1,1,1,1,1,Whipping Cream,AttuneDilut
Geo 4,12 Hours,2.5000000000000004,1,0,0,5,1,1,1,1,0.16666666666666666,1,1,1,1,1,Whipping Cream,AttuneDilut
Geo 4,12 Hours,2.6,1,0,0,5,1,1,1,1,0.16666666666666666,1,1,1,1,1,Whipping Cream,AttuneDilut
Geo 4,12 Hours,2.7,1,0,0,5,1,1,1,1,0.16666666666666666,1,1,1,1,1,Whipping Cream,AttuneDilut
Geo 4,12 Hours,2.8000000000000003,1,0,0,5,1,1,1,1,0.16666666666666666,1,1,1,1,1,Whipping Cream,AttuneDilut
Geo 4,12 Hours,2.9000000000000004,0,0,1,5,0,1,NA,0.8333333333333334,0.16666666666666666,0.8333333333333334,NA,0,NA,0,Whipping Cream,AttuneDilut
Geo 4,12 Hours,3.0000000000000004,0,0,1,5,0,1,NA,0.8333333333333334,0.16666666666666666,0.8333333333333334,NA,0,NA,0,Whipping Cream,AttuneDilut
Geo 4,12 Hours,3.1,0,0,1,5,0,1,NA,0.8333333333333334,0.16666666666666666,0.8333333333333334,NA,0,NA,0,Whipping Cream,AttuneDilut
Geo 4,12 Hours,3.2,0,0,1,5,0,1,NA,0.8333333333333334,0.16666666666666666,0.8333333333333334,NA,0,NA,0,Whipping Cream,AttuneDilut
Geo 4,12 Hours,3.3000000000000003,0,0,1,5,0,1,NA,0.8333333333333334,0.16666666666666666,0.8333333333333334,NA,0,NA,0,Whipping Cream,AttuneDilut
Geo 4,12 Hours,3.4000000000000004,0,0,1,5,0,1,NA,0.8333333333333334,0.16666666666666666,0.8333333333333334,NA,0,NA,0,Whipping Cream,AttuneDilut
Geo 4,12 Hours,3.5000000000000004,0,0,1,5,0,1,NA,0.8333333333333334,0.16666666666666666,0.8333333333333334,NA,0,NA,0,Whipping Cream,AttuneDilut
Geo 4,12 Hours,3.6,0,0,1,5,0,1,NA,0.8333333333333334,0.16666666666666666,0.8333333333333334,NA,0,NA,0,Whipping Cream,AttuneDilut
Geo 4,12 Hours,3.7000000000000006,0,0,1,5,0,1,NA,0.8333333333333334,0.16666666666666666,0.8333333333333334,NA,0,NA,0,Whipping Cream,AttuneDilut
Geo 4,12 Hours,3.8000000000000003,0,0,1,5,0,1,NA,0.8333333333333334,0.16666666666666666,0.8333333333333334,NA,0,NA,0,Whipping Cream,AttuneDilut
Geo 4,12 Hours,3.9,0,0,1,5,0,1,NA,0.8333333333333334,0.16666666666666666,0.8333333333333334,NA,0,NA,0,Whipping Cream,AttuneDilut
Geo 4,12 Hours,4,0,0,1,5,0,1,NA,0.8333333333333334,0.16666666666666666,0.8333333333333334,NA,0,NA,0,Whipping Cream,AttuneDilut
Geo 4,12 Hours,4.1,0,0,1,5,0,1,NA,0.8333333333333334,0.16666666666666666,0.8333333333333334,NA,0,NA,0,Whipping Cream,AttuneDilut
Geo 4,12 Hours,4.2,0,0,1,5,0,1,NA,0.8333333333333334,0.16666666666666666,0.8333333333333334,NA,0,NA,0,Whipping Cream,AttuneDilut
Geo 4,12 Hours,4.3,0,0,1,5,0,1,NA,0.8333333333333334,0.16666666666666666,0.8333333333333334,NA,0,NA,0,Whipping Cream,AttuneDilut
Geo 4,12 Hours,4.4,0,0,1,5,0,1,NA,0.8333333333333334,0.16666666666666666,0.8333333333333334,NA,0,NA,0,Whipping Cream,AttuneDilut
Geo 4,12 Hours,4.5,0,0,1,5,0,1,NA,0.8333333333333334,0.16666666666666666,0.8333333333333334,NA,0,NA,0,Whipping Cream,AttuneDilut
Geo 4,12 Hours,4.6,0,0,1,5,0,1,NA,0.8333333333333334,0.16666666666666666,0.8333333333333334,NA,0,NA,0,Whipping Cream,AttuneDilut
Geo 4,12 Hours,4.7,0,0,1,5,0,1,NA,0.8333333333333334,0.16666666666666666,0.8333333333333334,NA,0,NA,0,Whipping Cream,AttuneDilut
Geo 4,12 Hours,4.8,0,0,1,5,0,1,NA,0.8333333333333334,0.16666666666666666,0.8333333333333334,NA,0,NA,0,Whipping Cream,AttuneDilut
Geo 4,12 Hours,4.9,0,0,1,5,0,1,NA,0.8333333333333334,0.16666666666666666,0.8333333333333334,NA,0,NA,0,Whipping Cream,AttuneDilut
Geo 4,12 Hours,5,0,0,1,5,0,1,NA,0.8333333333333334,0.16666666666666666,0.8333333333333334,NA,0,NA,0,Whipping Cream,AttuneDilut
Geo 4,12 Hours,5.1,0,0,1,5,0,1,NA,0.8333333333333334,0.16666666666666666,0.8333333333333334,NA,0,NA,0,Whipping Cream,AttuneDilut
Geo 4,12 Hours,5.2,0,0,1,5,0,1,NA,0.8333333333333334,0.16666666666666666,0.8333333333333334,NA,0,NA,0,Whipping Cream,AttuneDilut
Geo 4,12 Hours,5.3,0,0,1,5,0,1,NA,0.8333333333333334,0.16666666666666666,0.8333333333333334,NA,0,NA,0,Whipping Cream,AttuneDilut
Geo 4,12 Hours,5.4,0,0,1,5,0,1,NA,0.8333333333333334,0.16666666666666666,0.8333333333333334,NA,0,NA,0,Whipping Cream,AttuneDilut
Geo 4,12 Hours,5.5,0,0,1,5,0,1,NA,0.8333333333333334,0.16666666666666666,0.8333333333333334,NA,0,NA,0,Whipping Cream,AttuneDilut
Geo 4,12 Hours,5.6,0,0,1,5,0,1,NA,0.8333333333333334,0.16666666666666666,0.8333333333333334,NA,0,NA,0,Whipping Cream,AttuneDilut
Geo 4,12 Hours,5.7,0,0,1,5,0,1,NA,0.8333333333333334,0.16666666666666666,0.8333333333333334,NA,0,NA,0,Whipping Cream,AttuneDilut
Geo 4,12 Hours,5.8,0,0,1,5,0,1,NA,0.8333333333333334,0.16666666666666666,0.8333333333333334,NA,0,NA,0,Whipping Cream,AttuneDilut
Geo 4,12 Hours,5.9,0,0,1,5,0,1,NA,0.8333333333333334,0.16666666666666666,0.8333333333333334,NA,0,NA,0,Whipping Cream,AttuneDilut
Geo 4,12 Hours,6,0,0,1,5,0,1,NA,0.8333333333333334,0.16666666666666666,0.8333333333333334,NA,0,NA,0,Whipping Cream,AttuneDilut
Geo 4,12 Hours,6.1,0,0,1,5,0,1,NA,0.8333333333333334,0.16666666666666666,0.8333333333333334,NA,0,NA,0,Whipping Cream,AttuneDilut
Geo 4,12 Hours,6.2,0,0,1,5,0,1,NA,0.8333333333333334,0.16666666666666666,0.8333333333333334,NA,0,NA,0,Whipping Cream,AttuneDilut
Geo 4,12 Hours,6.3,0,0,1,5,0,1,NA,0.8333333333333334,0.16666666666666666,0.8333333333333334,NA,0,NA,0,Whipping Cream,AttuneDilut
Geo 4,12 Hours,6.4,0,0,1,5,0,1,NA,0.8333333333333334,0.16666666666666666,0.8333333333333334,NA,0,NA,0,Whipping Cream,AttuneDilut
Geo 4,12 Hours,6.5,0,0,1,5,0,1,NA,0.8333333333333334,0.16666666666666666,0.8333333333333334,NA,0,NA,0,Whipping Cream,AttuneDilut
Geo 4,12 Hours,6.6,0,0,1,5,0,1,NA,0.8333333333333334,0.16666666666666666,0.8333333333333334,NA,0,NA,0,Whipping Cream,AttuneDilut
Geo 4,12 Hours,6.7,0,0,1,5,0,1,NA,0.8333333333333334,0.16666666666666666,0.8333333333333334,NA,0,NA,0,Whipping Cream,AttuneDilut
Geo 4,12 Hours,6.8,0,0,1,5,0,1,NA,0.8333333333333334,0.16666666666666666,0.8333333333333334,NA,0,NA,0,Whipping Cream,AttuneDilut
Geo 4,12 Hours,6.9,0,0,1,5,0,1,NA,0.8333333333333334,0.16666666666666666,0.8333333333333334,NA,0,NA,0,Whipping Cream,AttuneDilut
Geo 4,12 Hours,7,0,0,1,5,0,1,NA,0.8333333333333334,0.16666666666666666,0.8333333333333334,NA,0,NA,0,Whipping Cream,AttuneDilut
Geo 4,12 Hours,7.1,0,0,1,5,0,1,NA,0.8333333333333334,0.16666666666666666,0.8333333333333334,NA,0,NA,0,Whipping Cream,AttuneDilut
Geo 4,12 Hours,7.2,0,0,1,5,0,1,NA,0.8333333333333334,0.16666666666666666,0.8333333333333334,NA,0,NA,0,Whipping Cream,AttuneDilut
Geo 4,12 Hours,7.3,0,0,1,5,0,1,NA,0.8333333333333334,0.16666666666666666,0.8333333333333334,NA,0,NA,0,Whipping Cream,AttuneDilut
Geo 4,12 Hours,7.4,0,0,1,5,0,1,NA,0.8333333333333334,0.16666666666666666,0.8333333333333334,NA,0,NA,0,Whipping Cream,AttuneDilut
Geo 4,12 Hours,7.5,0,0,1,5,0,1,NA,0.8333333333333334,0.16666666666666666,0.8333333333333334,NA,0,NA,0,Whipping Cream,AttuneDilut
Geo 4,12 Hours,7.6,0,0,1,5,0,1,NA,0.8333333333333334,0.16666666666666666,0.8333333333333334,NA,0,NA,0,Whipping Cream,AttuneDilut
Geo 4,12 Hours,7.699999999999999,0,0,1,5,0,1,NA,0.8333333333333334,0.16666666666666666,0.8333333333333334,NA,0,NA,0,Whipping Cream,AttuneDilut
Geo 4,12 Hours,7.8,0,0,1,5,0,1,NA,0.8333333333333334,0.16666666666666666,0.8333333333333334,NA,0,NA,0,Whipping Cream,AttuneDilut
Geo 4,24 Hours,-0.4,1,5,0,0,1,0,0.16666666666666666,NA,0.16666666666666666,0.16666666666666666,0.2857142857142857,0.16666666666666666,NA,0,Whipping Cream,AttuneDilut
Geo 4,24 Hours,-0.30000000000000004,1,2,0,3,1,0.6,0.3333333333333333,1,0.16666666666666666,0.6666666666666666,0.5,0.3333333333333333,0.44721359549995793,0.6000000000000001,Whipping Cream,AttuneDilut
Geo 4,24 Hours,-0.2,1,2,0,3,1,0.6,0.3333333333333333,1,0.16666666666666666,0.6666666666666666,0.5,0.3333333333333333,0.44721359549995793,0.6000000000000001,Whipping Cream,AttuneDilut
Geo 4,24 Hours,-0.09999999999999998,1,2,0,3,1,0.6,0.3333333333333333,1,0.16666666666666666,0.6666666666666666,0.5,0.3333333333333333,0.44721359549995793,0.6000000000000001,Whipping Cream,AttuneDilut
Geo 4,24 Hours,0,1,2,0,3,1,0.6,0.3333333333333333,1,0.16666666666666666,0.6666666666666666,0.5,0.3333333333333333,0.44721359549995793,0.6000000000000001,Whipping Cream,AttuneDilut
Geo 4,24 Hours,0.09999999999999998,1,2,0,3,1,0.6,0.3333333333333333,1,0.16666666666666666,0.6666666666666666,0.5,0.3333333333333333,0.44721359549995793,0.6000000000000001,Whipping Cream,AttuneDilut
Geo 4,24 Hours,0.20000000000000007,1,2,0,3,1,0.6,0.3333333333333333,1,0.16666666666666666,0.6666666666666666,0.5,0.3333333333333333,0.44721359549995793,0.6000000000000001,Whipping Cream,AttuneDilut
Geo 4,24 Hours,0.30000000000000004,1,2,0,3,1,0.6,0.3333333333333333,1,0.16666666666666666,0.6666666666666666,0.5,0.3333333333333333,0.44721359549995793,0.6000000000000001,Whipping Cream,AttuneDilut
Geo 4,24 Hours,0.4,1,2,0,3,1,0.6,0.3333333333333333,1,0.16666666666666666,0.6666666666666666,0.5,0.3333333333333333,0.44721359549995793,0.6000000000000001,Whipping Cream,AttuneDilut
Geo 4,24 Hours,0.5,1,2,0,3,1,0.6,0.3333333333333333,1,0.16666666666666666,0.6666666666666666,0.5,0.3333333333333333,0.44721359549995793,0.6000000000000001,Whipping Cream,AttuneDilut
Geo 4,24 Hours,0.6,1,2,0,3,1,0.6,0.3333333333333333,1,0.16666666666666666,0.6666666666666666,0.5,0.3333333333333333,0.44721359549995793,0.6000000000000001,Whipping Cream,AttuneDilut
Geo 4,24 Hours,0.7000000000000001,1,2,0,3,1,0.6,0.3333333333333333,1,0.16666666666666666,0.6666666666666666,0.5,0.3333333333333333,0.44721359549995793,0.6000000000000001,Whipping Cream,AttuneDilut
Geo 4,24 Hours,0.8000000000000002,1,2,0,3,1,0.6,0.3333333333333333,1,0.16666666666666666,0.6666666666666666,0.5,0.3333333333333333,0.44721359549995793,0.6000000000000001,Whipping Cream,AttuneDilut
Geo 4,24 Hours,0.9,1,2,0,3,1,0.6,0.3333333333333333,1,0.16666666666666666,0.6666666666666666,0.5,0.3333333333333333,0.44721359549995793,0.6000000000000001,Whipping Cream,AttuneDilut
Geo 4,24 Hours,1,1,2,0,3,1,0.6,0.3333333333333333,1,0.16666666666666666,0.6666666666666666,0.5,0.3333333333333333,0.44721359549995793,0.6000000000000001,Whipping Cream,AttuneDilut
Geo 4,24 Hours,1.1,1,2,0,3,1,0.6,0.3333333333333333,1,0.16666666666666666,0.6666666666666666,0.5,0.3333333333333333,0.44721359549995793,0.6000000000000001,Whipping Cream,AttuneDilut
Geo 4,24 Hours,1.2000000000000002,1,2,0,3,1,0.6,0.3333333333333333,1,0.16666666666666666,0.6666666666666666,0.5,0.3333333333333333,0.44721359549995793,0.6000000000000001,Whipping Cream,AttuneDilut
Geo 4,24 Hours,1.3000000000000003,1,2,0,3,1,0.6,0.3333333333333333,1,0.16666666666666666,0.6666666666666666,0.5,0.3333333333333333,0.44721359549995793,0.6000000000000001,Whipping Cream,AttuneDilut
Geo 4,24 Hours,1.4,1,2,0,3,1,0.6,0.3333333333333333,1,0.16666666666666666,0.6666666666666666,0.5,0.3333333333333333,0.44721359549995793,0.6000000000000001,Whipping Cream,AttuneDilut
Geo 4,24 Hours,1.5,1,2,0,3,1,0.6,0.3333333333333333,1,0.16666666666666666,0.6666666666666666,0.5,0.3333333333333333,0.44721359549995793,0.6000000000000001,Whipping Cream,AttuneDilut
Geo 4,24 Hours,1.6,1,2,0,3,1,0.6,0.3333333333333333,1,0.16666666666666666,0.6666666666666666,0.5,0.3333333333333333,0.44721359549995793,0.6000000000000001,Whipping Cream,AttuneDilut
Geo 4,24 Hours,1.7000000000000002,1,2,0,3,1,0.6,0.3333333333333333,1,0.16666666666666666,0.6666666666666666,0.5,0.3333333333333333,0.44721359549995793,0.6000000000000001,Whipping Cream,AttuneDilut
Geo 4,24 Hours,1.8000000000000003,1,2,0,3,1,0.6,0.3333333333333333,1,0.16666666666666666,0.6666666666666666,0.5,0.3333333333333333,0.44721359549995793,0.6000000000000001,Whipping Cream,AttuneDilut
Geo 4,24 Hours,1.9000000000000004,1,2,0,3,1,0.6,0.3333333333333333,1,0.16666666666666666,0.6666666666666666,0.5,0.3333333333333333,0.44721359549995793,0.6000000000000001,Whipping Cream,AttuneDilut
Geo 4,24 Hours,2.0000000000000004,1,0,0,5,1,1,1,1,0.16666666666666666,1,1,1,1,1,Whipping Cream,AttuneDilut
Geo 4,24 Hours,2.1,1,0,0,5,1,1,1,1,0.16666666666666666,1,1,1,1,1,Whipping Cream,AttuneDilut
Geo 4,24 Hours,2.2,1,0,0,5,1,1,1,1,0.16666666666666666,1,1,1,1,1,Whipping Cream,AttuneDilut
Geo 4,24 Hours,2.3000000000000003,1,0,0,5,1,1,1,1,0.16666666666666666,1,1,1,1,1,Whipping Cream,AttuneDilut
Geo 4,24 Hours,2.4000000000000004,1,0,0,5,1,1,1,1,0.16666666666666666,1,1,1,1,1,Whipping Cream,AttuneDilut
Geo 4,24 Hours,2.5000000000000004,1,0,0,5,1,1,1,1,0.16666666666666666,1,1,1,1,1,Whipping Cream,AttuneDilut
Geo 4,24 Hours,2.6,1,0,0,5,1,1,1,1,0.16666666666666666,1,1,1,1,1,Whipping Cream,AttuneDilut
Geo 4,24 Hours,2.7,1,0,0,5,1,1,1,1,0.16666666666666666,1,1,1,1,1,Whipping Cream,AttuneDilut
Geo 4,24 Hours,2.8000000000000003,1,0,0,5,1,1,1,1,0.16666666666666666,1,1,1,1,1,Whipping Cream,AttuneDilut
Geo 4,24 Hours,2.9000000000000004,1,0,0,5,1,1,1,1,0.16666666666666666,1,1,1,1,1,Whipping Cream,AttuneDilut
Geo 4,24 Hours,3.0000000000000004,1,0,0,5,1,1,1,1,0.16666666666666666,1,1,1,1,1,Whipping Cream,AttuneDilut
Geo 4,24 Hours,3.1,1,0,0,5,1,1,1,1,0.16666666666666666,1,1,1,1,1,Whipping Cream,AttuneDilut
Geo 4,24 Hours,3.2,1,0,0,5,1,1,1,1,0.16666666666666666,1,1,1,1,1,Whipping Cream,AttuneDilut
Geo 4,24 Hours,3.3000000000000003,1,0,0,5,1,1,1,1,0.16666666666666666,1,1,1,1,1,Whipping Cream,AttuneDilut
Geo 4,24 Hours,3.4000000000000004,1,0,0,5,1,1,1,1,0.16666666666666666,1,1,1,1,1,Whipping Cream,AttuneDilut
Geo 4,24 Hours,3.5000000000000004,1,0,0,5,1,1,1,1,0.16666666666666666,1,1,1,1,1,Whipping Cream,AttuneDilut
Geo 4,24 Hours,3.6,1,0,0,5,1,1,1,1,0.16666666666666666,1,1,1,1,1,Whipping Cream,AttuneDilut
Geo 4,24 Hours,3.7000000000000006,1,0,0,5,1,1,1,1,0.16666666666666666,1,1,1,1,1,Whipping Cream,AttuneDilut
Geo 4,24 Hours,3.8000000000000003,1,0,0,5,1,1,1,1,0.16666666666666666,1,1,1,1,1,Whipping Cream,AttuneDilut
Geo 4,24 Hours,3.9,1,0,0,5,1,1,1,1,0.16666666666666666,1,1,1,1,1,Whipping Cream,AttuneDilut
Geo 4,24 Hours,4,1,0,0,5,1,1,1,1,0.16666666666666666,1,1,1,1,1,Whipping Cream,AttuneDilut
Geo 4,24 Hours,4.1,1,0,0,5,1,1,1,1,0.16666666666666666,1,1,1,1,1,Whipping Cream,AttuneDilut
Geo 4,24 Hours,4.2,1,0,0,5,1,1,1,1,0.16666666666666666,1,1,1,1,1,Whipping Cream,AttuneDilut
Geo 4,24 Hours,4.3,1,0,0,5,1,1,1,1,0.16666666666666666,1,1,1,1,1,Whipping Cream,AttuneDilut
Geo 4,24 Hours,4.4,1,0,0,5,1,1,1,1,0.16666666666666666,1,1,1,1,1,Whipping Cream,AttuneDilut
Geo 4,24 Hours,4.5,1,0,0,5,1,1,1,1,0.16666666666666666,1,1,1,1,1,Whipping Cream,AttuneDilut
Geo 4,24 Hours,4.6,1,0,0,5,1,1,1,1,0.16666666666666666,1,1,1,1,1,Whipping Cream,AttuneDilut
Geo 4,24 Hours,4.7,0,0,1,5,0,1,NA,0.8333333333333334,0.16666666666666666,0.8333333333333334,NA,0,NA,0,Whipping Cream,AttuneDilut
Geo 4,24 Hours,4.8,0,0,1,5,0,1,NA,0.8333333333333334,0.16666666666666666,0.8333333333333334,NA,0,NA,0,Whipping Cream,AttuneDilut
Geo 4,24 Hours,4.9,0,0,1,5,0,1,NA,0.8333333333333334,0.16666666666666666,0.8333333333333334,NA,0,NA,0,Whipping Cream,AttuneDilut
Geo 4,24 Hours,5,0,0,1,5,0,1,NA,0.8333333333333334,0.16666666666666666,0.8333333333333334,NA,0,NA,0,Whipping Cream,AttuneDilut
Geo 4,24 Hours,5.1,0,0,1,5,0,1,NA,0.8333333333333334,0.16666666666666666,0.8333333333333334,NA,0,NA,0,Whipping Cream,AttuneDilut
Geo 4,24 Hours,5.2,0,0,1,5,0,1,NA,0.8333333333333334,0.16666666666666666,0.8333333333333334,NA,0,NA,0,Whipping Cream,AttuneDilut
Geo 4,24 Hours,5.3,0,0,1,5,0,1,NA,0.8333333333333334,0.16666666666666666,0.8333333333333334,NA,0,NA,0,Whipping Cream,AttuneDilut
Geo 4,24 Hours,5.4,0,0,1,5,0,1,NA,0.8333333333333334,0.16666666666666666,0.8333333333333334,NA,0,NA,0,Whipping Cream,AttuneDilut
Geo 4,24 Hours,5.5,0,0,1,5,0,1,NA,0.8333333333333334,0.16666666666666666,0.8333333333333334,NA,0,NA,0,Whipping Cream,AttuneDilut
Geo 4,24 Hours,5.6,0,0,1,5,0,1,NA,0.8333333333333334,0.16666666666666666,0.8333333333333334,NA,0,NA,0,Whipping Cream,AttuneDilut
Geo 4,24 Hours,5.7,0,0,1,5,0,1,NA,0.8333333333333334,0.16666666666666666,0.8333333333333334,NA,0,NA,0,Whipping Cream,AttuneDilut
Geo 4,24 Hours,5.8,0,0,1,5,0,1,NA,0.8333333333333334,0.16666666666666666,0.8333333333333334,NA,0,NA,0,Whipping Cream,AttuneDilut
Geo 4,24 Hours,5.9,0,0,1,5,0,1,NA,0.8333333333333334,0.16666666666666666,0.8333333333333334,NA,0,NA,0,Whipping Cream,AttuneDilut
Geo 4,24 Hours,6,0,0,1,5,0,1,NA,0.8333333333333334,0.16666666666666666,0.8333333333333334,NA,0,NA,0,Whipping Cream,AttuneDilut
Geo 4,24 Hours,6.1,0,0,1,5,0,1,NA,0.8333333333333334,0.16666666666666666,0.8333333333333334,NA,0,NA,0,Whipping Cream,AttuneDilut
Geo 4,24 Hours,6.2,0,0,1,5,0,1,NA,0.8333333333333334,0.16666666666666666,0.8333333333333334,NA,0,NA,0,Whipping Cream,AttuneDilut
Geo 4,24 Hours,6.3,0,0,1,5,0,1,NA,0.8333333333333334,0.16666666666666666,0.8333333333333334,NA,0,NA,0,Whipping Cream,AttuneDilut
Geo 4,24 Hours,6.4,0,0,1,5,0,1,NA,0.8333333333333334,0.16666666666666666,0.8333333333333334,NA,0,NA,0,Whipping Cream,AttuneDilut
Geo 4,24 Hours,6.5,0,0,1,5,0,1,NA,0.8333333333333334,0.16666666666666666,0.8333333333333334,NA,0,NA,0,Whipping Cream,AttuneDilut
Geo 4,24 Hours,6.6,0,0,1,5,0,1,NA,0.8333333333333334,0.16666666666666666,0.8333333333333334,NA,0,NA,0,Whipping Cream,AttuneDilut
Geo 4,24 Hours,6.7,0,0,1,5,0,1,NA,0.8333333333333334,0.16666666666666666,0.8333333333333334,NA,0,NA,0,Whipping Cream,AttuneDilut
Geo 4,24 Hours,6.8,0,0,1,5,0,1,NA,0.8333333333333334,0.16666666666666666,0.8333333333333334,NA,0,NA,0,Whipping Cream,AttuneDilut
Geo 4,24 Hours,6.9,0,0,1,5,0,1,NA,0.8333333333333334,0.16666666666666666,0.8333333333333334,NA,0,NA,0,Whipping Cream,AttuneDilut
Geo 4,24 Hours,7,0,0,1,5,0,1,NA,0.8333333333333334,0.16666666666666666,0.8333333333333334,NA,0,NA,0,Whipping Cream,AttuneDilut
Geo 4,24 Hours,7.1,0,0,1,5,0,1,NA,0.8333333333333334,0.16666666666666666,0.8333333333333334,NA,0,NA,0,Whipping Cream,AttuneDilut
Geo 4,24 Hours,7.2,0,0,1,5,0,1,NA,0.8333333333333334,0.16666666666666666,0.8333333333333334,NA,0,NA,0,Whipping Cream,AttuneDilut
Geo 4,24 Hours,7.3,0,0,1,5,0,1,NA,0.8333333333333334,0.16666666666666666,0.8333333333333334,NA,0,NA,0,Whipping Cream,AttuneDilut
Geo 4,24 Hours,7.4,0,0,1,5,0,1,NA,0.8333333333333334,0.16666666666666666,0.8333333333333334,NA,0,NA,0,Whipping Cream,AttuneDilut
Geo 4,24 Hours,7.5,0,0,1,5,0,1,NA,0.8333333333333334,0.16666666666666666,0.8333333333333334,NA,0,NA,0,Whipping Cream,AttuneDilut
Geo 4,24 Hours,7.6,0,0,1,5,0,1,NA,0.8333333333333334,0.16666666666666666,0.8333333333333334,NA,0,NA,0,Whipping Cream,AttuneDilut
Geo 4,24 Hours,7.699999999999999,0,0,1,5,0,1,NA,0.8333333333333334,0.16666666666666666,0.8333333333333334,NA,0,NA,0,Whipping Cream,AttuneDilut
Geo 4,24 Hours,7.8,0,0,1,5,0,1,NA,0.8333333333333334,0.16666666666666666,0.8333333333333334,NA,0,NA,0,Whipping Cream,AttuneDilut
Geo 4,48 Hours,-0.4,3,3,0,0,1,0,0.5,NA,0.5,0.5,0.6666666666666666,0.5,NA,0,Whipping Cream,AttuneDilut
Geo 4,48 Hours,-0.30000000000000004,3,1,0,2,1,0.6666666666666666,0.75,1,0.5,0.8333333333333334,0.8571428571428571,0.75,0.7071067811865476,0.6666666666666665,Whipping Cream,AttuneDilut
Geo 4,48 Hours,-0.2,3,1,0,2,1,0.6666666666666666,0.75,1,0.5,0.8333333333333334,0.8571428571428571,0.75,0.7071067811865476,0.6666666666666665,Whipping Cream,AttuneDilut
Geo 4,48 Hours,-0.09999999999999998,3,1,0,2,1,0.6666666666666666,0.75,1,0.5,0.8333333333333334,0.8571428571428571,0.75,0.7071067811865476,0.6666666666666665,Whipping Cream,AttuneDilut
Geo 4,48 Hours,0,3,1,0,2,1,0.6666666666666666,0.75,1,0.5,0.8333333333333334,0.8571428571428571,0.75,0.7071067811865476,0.6666666666666665,Whipping Cream,AttuneDilut
Geo 4,48 Hours,0.09999999999999998,3,1,0,2,1,0.6666666666666666,0.75,1,0.5,0.8333333333333334,0.8571428571428571,0.75,0.7071067811865476,0.6666666666666665,Whipping Cream,AttuneDilut
Geo 4,48 Hours,0.20000000000000007,3,1,0,2,1,0.6666666666666666,0.75,1,0.5,0.8333333333333334,0.8571428571428571,0.75,0.7071067811865476,0.6666666666666665,Whipping Cream,AttuneDilut
Geo 4,48 Hours,0.30000000000000004,3,1,0,2,1,0.6666666666666666,0.75,1,0.5,0.8333333333333334,0.8571428571428571,0.75,0.7071067811865476,0.6666666666666665,Whipping Cream,AttuneDilut
Geo 4,48 Hours,0.4,3,1,0,2,1,0.6666666666666666,0.75,1,0.5,0.8333333333333334,0.8571428571428571,0.75,0.7071067811865476,0.6666666666666665,Whipping Cream,AttuneDilut
Geo 4,48 Hours,0.5,3,1,0,2,1,0.6666666666666666,0.75,1,0.5,0.8333333333333334,0.8571428571428571,0.75,0.7071067811865476,0.6666666666666665,Whipping Cream,AttuneDilut
Geo 4,48 Hours,0.6,3,1,0,2,1,0.6666666666666666,0.75,1,0.5,0.8333333333333334,0.8571428571428571,0.75,0.7071067811865476,0.6666666666666665,Whipping Cream,AttuneDilut
Geo 4,48 Hours,0.7000000000000001,3,1,0,2,1,0.6666666666666666,0.75,1,0.5,0.8333333333333334,0.8571428571428571,0.75,0.7071067811865476,0.6666666666666665,Whipping Cream,AttuneDilut
Geo 4,48 Hours,0.8000000000000002,3,1,0,2,1,0.6666666666666666,0.75,1,0.5,0.8333333333333334,0.8571428571428571,0.75,0.7071067811865476,0.6666666666666665,Whipping Cream,AttuneDilut
Geo 4,48 Hours,0.9,3,1,0,2,1,0.6666666666666666,0.75,1,0.5,0.8333333333333334,0.8571428571428571,0.75,0.7071067811865476,0.6666666666666665,Whipping Cream,AttuneDilut
Geo 4,48 Hours,1,3,1,0,2,1,0.6666666666666666,0.75,1,0.5,0.8333333333333334,0.8571428571428571,0.75,0.7071067811865476,0.6666666666666665,Whipping Cream,AttuneDilut
Geo 4,48 Hours,1.1,3,1,0,2,1,0.6666666666666666,0.75,1,0.5,0.8333333333333334,0.8571428571428571,0.75,0.7071067811865476,0.6666666666666665,Whipping Cream,AttuneDilut
Geo 4,48 Hours,1.2000000000000002,3,1,0,2,1,0.6666666666666666,0.75,1,0.5,0.8333333333333334,0.8571428571428571,0.75,0.7071067811865476,0.6666666666666665,Whipping Cream,AttuneDilut
Geo 4,48 Hours,1.3000000000000003,3,1,0,2,1,0.6666666666666666,0.75,1,0.5,0.8333333333333334,0.8571428571428571,0.75,0.7071067811865476,0.6666666666666665,Whipping Cream,AttuneDilut
Geo 4,48 Hours,1.4,3,1,0,2,1,0.6666666666666666,0.75,1,0.5,0.8333333333333334,0.8571428571428571,0.75,0.7071067811865476,0.6666666666666665,Whipping Cream,AttuneDilut
Geo 4,48 Hours,1.5,3,1,0,2,1,0.6666666666666666,0.75,1,0.5,0.8333333333333334,0.8571428571428571,0.75,0.7071067811865476,0.6666666666666665,Whipping Cream,AttuneDilut
Geo 4,48 Hours,1.6,3,1,0,2,1,0.6666666666666666,0.75,1,0.5,0.8333333333333334,0.8571428571428571,0.75,0.7071067811865476,0.6666666666666665,Whipping Cream,AttuneDilut
Geo 4,48 Hours,1.7000000000000002,3,1,0,2,1,0.6666666666666666,0.75,1,0.5,0.8333333333333334,0.8571428571428571,0.75,0.7071067811865476,0.6666666666666665,Whipping Cream,AttuneDilut
Geo 4,48 Hours,1.8000000000000003,3,1,0,2,1,0.6666666666666666,0.75,1,0.5,0.8333333333333334,0.8571428571428571,0.75,0.7071067811865476,0.6666666666666665,Whipping Cream,AttuneDilut
Geo 4,48 Hours,1.9000000000000004,3,1,0,2,1,0.6666666666666666,0.75,1,0.5,0.8333333333333334,0.8571428571428571,0.75,0.7071067811865476,0.6666666666666665,Whipping Cream,AttuneDilut
Geo 4,48 Hours,2.0000000000000004,3,1,0,2,1,0.6666666666666666,0.75,1,0.5,0.8333333333333334,0.8571428571428571,0.75,0.7071067811865476,0.6666666666666665,Whipping Cream,AttuneDilut
Geo 4,48 Hours,2.1,3,1,0,2,1,0.6666666666666666,0.75,1,0.5,0.8333333333333334,0.8571428571428571,0.75,0.7071067811865476,0.6666666666666665,Whipping Cream,AttuneDilut
Geo 4,48 Hours,2.2,3,1,0,2,1,0.6666666666666666,0.75,1,0.5,0.8333333333333334,0.8571428571428571,0.75,0.7071067811865476,0.6666666666666665,Whipping Cream,AttuneDilut
Geo 4,48 Hours,2.3000000000000003,3,1,0,2,1,0.6666666666666666,0.75,1,0.5,0.8333333333333334,0.8571428571428571,0.75,0.7071067811865476,0.6666666666666665,Whipping Cream,AttuneDilut
Geo 4,48 Hours,2.4000000000000004,3,1,0,2,1,0.6666666666666666,0.75,1,0.5,0.8333333333333334,0.8571428571428571,0.75,0.7071067811865476,0.6666666666666665,Whipping Cream,AttuneDilut
Geo 4,48 Hours,2.5000000000000004,3,0,0,3,1,1,1,1,0.5,1,1,1,1,1,Whipping Cream,AttuneDilut
Geo 4,48 Hours,2.6,3,0,0,3,1,1,1,1,0.5,1,1,1,1,1,Whipping Cream,AttuneDilut
Geo 4,48 Hours,2.7,3,0,0,3,1,1,1,1,0.5,1,1,1,1,1,Whipping Cream,AttuneDilut
Geo 4,48 Hours,2.8000000000000003,3,0,0,3,1,1,1,1,0.5,1,1,1,1,1,Whipping Cream,AttuneDilut
Geo 4,48 Hours,2.9000000000000004,3,0,0,3,1,1,1,1,0.5,1,1,1,1,1,Whipping Cream,AttuneDilut
Geo 4,48 Hours,3.0000000000000004,3,0,0,3,1,1,1,1,0.5,1,1,1,1,1,Whipping Cream,AttuneDilut
Geo 4,48 Hours,3.1,3,0,0,3,1,1,1,1,0.5,1,1,1,1,1,Whipping Cream,AttuneDilut
Geo 4,48 Hours,3.2,3,0,0,3,1,1,1,1,0.5,1,1,1,1,1,Whipping Cream,AttuneDilut
Geo 4,48 Hours,3.3000000000000003,3,0,0,3,1,1,1,1,0.5,1,1,1,1,1,Whipping Cream,AttuneDilut
Geo 4,48 Hours,3.4000000000000004,3,0,0,3,1,1,1,1,0.5,1,1,1,1,1,Whipping Cream,AttuneDilut
Geo 4,48 Hours,3.5000000000000004,3,0,0,3,1,1,1,1,0.5,1,1,1,1,1,Whipping Cream,AttuneDilut
Geo 4,48 Hours,3.6,3,0,0,3,1,1,1,1,0.5,1,1,1,1,1,Whipping Cream,AttuneDilut
Geo 4,48 Hours,3.7000000000000006,3,0,0,3,1,1,1,1,0.5,1,1,1,1,1,Whipping Cream,AttuneDilut
Geo 4,48 Hours,3.8000000000000003,3,0,0,3,1,1,1,1,0.5,1,1,1,1,1,Whipping Cream,AttuneDilut
Geo 4,48 Hours,3.9,3,0,0,3,1,1,1,1,0.5,1,1,1,1,1,Whipping Cream,AttuneDilut
Geo 4,48 Hours,4,3,0,0,3,1,1,1,1,0.5,1,1,1,1,1,Whipping Cream,AttuneDilut
Geo 4,48 Hours,4.1,3,0,0,3,1,1,1,1,0.5,1,1,1,1,1,Whipping Cream,AttuneDilut
Geo 4,48 Hours,4.2,3,0,0,3,1,1,1,1,0.5,1,1,1,1,1,Whipping Cream,AttuneDilut
Geo 4,48 Hours,4.3,3,0,0,3,1,1,1,1,0.5,1,1,1,1,1,Whipping Cream,AttuneDilut
Geo 4,48 Hours,4.4,3,0,0,3,1,1,1,1,0.5,1,1,1,1,1,Whipping Cream,AttuneDilut
Geo 4,48 Hours,4.5,3,0,0,3,1,1,1,1,0.5,1,1,1,1,1,Whipping Cream,AttuneDilut
Geo 4,48 Hours,4.6,3,0,0,3,1,1,1,1,0.5,1,1,1,1,1,Whipping Cream,AttuneDilut
Geo 4,48 Hours,4.7,3,0,0,3,1,1,1,1,0.5,1,1,1,1,1,Whipping Cream,AttuneDilut
Geo 4,48 Hours,4.8,3,0,0,3,1,1,1,1,0.5,1,1,1,1,1,Whipping Cream,AttuneDilut
Geo 4,48 Hours,4.9,3,0,0,3,1,1,1,1,0.5,1,1,1,1,1,Whipping Cream,AttuneDilut
Geo 4,48 Hours,5,3,0,0,3,1,1,1,1,0.5,1,1,1,1,1,Whipping Cream,AttuneDilut
Geo 4,48 Hours,5.1,3,0,0,3,1,1,1,1,0.5,1,1,1,1,1,Whipping Cream,AttuneDilut
Geo 4,48 Hours,5.2,3,0,0,3,1,1,1,1,0.5,1,1,1,1,1,Whipping Cream,AttuneDilut
Geo 4,48 Hours,5.3,3,0,0,3,1,1,1,1,0.5,1,1,1,1,1,Whipping Cream,AttuneDilut
Geo 4,48 Hours,5.4,3,0,0,3,1,1,1,1,0.5,1,1,1,1,1,Whipping Cream,AttuneDilut
Geo 4,48 Hours,5.5,3,0,0,3,1,1,1,1,0.5,1,1,1,1,1,Whipping Cream,AttuneDilut
Geo 4,48 Hours,5.6,3,0,0,3,1,1,1,1,0.5,1,1,1,1,1,Whipping Cream,AttuneDilut
Geo 4,48 Hours,5.7,3,0,0,3,1,1,1,1,0.5,1,1,1,1,1,Whipping Cream,AttuneDilut
Geo 4,48 Hours,5.8,3,0,0,3,1,1,1,1,0.5,1,1,1,1,1,Whipping Cream,AttuneDilut
Geo 4,48 Hours,5.9,3,0,0,3,1,1,1,1,0.5,1,1,1,1,1,Whipping Cream,AttuneDilut
Geo 4,48 Hours,6,3,0,0,3,1,1,1,1,0.5,1,1,1,1,1,Whipping Cream,AttuneDilut
Geo 4,48 Hours,6.1,3,0,0,3,1,1,1,1,0.5,1,1,1,1,1,Whipping Cream,AttuneDilut
Geo 4,48 Hours,6.2,3,0,0,3,1,1,1,1,0.5,1,1,1,1,1,Whipping Cream,AttuneDilut
Geo 4,48 Hours,6.3,3,0,0,3,1,1,1,1,0.5,1,1,1,1,1,Whipping Cream,AttuneDilut
Geo 4,48 Hours,6.4,3,0,0,3,1,1,1,1,0.5,1,1,1,1,1,Whipping Cream,AttuneDilut
Geo 4,48 Hours,6.5,3,0,0,3,1,1,1,1,0.5,1,1,1,1,1,Whipping Cream,AttuneDilut
Geo 4,48 Hours,6.6,3,0,0,3,1,1,1,1,0.5,1,1,1,1,1,Whipping Cream,AttuneDilut
Geo 4,48 Hours,6.7,3,0,0,3,1,1,1,1,0.5,1,1,1,1,1,Whipping Cream,AttuneDilut
Geo 4,48 Hours,6.8,3,0,0,3,1,1,1,1,0.5,1,1,1,1,1,Whipping Cream,AttuneDilut
Geo 4,48 Hours,6.9,3,0,0,3,1,1,1,1,0.5,1,1,1,1,1,Whipping Cream,AttuneDilut
Geo 4,48 Hours,7,3,0,0,3,1,1,1,1,0.5,1,1,1,1,1,Whipping Cream,AttuneDilut
Geo 4,48 Hours,7.1,3,0,0,3,1,1,1,1,0.5,1,1,1,1,1,Whipping Cream,AttuneDilut
Geo 4,48 Hours,7.2,3,0,0,3,1,1,1,1,0.5,1,1,1,1,1,Whipping Cream,AttuneDilut
Geo 4,48 Hours,7.3,1,0,2,3,0.3333333333333333,1,1,0.6,0.5,0.6666666666666666,0.5,0.3333333333333333,0.44721359549995793,0.33333333333333326,Whipping Cream,AttuneDilut
Geo 4,48 Hours,7.4,1,0,2,3,0.3333333333333333,1,1,0.6,0.5,0.6666666666666666,0.5,0.3333333333333333,0.44721359549995793,0.33333333333333326,Whipping Cream,AttuneDilut
Geo 4,48 Hours,7.5,0,0,3,3,0,1,NA,0.5,0.5,0.5,NA,0,NA,0,Whipping Cream,AttuneDilut
Geo 4,48 Hours,7.6,0,0,3,3,0,1,NA,0.5,0.5,0.5,NA,0,NA,0,Whipping Cream,AttuneDilut
Geo 4,48 Hours,7.699999999999999,0,0,3,3,0,1,NA,0.5,0.5,0.5,NA,0,NA,0,Whipping Cream,AttuneDilut
Geo 4,48 Hours,7.8,0,0,3,3,0,1,NA,0.5,0.5,0.5,NA,0,NA,0,Whipping Cream,AttuneDilut
Geo 4,72 Hours,-0.4,3,3,0,0,1,0,0.5,NA,0.5,0.5,0.6666666666666666,0.5,NA,0,Whipping Cream,AttuneDilut
Geo 4,72 Hours,-0.30000000000000004,3,2,0,1,1,0.3333333333333333,0.6,1,0.5,0.6666666666666666,0.7499999999999999,0.6,0.44721359549995793,0.33333333333333326,Whipping Cream,AttuneDilut
Geo 4,72 Hours,-0.2,3,2,0,1,1,0.3333333333333333,0.6,1,0.5,0.6666666666666666,0.7499999999999999,0.6,0.44721359549995793,0.33333333333333326,Whipping Cream,AttuneDilut
Geo 4,72 Hours,-0.09999999999999998,3,2,0,1,1,0.3333333333333333,0.6,1,0.5,0.6666666666666666,0.7499999999999999,0.6,0.44721359549995793,0.33333333333333326,Whipping Cream,AttuneDilut
Geo 4,72 Hours,0,3,2,0,1,1,0.3333333333333333,0.6,1,0.5,0.6666666666666666,0.7499999999999999,0.6,0.44721359549995793,0.33333333333333326,Whipping Cream,AttuneDilut
Geo 4,72 Hours,0.09999999999999998,3,2,0,1,1,0.3333333333333333,0.6,1,0.5,0.6666666666666666,0.7499999999999999,0.6,0.44721359549995793,0.33333333333333326,Whipping Cream,AttuneDilut
Geo 4,72 Hours,0.20000000000000007,3,2,0,1,1,0.3333333333333333,0.6,1,0.5,0.6666666666666666,0.7499999999999999,0.6,0.44721359549995793,0.33333333333333326,Whipping Cream,AttuneDilut
Geo 4,72 Hours,0.30000000000000004,3,2,0,1,1,0.3333333333333333,0.6,1,0.5,0.6666666666666666,0.7499999999999999,0.6,0.44721359549995793,0.33333333333333326,Whipping Cream,AttuneDilut
Geo 4,72 Hours,0.4,3,2,0,1,1,0.3333333333333333,0.6,1,0.5,0.6666666666666666,0.7499999999999999,0.6,0.44721359549995793,0.33333333333333326,Whipping Cream,AttuneDilut
Geo 4,72 Hours,0.5,3,2,0,1,1,0.3333333333333333,0.6,1,0.5,0.6666666666666666,0.7499999999999999,0.6,0.44721359549995793,0.33333333333333326,Whipping Cream,AttuneDilut
Geo 4,72 Hours,0.6,3,2,0,1,1,0.3333333333333333,0.6,1,0.5,0.6666666666666666,0.7499999999999999,0.6,0.44721359549995793,0.33333333333333326,Whipping Cream,AttuneDilut
Geo 4,72 Hours,0.7000000000000001,3,2,0,1,1,0.3333333333333333,0.6,1,0.5,0.6666666666666666,0.7499999999999999,0.6,0.44721359549995793,0.33333333333333326,Whipping Cream,AttuneDilut
Geo 4,72 Hours,0.8000000000000002,3,2,0,1,1,0.3333333333333333,0.6,1,0.5,0.6666666666666666,0.7499999999999999,0.6,0.44721359549995793,0.33333333333333326,Whipping Cream,AttuneDilut
Geo 4,72 Hours,0.9,3,2,0,1,1,0.3333333333333333,0.6,1,0.5,0.6666666666666666,0.7499999999999999,0.6,0.44721359549995793,0.33333333333333326,Whipping Cream,AttuneDilut
Geo 4,72 Hours,1,3,2,0,1,1,0.3333333333333333,0.6,1,0.5,0.6666666666666666,0.7499999999999999,0.6,0.44721359549995793,0.33333333333333326,Whipping Cream,AttuneDilut
Geo 4,72 Hours,1.1,3,2,0,1,1,0.3333333333333333,0.6,1,0.5,0.6666666666666666,0.7499999999999999,0.6,0.44721359549995793,0.33333333333333326,Whipping Cream,AttuneDilut
Geo 4,72 Hours,1.2000000000000002,3,2,0,1,1,0.3333333333333333,0.6,1,0.5,0.6666666666666666,0.7499999999999999,0.6,0.44721359549995793,0.33333333333333326,Whipping Cream,AttuneDilut
Geo 4,72 Hours,1.3000000000000003,3,2,0,1,1,0.3333333333333333,0.6,1,0.5,0.6666666666666666,0.7499999999999999,0.6,0.44721359549995793,0.33333333333333326,Whipping Cream,AttuneDilut
Geo 4,72 Hours,1.4,3,2,0,1,1,0.3333333333333333,0.6,1,0.5,0.6666666666666666,0.7499999999999999,0.6,0.44721359549995793,0.33333333333333326,Whipping Cream,AttuneDilut
Geo 4,72 Hours,1.5,3,2,0,1,1,0.3333333333333333,0.6,1,0.5,0.6666666666666666,0.7499999999999999,0.6,0.44721359549995793,0.33333333333333326,Whipping Cream,AttuneDilut
Geo 4,72 Hours,1.6,3,2,0,1,1,0.3333333333333333,0.6,1,0.5,0.6666666666666666,0.7499999999999999,0.6,0.44721359549995793,0.33333333333333326,Whipping Cream,AttuneDilut
Geo 4,72 Hours,1.7000000000000002,3,2,0,1,1,0.3333333333333333,0.6,1,0.5,0.6666666666666666,0.7499999999999999,0.6,0.44721359549995793,0.33333333333333326,Whipping Cream,AttuneDilut
Geo 4,72 Hours,1.8000000000000003,3,2,0,1,1,0.3333333333333333,0.6,1,0.5,0.6666666666666666,0.7499999999999999,0.6,0.44721359549995793,0.33333333333333326,Whipping Cream,AttuneDilut
Geo 4,72 Hours,1.9000000000000004,3,2,0,1,1,0.3333333333333333,0.6,1,0.5,0.6666666666666666,0.7499999999999999,0.6,0.44721359549995793,0.33333333333333326,Whipping Cream,AttuneDilut
Geo 4,72 Hours,2.0000000000000004,3,0,0,3,1,1,1,1,0.5,1,1,1,1,1,Whipping Cream,AttuneDilut
Geo 4,72 Hours,2.1,3,0,0,3,1,1,1,1,0.5,1,1,1,1,1,Whipping Cream,AttuneDilut
Geo 4,72 Hours,2.2,3,0,0,3,1,1,1,1,0.5,1,1,1,1,1,Whipping Cream,AttuneDilut
Geo 4,72 Hours,2.3000000000000003,3,0,0,3,1,1,1,1,0.5,1,1,1,1,1,Whipping Cream,AttuneDilut
Geo 4,72 Hours,2.4000000000000004,3,0,0,3,1,1,1,1,0.5,1,1,1,1,1,Whipping Cream,AttuneDilut
Geo 4,72 Hours,2.5000000000000004,3,0,0,3,1,1,1,1,0.5,1,1,1,1,1,Whipping Cream,AttuneDilut
Geo 4,72 Hours,2.6,3,0,0,3,1,1,1,1,0.5,1,1,1,1,1,Whipping Cream,AttuneDilut
Geo 4,72 Hours,2.7,3,0,0,3,1,1,1,1,0.5,1,1,1,1,1,Whipping Cream,AttuneDilut
Geo 4,72 Hours,2.8000000000000003,3,0,0,3,1,1,1,1,0.5,1,1,1,1,1,Whipping Cream,AttuneDilut
Geo 4,72 Hours,2.9000000000000004,3,0,0,3,1,1,1,1,0.5,1,1,1,1,1,Whipping Cream,AttuneDilut
Geo 4,72 Hours,3.0000000000000004,3,0,0,3,1,1,1,1,0.5,1,1,1,1,1,Whipping Cream,AttuneDilut
Geo 4,72 Hours,3.1,3,0,0,3,1,1,1,1,0.5,1,1,1,1,1,Whipping Cream,AttuneDilut
Geo 4,72 Hours,3.2,3,0,0,3,1,1,1,1,0.5,1,1,1,1,1,Whipping Cream,AttuneDilut
Geo 4,72 Hours,3.3000000000000003,3,0,0,3,1,1,1,1,0.5,1,1,1,1,1,Whipping Cream,AttuneDilut
Geo 4,72 Hours,3.4000000000000004,3,0,0,3,1,1,1,1,0.5,1,1,1,1,1,Whipping Cream,AttuneDilut
Geo 4,72 Hours,3.5000000000000004,3,0,0,3,1,1,1,1,0.5,1,1,1,1,1,Whipping Cream,AttuneDilut
Geo 4,72 Hours,3.6,3,0,0,3,1,1,1,1,0.5,1,1,1,1,1,Whipping Cream,AttuneDilut
Geo 4,72 Hours,3.7000000000000006,3,0,0,3,1,1,1,1,0.5,1,1,1,1,1,Whipping Cream,AttuneDilut
Geo 4,72 Hours,3.8000000000000003,3,0,0,3,1,1,1,1,0.5,1,1,1,1,1,Whipping Cream,AttuneDilut
Geo 4,72 Hours,3.9,3,0,0,3,1,1,1,1,0.5,1,1,1,1,1,Whipping Cream,AttuneDilut
Geo 4,72 Hours,4,3,0,0,3,1,1,1,1,0.5,1,1,1,1,1,Whipping Cream,AttuneDilut
Geo 4,72 Hours,4.1,3,0,0,3,1,1,1,1,0.5,1,1,1,1,1,Whipping Cream,AttuneDilut
Geo 4,72 Hours,4.2,3,0,0,3,1,1,1,1,0.5,1,1,1,1,1,Whipping Cream,AttuneDilut
Geo 4,72 Hours,4.3,3,0,0,3,1,1,1,1,0.5,1,1,1,1,1,Whipping Cream,AttuneDilut
Geo 4,72 Hours,4.4,3,0,0,3,1,1,1,1,0.5,1,1,1,1,1,Whipping Cream,AttuneDilut
Geo 4,72 Hours,4.5,3,0,0,3,1,1,1,1,0.5,1,1,1,1,1,Whipping Cream,AttuneDilut
Geo 4,72 Hours,4.6,3,0,0,3,1,1,1,1,0.5,1,1,1,1,1,Whipping Cream,AttuneDilut
Geo 4,72 Hours,4.7,3,0,0,3,1,1,1,1,0.5,1,1,1,1,1,Whipping Cream,AttuneDilut
Geo 4,72 Hours,4.8,3,0,0,3,1,1,1,1,0.5,1,1,1,1,1,Whipping Cream,AttuneDilut
Geo 4,72 Hours,4.9,3,0,0,3,1,1,1,1,0.5,1,1,1,1,1,Whipping Cream,AttuneDilut
Geo 4,72 Hours,5,3,0,0,3,1,1,1,1,0.5,1,1,1,1,1,Whipping Cream,AttuneDilut
Geo 4,72 Hours,5.1,3,0,0,3,1,1,1,1,0.5,1,1,1,1,1,Whipping Cream,AttuneDilut
Geo 4,72 Hours,5.2,1,0,2,3,0.3333333333333333,1,1,0.6,0.5,0.6666666666666666,0.5,0.3333333333333333,0.44721359549995793,0.33333333333333326,Whipping Cream,AttuneDilut
Geo 4,72 Hours,5.3,1,0,2,3,0.3333333333333333,1,1,0.6,0.5,0.6666666666666666,0.5,0.3333333333333333,0.44721359549995793,0.33333333333333326,Whipping Cream,AttuneDilut
Geo 4,72 Hours,5.4,1,0,2,3,0.3333333333333333,1,1,0.6,0.5,0.6666666666666666,0.5,0.3333333333333333,0.44721359549995793,0.33333333333333326,Whipping Cream,AttuneDilut
Geo 4,72 Hours,5.5,1,0,2,3,0.3333333333333333,1,1,0.6,0.5,0.6666666666666666,0.5,0.3333333333333333,0.44721359549995793,0.33333333333333326,Whipping Cream,AttuneDilut
Geo 4,72 Hours,5.6,1,0,2,3,0.3333333333333333,1,1,0.6,0.5,0.6666666666666666,0.5,0.3333333333333333,0.44721359549995793,0.33333333333333326,Whipping Cream,AttuneDilut
Geo 4,72 Hours,5.7,0,0,3,3,0,1,NA,0.5,0.5,0.5,NA,0,NA,0,Whipping Cream,AttuneDilut
Geo 4,72 Hours,5.8,0,0,3,3,0,1,NA,0.5,0.5,0.5,NA,0,NA,0,Whipping Cream,AttuneDilut
Geo 4,72 Hours,5.9,0,0,3,3,0,1,NA,0.5,0.5,0.5,NA,0,NA,0,Whipping Cream,AttuneDilut
Geo 4,72 Hours,6,0,0,3,3,0,1,NA,0.5,0.5,0.5,NA,0,NA,0,Whipping Cream,AttuneDilut
Geo 4,72 Hours,6.1,0,0,3,3,0,1,NA,0.5,0.5,0.5,NA,0,NA,0,Whipping Cream,AttuneDilut
Geo 4,72 Hours,6.2,0,0,3,3,0,1,NA,0.5,0.5,0.5,NA,0,NA,0,Whipping Cream,AttuneDilut
Geo 4,72 Hours,6.3,0,0,3,3,0,1,NA,0.5,0.5,0.5,NA,0,NA,0,Whipping Cream,AttuneDilut
Geo 4,72 Hours,6.4,0,0,3,3,0,1,NA,0.5,0.5,0.5,NA,0,NA,0,Whipping Cream,AttuneDilut
Geo 4,72 Hours,6.5,0,0,3,3,0,1,NA,0.5,0.5,0.5,NA,0,NA,0,Whipping Cream,AttuneDilut
Geo 4,72 Hours,6.6,0,0,3,3,0,1,NA,0.5,0.5,0.5,NA,0,NA,0,Whipping Cream,AttuneDilut
Geo 4,72 Hours,6.7,0,0,3,3,0,1,NA,0.5,0.5,0.5,NA,0,NA,0,Whipping Cream,AttuneDilut
Geo 4,72 Hours,6.8,0,0,3,3,0,1,NA,0.5,0.5,0.5,NA,0,NA,0,Whipping Cream,AttuneDilut
Geo 4,72 Hours,6.9,0,0,3,3,0,1,NA,0.5,0.5,0.5,NA,0,NA,0,Whipping Cream,AttuneDilut
Geo 4,72 Hours,7,0,0,3,3,0,1,NA,0.5,0.5,0.5,NA,0,NA,0,Whipping Cream,AttuneDilut
Geo 4,72 Hours,7.1,0,0,3,3,0,1,NA,0.5,0.5,0.5,NA,0,NA,0,Whipping Cream,AttuneDilut
Geo 4,72 Hours,7.2,0,0,3,3,0,1,NA,0.5,0.5,0.5,NA,0,NA,0,Whipping Cream,AttuneDilut
Geo 4,72 Hours,7.3,0,0,3,3,0,1,NA,0.5,0.5,0.5,NA,0,NA,0,Whipping Cream,AttuneDilut
Geo 4,72 Hours,7.4,0,0,3,3,0,1,NA,0.5,0.5,0.5,NA,0,NA,0,Whipping Cream,AttuneDilut
Geo 4,72 Hours,7.5,0,0,3,3,0,1,NA,0.5,0.5,0.5,NA,0,NA,0,Whipping Cream,AttuneDilut
Geo 4,72 Hours,7.6,0,0,3,3,0,1,NA,0.5,0.5,0.5,NA,0,NA,0,Whipping Cream,AttuneDilut
Geo 4,72 Hours,7.699999999999999,0,0,3,3,0,1,NA,0.5,0.5,0.5,NA,0,NA,0,Whipping Cream,AttuneDilut
Geo 4,72 Hours,7.8,0,0,3,3,0,1,NA,0.5,0.5,0.5,NA,0,NA,0,Whipping Cream,AttuneDilut
AF 5,12 Hours,-0.4,5,1,0,0,1,0,0.8333333333333334,NA,0.8333333333333334,0.8333333333333334,0.9090909090909091,0.8333333333333334,NA,0,Whipping Cream,AttuneDilut
AF 5,12 Hours,-0.30000000000000004,5,0,0,1,1,1,1,1,0.8333333333333334,1,1,1,1,1,Whipping Cream,AttuneDilut
AF 5,12 Hours,-0.2,5,0,0,1,1,1,1,1,0.8333333333333334,1,1,1,1,1,Whipping Cream,AttuneDilut
AF 5,12 Hours,-0.09999999999999998,5,0,0,1,1,1,1,1,0.8333333333333334,1,1,1,1,1,Whipping Cream,AttuneDilut
AF 5,12 Hours,0,5,0,0,1,1,1,1,1,0.8333333333333334,1,1,1,1,1,Whipping Cream,AttuneDilut
AF 5,12 Hours,0.09999999999999998,5,0,0,1,1,1,1,1,0.8333333333333334,1,1,1,1,1,Whipping Cream,AttuneDilut
AF 5,12 Hours,0.20000000000000007,5,0,0,1,1,1,1,1,0.8333333333333334,1,1,1,1,1,Whipping Cream,AttuneDilut
AF 5,12 Hours,0.30000000000000004,5,0,0,1,1,1,1,1,0.8333333333333334,1,1,1,1,1,Whipping Cream,AttuneDilut
AF 5,12 Hours,0.4,5,0,0,1,1,1,1,1,0.8333333333333334,1,1,1,1,1,Whipping Cream,AttuneDilut
AF 5,12 Hours,0.5,5,0,0,1,1,1,1,1,0.8333333333333334,1,1,1,1,1,Whipping Cream,AttuneDilut
AF 5,12 Hours,0.6,5,0,0,1,1,1,1,1,0.8333333333333334,1,1,1,1,1,Whipping Cream,AttuneDilut
AF 5,12 Hours,0.7000000000000001,5,0,0,1,1,1,1,1,0.8333333333333334,1,1,1,1,1,Whipping Cream,AttuneDilut
AF 5,12 Hours,0.8000000000000002,5,0,0,1,1,1,1,1,0.8333333333333334,1,1,1,1,1,Whipping Cream,AttuneDilut
AF 5,12 Hours,0.9,5,0,0,1,1,1,1,1,0.8333333333333334,1,1,1,1,1,Whipping Cream,AttuneDilut
AF 5,12 Hours,1,5,0,0,1,1,1,1,1,0.8333333333333334,1,1,1,1,1,Whipping Cream,AttuneDilut
AF 5,12 Hours,1.1,5,0,0,1,1,1,1,1,0.8333333333333334,1,1,1,1,1,Whipping Cream,AttuneDilut
AF 5,12 Hours,1.2000000000000002,5,0,0,1,1,1,1,1,0.8333333333333334,1,1,1,1,1,Whipping Cream,AttuneDilut
AF 5,12 Hours,1.3000000000000003,5,0,0,1,1,1,1,1,0.8333333333333334,1,1,1,1,1,Whipping Cream,AttuneDilut
AF 5,12 Hours,1.4,5,0,0,1,1,1,1,1,0.8333333333333334,1,1,1,1,1,Whipping Cream,AttuneDilut
AF 5,12 Hours,1.5,5,0,0,1,1,1,1,1,0.8333333333333334,1,1,1,1,1,Whipping Cream,AttuneDilut
AF 5,12 Hours,1.6,5,0,0,1,1,1,1,1,0.8333333333333334,1,1,1,1,1,Whipping Cream,AttuneDilut
AF 5,12 Hours,1.7000000000000002,5,0,0,1,1,1,1,1,0.8333333333333334,1,1,1,1,1,Whipping Cream,AttuneDilut
AF 5,12 Hours,1.8000000000000003,5,0,0,1,1,1,1,1,0.8333333333333334,1,1,1,1,1,Whipping Cream,AttuneDilut
AF 5,12 Hours,1.9000000000000004,5,0,0,1,1,1,1,1,0.8333333333333334,1,1,1,1,1,Whipping Cream,AttuneDilut
AF 5,12 Hours,2.0000000000000004,5,0,0,1,1,1,1,1,0.8333333333333334,1,1,1,1,1,Whipping Cream,AttuneDilut
AF 5,12 Hours,2.1,5,0,0,1,1,1,1,1,0.8333333333333334,1,1,1,1,1,Whipping Cream,AttuneDilut
AF 5,12 Hours,2.2,5,0,0,1,1,1,1,1,0.8333333333333334,1,1,1,1,1,Whipping Cream,AttuneDilut
AF 5,12 Hours,2.3000000000000003,5,0,0,1,1,1,1,1,0.8333333333333334,1,1,1,1,1,Whipping Cream,AttuneDilut
AF 5,12 Hours,2.4000000000000004,4,0,1,1,0.8,1,1,0.5,0.8333333333333334,0.8333333333333334,0.888888888888889,0.8,0.6324555320336759,0.8,Whipping Cream,AttuneDilut
AF 5,12 Hours,2.5000000000000004,3,0,2,1,0.6,1,1,0.3333333333333333,0.8333333333333334,0.6666666666666666,0.7499999999999999,0.6,0.44721359549995793,0.6000000000000001,Whipping Cream,AttuneDilut
AF 5,12 Hours,2.6,3,0,2,1,0.6,1,1,0.3333333333333333,0.8333333333333334,0.6666666666666666,0.7499999999999999,0.6,0.44721359549995793,0.6000000000000001,Whipping Cream,AttuneDilut
AF 5,12 Hours,2.7,3,0,2,1,0.6,1,1,0.3333333333333333,0.8333333333333334,0.6666666666666666,0.7499999999999999,0.6,0.44721359549995793,0.6000000000000001,Whipping Cream,AttuneDilut
AF 5,12 Hours,2.8000000000000003,3,0,2,1,0.6,1,1,0.3333333333333333,0.8333333333333334,0.6666666666666666,0.7499999999999999,0.6,0.44721359549995793,0.6000000000000001,Whipping Cream,AttuneDilut
AF 5,12 Hours,2.9000000000000004,2,0,3,1,0.4,1,1,0.25,0.8333333333333334,0.5,0.5714285714285715,0.4,0.31622776601683794,0.3999999999999999,Whipping Cream,AttuneDilut
AF 5,12 Hours,3.0000000000000004,1,0,4,1,0.2,1,1,0.2,0.8333333333333334,0.3333333333333333,0.33333333333333337,0.2,0.2,0.19999999999999996,Whipping Cream,AttuneDilut
AF 5,12 Hours,3.1,1,0,4,1,0.2,1,1,0.2,0.8333333333333334,0.3333333333333333,0.33333333333333337,0.2,0.2,0.19999999999999996,Whipping Cream,AttuneDilut
AF 5,12 Hours,3.2,1,0,4,1,0.2,1,1,0.2,0.8333333333333334,0.3333333333333333,0.33333333333333337,0.2,0.2,0.19999999999999996,Whipping Cream,AttuneDilut
AF 5,12 Hours,3.3000000000000003,0,0,5,1,0,1,NA,0.16666666666666666,0.8333333333333334,0.16666666666666666,NA,0,NA,0,Whipping Cream,AttuneDilut
AF 5,12 Hours,3.4000000000000004,0,0,5,1,0,1,NA,0.16666666666666666,0.8333333333333334,0.16666666666666666,NA,0,NA,0,Whipping Cream,AttuneDilut
AF 5,12 Hours,3.5000000000000004,0,0,5,1,0,1,NA,0.16666666666666666,0.8333333333333334,0.16666666666666666,NA,0,NA,0,Whipping Cream,AttuneDilut
AF 5,12 Hours,3.6,0,0,5,1,0,1,NA,0.16666666666666666,0.8333333333333334,0.16666666666666666,NA,0,NA,0,Whipping Cream,AttuneDilut
AF 5,12 Hours,3.7000000000000006,0,0,5,1,0,1,NA,0.16666666666666666,0.8333333333333334,0.16666666666666666,NA,0,NA,0,Whipping Cream,AttuneDilut
AF 5,12 Hours,3.8000000000000003,0,0,5,1,0,1,NA,0.16666666666666666,0.8333333333333334,0.16666666666666666,NA,0,NA,0,Whipping Cream,AttuneDilut
AF 5,12 Hours,3.9,0,0,5,1,0,1,NA,0.16666666666666666,0.8333333333333334,0.16666666666666666,NA,0,NA,0,Whipping Cream,AttuneDilut
AF 5,12 Hours,4,0,0,5,1,0,1,NA,0.16666666666666666,0.8333333333333334,0.16666666666666666,NA,0,NA,0,Whipping Cream,AttuneDilut
AF 5,12 Hours,4.1,0,0,5,1,0,1,NA,0.16666666666666666,0.8333333333333334,0.16666666666666666,NA,0,NA,0,Whipping Cream,AttuneDilut
AF 5,12 Hours,4.2,0,0,5,1,0,1,NA,0.16666666666666666,0.8333333333333334,0.16666666666666666,NA,0,NA,0,Whipping Cream,AttuneDilut
AF 5,12 Hours,4.3,0,0,5,1,0,1,NA,0.16666666666666666,0.8333333333333334,0.16666666666666666,NA,0,NA,0,Whipping Cream,AttuneDilut
AF 5,12 Hours,4.4,0,0,5,1,0,1,NA,0.16666666666666666,0.8333333333333334,0.16666666666666666,NA,0,NA,0,Whipping Cream,AttuneDilut
AF 5,12 Hours,4.5,0,0,5,1,0,1,NA,0.16666666666666666,0.8333333333333334,0.16666666666666666,NA,0,NA,0,Whipping Cream,AttuneDilut
AF 5,12 Hours,4.6,0,0,5,1,0,1,NA,0.16666666666666666,0.8333333333333334,0.16666666666666666,NA,0,NA,0,Whipping Cream,AttuneDilut
AF 5,12 Hours,4.7,0,0,5,1,0,1,NA,0.16666666666666666,0.8333333333333334,0.16666666666666666,NA,0,NA,0,Whipping Cream,AttuneDilut
AF 5,12 Hours,4.8,0,0,5,1,0,1,NA,0.16666666666666666,0.8333333333333334,0.16666666666666666,NA,0,NA,0,Whipping Cream,AttuneDilut
AF 5,12 Hours,4.9,0,0,5,1,0,1,NA,0.16666666666666666,0.8333333333333334,0.16666666666666666,NA,0,NA,0,Whipping Cream,AttuneDilut
AF 5,12 Hours,5,0,0,5,1,0,1,NA,0.16666666666666666,0.8333333333333334,0.16666666666666666,NA,0,NA,0,Whipping Cream,AttuneDilut
AF 5,12 Hours,5.1,0,0,5,1,0,1,NA,0.16666666666666666,0.8333333333333334,0.16666666666666666,NA,0,NA,0,Whipping Cream,AttuneDilut
AF 5,12 Hours,5.2,0,0,5,1,0,1,NA,0.16666666666666666,0.8333333333333334,0.16666666666666666,NA,0,NA,0,Whipping Cream,AttuneDilut
AF 5,12 Hours,5.3,0,0,5,1,0,1,NA,0.16666666666666666,0.8333333333333334,0.16666666666666666,NA,0,NA,0,Whipping Cream,AttuneDilut
AF 5,12 Hours,5.4,0,0,5,1,0,1,NA,0.16666666666666666,0.8333333333333334,0.16666666666666666,NA,0,NA,0,Whipping Cream,AttuneDilut
AF 5,12 Hours,5.5,0,0,5,1,0,1,NA,0.16666666666666666,0.8333333333333334,0.16666666666666666,NA,0,NA,0,Whipping Cream,AttuneDilut
AF 5,12 Hours,5.6,0,0,5,1,0,1,NA,0.16666666666666666,0.8333333333333334,0.16666666666666666,NA,0,NA,0,Whipping Cream,AttuneDilut
AF 5,12 Hours,5.7,0,0,5,1,0,1,NA,0.16666666666666666,0.8333333333333334,0.16666666666666666,NA,0,NA,0,Whipping Cream,AttuneDilut
AF 5,12 Hours,5.8,0,0,5,1,0,1,NA,0.16666666666666666,0.8333333333333334,0.16666666666666666,NA,0,NA,0,Whipping Cream,AttuneDilut
AF 5,12 Hours,5.9,0,0,5,1,0,1,NA,0.16666666666666666,0.8333333333333334,0.16666666666666666,NA,0,NA,0,Whipping Cream,AttuneDilut
AF 5,12 Hours,6,0,0,5,1,0,1,NA,0.16666666666666666,0.8333333333333334,0.16666666666666666,NA,0,NA,0,Whipping Cream,AttuneDilut
AF 5,12 Hours,6.1,0,0,5,1,0,1,NA,0.16666666666666666,0.8333333333333334,0.16666666666666666,NA,0,NA,0,Whipping Cream,AttuneDilut
AF 5,12 Hours,6.2,0,0,5,1,0,1,NA,0.16666666666666666,0.8333333333333334,0.16666666666666666,NA,0,NA,0,Whipping Cream,AttuneDilut
AF 5,12 Hours,6.3,0,0,5,1,0,1,NA,0.16666666666666666,0.8333333333333334,0.16666666666666666,NA,0,NA,0,Whipping Cream,AttuneDilut
AF 5,12 Hours,6.4,0,0,5,1,0,1,NA,0.16666666666666666,0.8333333333333334,0.16666666666666666,NA,0,NA,0,Whipping Cream,AttuneDilut
AF 5,12 Hours,6.5,0,0,5,1,0,1,NA,0.16666666666666666,0.8333333333333334,0.16666666666666666,NA,0,NA,0,Whipping Cream,AttuneDilut
AF 5,12 Hours,6.6,0,0,5,1,0,1,NA,0.16666666666666666,0.8333333333333334,0.16666666666666666,NA,0,NA,0,Whipping Cream,AttuneDilut
AF 5,12 Hours,6.7,0,0,5,1,0,1,NA,0.16666666666666666,0.8333333333333334,0.16666666666666666,NA,0,NA,0,Whipping Cream,AttuneDilut
AF 5,12 Hours,6.8,0,0,5,1,0,1,NA,0.16666666666666666,0.8333333333333334,0.16666666666666666,NA,0,NA,0,Whipping Cream,AttuneDilut
AF 5,12 Hours,6.9,0,0,5,1,0,1,NA,0.16666666666666666,0.8333333333333334,0.16666666666666666,NA,0,NA,0,Whipping Cream,AttuneDilut
AF 5,12 Hours,7,0,0,5,1,0,1,NA,0.16666666666666666,0.8333333333333334,0.16666666666666666,NA,0,NA,0,Whipping Cream,AttuneDilut
AF 5,12 Hours,7.1,0,0,5,1,0,1,NA,0.16666666666666666,0.8333333333333334,0.16666666666666666,NA,0,NA,0,Whipping Cream,AttuneDilut
AF 5,12 Hours,7.2,0,0,5,1,0,1,NA,0.16666666666666666,0.8333333333333334,0.16666666666666666,NA,0,NA,0,Whipping Cream,AttuneDilut
AF 5,12 Hours,7.3,0,0,5,1,0,1,NA,0.16666666666666666,0.8333333333333334,0.16666666666666666,NA,0,NA,0,Whipping Cream,AttuneDilut
AF 5,12 Hours,7.4,0,0,5,1,0,1,NA,0.16666666666666666,0.8333333333333334,0.16666666666666666,NA,0,NA,0,Whipping Cream,AttuneDilut
AF 5,12 Hours,7.5,0,0,5,1,0,1,NA,0.16666666666666666,0.8333333333333334,0.16666666666666666,NA,0,NA,0,Whipping Cream,AttuneDilut
AF 5,12 Hours,7.6,0,0,5,1,0,1,NA,0.16666666666666666,0.8333333333333334,0.16666666666666666,NA,0,NA,0,Whipping Cream,AttuneDilut
AF 5,12 Hours,7.699999999999999,0,0,5,1,0,1,NA,0.16666666666666666,0.8333333333333334,0.16666666666666666,NA,0,NA,0,Whipping Cream,AttuneDilut
AF 5,12 Hours,7.8,0,0,5,1,0,1,NA,0.16666666666666666,0.8333333333333334,0.16666666666666666,NA,0,NA,0,Whipping Cream,AttuneDilut
AF 5,24 Hours,-0.4,5,1,0,0,1,0,0.8333333333333334,NA,0.8333333333333334,0.8333333333333334,0.9090909090909091,0.8333333333333334,NA,0,Whipping Cream,AttuneDilut
AF 5,24 Hours,-0.30000000000000004,5,0,0,1,1,1,1,1,0.8333333333333334,1,1,1,1,1,Whipping Cream,AttuneDilut
AF 5,24 Hours,-0.2,5,0,0,1,1,1,1,1,0.8333333333333334,1,1,1,1,1,Whipping Cream,AttuneDilut
AF 5,24 Hours,-0.09999999999999998,5,0,0,1,1,1,1,1,0.8333333333333334,1,1,1,1,1,Whipping Cream,AttuneDilut
AF 5,24 Hours,0,5,0,0,1,1,1,1,1,0.8333333333333334,1,1,1,1,1,Whipping Cream,AttuneDilut
AF 5,24 Hours,0.09999999999999998,5,0,0,1,1,1,1,1,0.8333333333333334,1,1,1,1,1,Whipping Cream,AttuneDilut
AF 5,24 Hours,0.20000000000000007,5,0,0,1,1,1,1,1,0.8333333333333334,1,1,1,1,1,Whipping Cream,AttuneDilut
AF 5,24 Hours,0.30000000000000004,5,0,0,1,1,1,1,1,0.8333333333333334,1,1,1,1,1,Whipping Cream,AttuneDilut
AF 5,24 Hours,0.4,5,0,0,1,1,1,1,1,0.8333333333333334,1,1,1,1,1,Whipping Cream,AttuneDilut
AF 5,24 Hours,0.5,5,0,0,1,1,1,1,1,0.8333333333333334,1,1,1,1,1,Whipping Cream,AttuneDilut
AF 5,24 Hours,0.6,5,0,0,1,1,1,1,1,0.8333333333333334,1,1,1,1,1,Whipping Cream,AttuneDilut
AF 5,24 Hours,0.7000000000000001,5,0,0,1,1,1,1,1,0.8333333333333334,1,1,1,1,1,Whipping Cream,AttuneDilut
AF 5,24 Hours,0.8000000000000002,5,0,0,1,1,1,1,1,0.8333333333333334,1,1,1,1,1,Whipping Cream,AttuneDilut
AF 5,24 Hours,0.9,5,0,0,1,1,1,1,1,0.8333333333333334,1,1,1,1,1,Whipping Cream,AttuneDilut
AF 5,24 Hours,1,5,0,0,1,1,1,1,1,0.8333333333333334,1,1,1,1,1,Whipping Cream,AttuneDilut
AF 5,24 Hours,1.1,5,0,0,1,1,1,1,1,0.8333333333333334,1,1,1,1,1,Whipping Cream,AttuneDilut
AF 5,24 Hours,1.2000000000000002,5,0,0,1,1,1,1,1,0.8333333333333334,1,1,1,1,1,Whipping Cream,AttuneDilut
AF 5,24 Hours,1.3000000000000003,5,0,0,1,1,1,1,1,0.8333333333333334,1,1,1,1,1,Whipping Cream,AttuneDilut
AF 5,24 Hours,1.4,5,0,0,1,1,1,1,1,0.8333333333333334,1,1,1,1,1,Whipping Cream,AttuneDilut
AF 5,24 Hours,1.5,5,0,0,1,1,1,1,1,0.8333333333333334,1,1,1,1,1,Whipping Cream,AttuneDilut
AF 5,24 Hours,1.6,5,0,0,1,1,1,1,1,0.8333333333333334,1,1,1,1,1,Whipping Cream,AttuneDilut
AF 5,24 Hours,1.7000000000000002,5,0,0,1,1,1,1,1,0.8333333333333334,1,1,1,1,1,Whipping Cream,AttuneDilut
AF 5,24 Hours,1.8000000000000003,5,0,0,1,1,1,1,1,0.8333333333333334,1,1,1,1,1,Whipping Cream,AttuneDilut
AF 5,24 Hours,1.9000000000000004,5,0,0,1,1,1,1,1,0.8333333333333334,1,1,1,1,1,Whipping Cream,AttuneDilut
AF 5,24 Hours,2.0000000000000004,5,0,0,1,1,1,1,1,0.8333333333333334,1,1,1,1,1,Whipping Cream,AttuneDilut
AF 5,24 Hours,2.1,5,0,0,1,1,1,1,1,0.8333333333333334,1,1,1,1,1,Whipping Cream,AttuneDilut
AF 5,24 Hours,2.2,5,0,0,1,1,1,1,1,0.8333333333333334,1,1,1,1,1,Whipping Cream,AttuneDilut
AF 5,24 Hours,2.3000000000000003,5,0,0,1,1,1,1,1,0.8333333333333334,1,1,1,1,1,Whipping Cream,AttuneDilut
AF 5,24 Hours,2.4000000000000004,5,0,0,1,1,1,1,1,0.8333333333333334,1,1,1,1,1,Whipping Cream,AttuneDilut
AF 5,24 Hours,2.5000000000000004,5,0,0,1,1,1,1,1,0.8333333333333334,1,1,1,1,1,Whipping Cream,AttuneDilut
AF 5,24 Hours,2.6,5,0,0,1,1,1,1,1,0.8333333333333334,1,1,1,1,1,Whipping Cream,AttuneDilut
AF 5,24 Hours,2.7,5,0,0,1,1,1,1,1,0.8333333333333334,1,1,1,1,1,Whipping Cream,AttuneDilut
AF 5,24 Hours,2.8000000000000003,5,0,0,1,1,1,1,1,0.8333333333333334,1,1,1,1,1,Whipping Cream,AttuneDilut
AF 5,24 Hours,2.9000000000000004,5,0,0,1,1,1,1,1,0.8333333333333334,1,1,1,1,1,Whipping Cream,AttuneDilut
AF 5,24 Hours,3.0000000000000004,5,0,0,1,1,1,1,1,0.8333333333333334,1,1,1,1,1,Whipping Cream,AttuneDilut
AF 5,24 Hours,3.1,5,0,0,1,1,1,1,1,0.8333333333333334,1,1,1,1,1,Whipping Cream,AttuneDilut
AF 5,24 Hours,3.2,5,0,0,1,1,1,1,1,0.8333333333333334,1,1,1,1,1,Whipping Cream,AttuneDilut
AF 5,24 Hours,3.3000000000000003,5,0,0,1,1,1,1,1,0.8333333333333334,1,1,1,1,1,Whipping Cream,AttuneDilut
AF 5,24 Hours,3.4000000000000004,3,0,2,1,0.6,1,1,0.3333333333333333,0.8333333333333334,0.6666666666666666,0.7499999999999999,0.6,0.44721359549995793,0.6000000000000001,Whipping Cream,AttuneDilut
AF 5,24 Hours,3.5000000000000004,2,0,3,1,0.4,1,1,0.25,0.8333333333333334,0.5,0.5714285714285715,0.4,0.31622776601683794,0.3999999999999999,Whipping Cream,AttuneDilut
AF 5,24 Hours,3.6,2,0,3,1,0.4,1,1,0.25,0.8333333333333334,0.5,0.5714285714285715,0.4,0.31622776601683794,0.3999999999999999,Whipping Cream,AttuneDilut
AF 5,24 Hours,3.7000000000000006,0,0,5,1,0,1,NA,0.16666666666666666,0.8333333333333334,0.16666666666666666,NA,0,NA,0,Whipping Cream,AttuneDilut
AF 5,24 Hours,3.8000000000000003,0,0,5,1,0,1,NA,0.16666666666666666,0.8333333333333334,0.16666666666666666,NA,0,NA,0,Whipping Cream,AttuneDilut
AF 5,24 Hours,3.9,0,0,5,1,0,1,NA,0.16666666666666666,0.8333333333333334,0.16666666666666666,NA,0,NA,0,Whipping Cream,AttuneDilut
AF 5,24 Hours,4,0,0,5,1,0,1,NA,0.16666666666666666,0.8333333333333334,0.16666666666666666,NA,0,NA,0,Whipping Cream,AttuneDilut
AF 5,24 Hours,4.1,0,0,5,1,0,1,NA,0.16666666666666666,0.8333333333333334,0.16666666666666666,NA,0,NA,0,Whipping Cream,AttuneDilut
AF 5,24 Hours,4.2,0,0,5,1,0,1,NA,0.16666666666666666,0.8333333333333334,0.16666666666666666,NA,0,NA,0,Whipping Cream,AttuneDilut
AF 5,24 Hours,4.3,0,0,5,1,0,1,NA,0.16666666666666666,0.8333333333333334,0.16666666666666666,NA,0,NA,0,Whipping Cream,AttuneDilut
AF 5,24 Hours,4.4,0,0,5,1,0,1,NA,0.16666666666666666,0.8333333333333334,0.16666666666666666,NA,0,NA,0,Whipping Cream,AttuneDilut
AF 5,24 Hours,4.5,0,0,5,1,0,1,NA,0.16666666666666666,0.8333333333333334,0.16666666666666666,NA,0,NA,0,Whipping Cream,AttuneDilut
AF 5,24 Hours,4.6,0,0,5,1,0,1,NA,0.16666666666666666,0.8333333333333334,0.16666666666666666,NA,0,NA,0,Whipping Cream,AttuneDilut
AF 5,24 Hours,4.7,0,0,5,1,0,1,NA,0.16666666666666666,0.8333333333333334,0.16666666666666666,NA,0,NA,0,Whipping Cream,AttuneDilut
AF 5,24 Hours,4.8,0,0,5,1,0,1,NA,0.16666666666666666,0.8333333333333334,0.16666666666666666,NA,0,NA,0,Whipping Cream,AttuneDilut
AF 5,24 Hours,4.9,0,0,5,1,0,1,NA,0.16666666666666666,0.8333333333333334,0.16666666666666666,NA,0,NA,0,Whipping Cream,AttuneDilut
AF 5,24 Hours,5,0,0,5,1,0,1,NA,0.16666666666666666,0.8333333333333334,0.16666666666666666,NA,0,NA,0,Whipping Cream,AttuneDilut
AF 5,24 Hours,5.1,0,0,5,1,0,1,NA,0.16666666666666666,0.8333333333333334,0.16666666666666666,NA,0,NA,0,Whipping Cream,AttuneDilut
AF 5,24 Hours,5.2,0,0,5,1,0,1,NA,0.16666666666666666,0.8333333333333334,0.16666666666666666,NA,0,NA,0,Whipping Cream,AttuneDilut
AF 5,24 Hours,5.3,0,0,5,1,0,1,NA,0.16666666666666666,0.8333333333333334,0.16666666666666666,NA,0,NA,0,Whipping Cream,AttuneDilut
AF 5,24 Hours,5.4,0,0,5,1,0,1,NA,0.16666666666666666,0.8333333333333334,0.16666666666666666,NA,0,NA,0,Whipping Cream,AttuneDilut
AF 5,24 Hours,5.5,0,0,5,1,0,1,NA,0.16666666666666666,0.8333333333333334,0.16666666666666666,NA,0,NA,0,Whipping Cream,AttuneDilut
AF 5,24 Hours,5.6,0,0,5,1,0,1,NA,0.16666666666666666,0.8333333333333334,0.16666666666666666,NA,0,NA,0,Whipping Cream,AttuneDilut
AF 5,24 Hours,5.7,0,0,5,1,0,1,NA,0.16666666666666666,0.8333333333333334,0.16666666666666666,NA,0,NA,0,Whipping Cream,AttuneDilut
AF 5,24 Hours,5.8,0,0,5,1,0,1,NA,0.16666666666666666,0.8333333333333334,0.16666666666666666,NA,0,NA,0,Whipping Cream,AttuneDilut
AF 5,24 Hours,5.9,0,0,5,1,0,1,NA,0.16666666666666666,0.8333333333333334,0.16666666666666666,NA,0,NA,0,Whipping Cream,AttuneDilut
AF 5,24 Hours,6,0,0,5,1,0,1,NA,0.16666666666666666,0.8333333333333334,0.16666666666666666,NA,0,NA,0,Whipping Cream,AttuneDilut
AF 5,24 Hours,6.1,0,0,5,1,0,1,NA,0.16666666666666666,0.8333333333333334,0.16666666666666666,NA,0,NA,0,Whipping Cream,AttuneDilut
AF 5,24 Hours,6.2,0,0,5,1,0,1,NA,0.16666666666666666,0.8333333333333334,0.16666666666666666,NA,0,NA,0,Whipping Cream,AttuneDilut
AF 5,24 Hours,6.3,0,0,5,1,0,1,NA,0.16666666666666666,0.8333333333333334,0.16666666666666666,NA,0,NA,0,Whipping Cream,AttuneDilut
AF 5,24 Hours,6.4,0,0,5,1,0,1,NA,0.16666666666666666,0.8333333333333334,0.16666666666666666,NA,0,NA,0,Whipping Cream,AttuneDilut
AF 5,24 Hours,6.5,0,0,5,1,0,1,NA,0.16666666666666666,0.8333333333333334,0.16666666666666666,NA,0,NA,0,Whipping Cream,AttuneDilut
AF 5,24 Hours,6.6,0,0,5,1,0,1,NA,0.16666666666666666,0.8333333333333334,0.16666666666666666,NA,0,NA,0,Whipping Cream,AttuneDilut
AF 5,24 Hours,6.7,0,0,5,1,0,1,NA,0.16666666666666666,0.8333333333333334,0.16666666666666666,NA,0,NA,0,Whipping Cream,AttuneDilut
AF 5,24 Hours,6.8,0,0,5,1,0,1,NA,0.16666666666666666,0.8333333333333334,0.16666666666666666,NA,0,NA,0,Whipping Cream,AttuneDilut
AF 5,24 Hours,6.9,0,0,5,1,0,1,NA,0.16666666666666666,0.8333333333333334,0.16666666666666666,NA,0,NA,0,Whipping Cream,AttuneDilut
AF 5,24 Hours,7,0,0,5,1,0,1,NA,0.16666666666666666,0.8333333333333334,0.16666666666666666,NA,0,NA,0,Whipping Cream,AttuneDilut
AF 5,24 Hours,7.1,0,0,5,1,0,1,NA,0.16666666666666666,0.8333333333333334,0.16666666666666666,NA,0,NA,0,Whipping Cream,AttuneDilut
AF 5,24 Hours,7.2,0,0,5,1,0,1,NA,0.16666666666666666,0.8333333333333334,0.16666666666666666,NA,0,NA,0,Whipping Cream,AttuneDilut
AF 5,24 Hours,7.3,0,0,5,1,0,1,NA,0.16666666666666666,0.8333333333333334,0.16666666666666666,NA,0,NA,0,Whipping Cream,AttuneDilut
AF 5,24 Hours,7.4,0,0,5,1,0,1,NA,0.16666666666666666,0.8333333333333334,0.16666666666666666,NA,0,NA,0,Whipping Cream,AttuneDilut
AF 5,24 Hours,7.5,0,0,5,1,0,1,NA,0.16666666666666666,0.8333333333333334,0.16666666666666666,NA,0,NA,0,Whipping Cream,AttuneDilut
AF 5,24 Hours,7.6,0,0,5,1,0,1,NA,0.16666666666666666,0.8333333333333334,0.16666666666666666,NA,0,NA,0,Whipping Cream,AttuneDilut
AF 5,24 Hours,7.699999999999999,0,0,5,1,0,1,NA,0.16666666666666666,0.8333333333333334,0.16666666666666666,NA,0,NA,0,Whipping Cream,AttuneDilut
AF 5,24 Hours,7.8,0,0,5,1,0,1,NA,0.16666666666666666,0.8333333333333334,0.16666666666666666,NA,0,NA,0,Whipping Cream,AttuneDilut
AF 5,48 Hours,-0.4,5,1,0,0,1,0,0.8333333333333334,NA,0.8333333333333334,0.8333333333333334,0.9090909090909091,0.8333333333333334,NA,0,Whipping Cream,AttuneDilut
AF 5,48 Hours,-0.30000000000000004,5,0,0,1,1,1,1,1,0.8333333333333334,1,1,1,1,1,Whipping Cream,AttuneDilut
AF 5,48 Hours,-0.2,5,0,0,1,1,1,1,1,0.8333333333333334,1,1,1,1,1,Whipping Cream,AttuneDilut
AF 5,48 Hours,-0.09999999999999998,5,0,0,1,1,1,1,1,0.8333333333333334,1,1,1,1,1,Whipping Cream,AttuneDilut
AF 5,48 Hours,0,5,0,0,1,1,1,1,1,0.8333333333333334,1,1,1,1,1,Whipping Cream,AttuneDilut
AF 5,48 Hours,0.09999999999999998,5,0,0,1,1,1,1,1,0.8333333333333334,1,1,1,1,1,Whipping Cream,AttuneDilut
AF 5,48 Hours,0.20000000000000007,5,0,0,1,1,1,1,1,0.8333333333333334,1,1,1,1,1,Whipping Cream,AttuneDilut
AF 5,48 Hours,0.30000000000000004,5,0,0,1,1,1,1,1,0.8333333333333334,1,1,1,1,1,Whipping Cream,AttuneDilut
AF 5,48 Hours,0.4,5,0,0,1,1,1,1,1,0.8333333333333334,1,1,1,1,1,Whipping Cream,AttuneDilut
AF 5,48 Hours,0.5,5,0,0,1,1,1,1,1,0.8333333333333334,1,1,1,1,1,Whipping Cream,AttuneDilut
AF 5,48 Hours,0.6,5,0,0,1,1,1,1,1,0.8333333333333334,1,1,1,1,1,Whipping Cream,AttuneDilut
AF 5,48 Hours,0.7000000000000001,5,0,0,1,1,1,1,1,0.8333333333333334,1,1,1,1,1,Whipping Cream,AttuneDilut
AF 5,48 Hours,0.8000000000000002,5,0,0,1,1,1,1,1,0.8333333333333334,1,1,1,1,1,Whipping Cream,AttuneDilut
AF 5,48 Hours,0.9,5,0,0,1,1,1,1,1,0.8333333333333334,1,1,1,1,1,Whipping Cream,AttuneDilut
AF 5,48 Hours,1,5,0,0,1,1,1,1,1,0.8333333333333334,1,1,1,1,1,Whipping Cream,AttuneDilut
AF 5,48 Hours,1.1,5,0,0,1,1,1,1,1,0.8333333333333334,1,1,1,1,1,Whipping Cream,AttuneDilut
AF 5,48 Hours,1.2000000000000002,5,0,0,1,1,1,1,1,0.8333333333333334,1,1,1,1,1,Whipping Cream,AttuneDilut
AF 5,48 Hours,1.3000000000000003,5,0,0,1,1,1,1,1,0.8333333333333334,1,1,1,1,1,Whipping Cream,AttuneDilut
AF 5,48 Hours,1.4,5,0,0,1,1,1,1,1,0.8333333333333334,1,1,1,1,1,Whipping Cream,AttuneDilut
AF 5,48 Hours,1.5,5,0,0,1,1,1,1,1,0.8333333333333334,1,1,1,1,1,Whipping Cream,AttuneDilut
AF 5,48 Hours,1.6,5,0,0,1,1,1,1,1,0.8333333333333334,1,1,1,1,1,Whipping Cream,AttuneDilut
AF 5,48 Hours,1.7000000000000002,5,0,0,1,1,1,1,1,0.8333333333333334,1,1,1,1,1,Whipping Cream,AttuneDilut
AF 5,48 Hours,1.8000000000000003,5,0,0,1,1,1,1,1,0.8333333333333334,1,1,1,1,1,Whipping Cream,AttuneDilut
AF 5,48 Hours,1.9000000000000004,5,0,0,1,1,1,1,1,0.8333333333333334,1,1,1,1,1,Whipping Cream,AttuneDilut
AF 5,48 Hours,2.0000000000000004,5,0,0,1,1,1,1,1,0.8333333333333334,1,1,1,1,1,Whipping Cream,AttuneDilut
AF 5,48 Hours,2.1,5,0,0,1,1,1,1,1,0.8333333333333334,1,1,1,1,1,Whipping Cream,AttuneDilut
AF 5,48 Hours,2.2,5,0,0,1,1,1,1,1,0.8333333333333334,1,1,1,1,1,Whipping Cream,AttuneDilut
AF 5,48 Hours,2.3000000000000003,5,0,0,1,1,1,1,1,0.8333333333333334,1,1,1,1,1,Whipping Cream,AttuneDilut
AF 5,48 Hours,2.4000000000000004,5,0,0,1,1,1,1,1,0.8333333333333334,1,1,1,1,1,Whipping Cream,AttuneDilut
AF 5,48 Hours,2.5000000000000004,5,0,0,1,1,1,1,1,0.8333333333333334,1,1,1,1,1,Whipping Cream,AttuneDilut
AF 5,48 Hours,2.6,5,0,0,1,1,1,1,1,0.8333333333333334,1,1,1,1,1,Whipping Cream,AttuneDilut
AF 5,48 Hours,2.7,5,0,0,1,1,1,1,1,0.8333333333333334,1,1,1,1,1,Whipping Cream,AttuneDilut
AF 5,48 Hours,2.8000000000000003,5,0,0,1,1,1,1,1,0.8333333333333334,1,1,1,1,1,Whipping Cream,AttuneDilut
AF 5,48 Hours,2.9000000000000004,5,0,0,1,1,1,1,1,0.8333333333333334,1,1,1,1,1,Whipping Cream,AttuneDilut
AF 5,48 Hours,3.0000000000000004,5,0,0,1,1,1,1,1,0.8333333333333334,1,1,1,1,1,Whipping Cream,AttuneDilut
AF 5,48 Hours,3.1,5,0,0,1,1,1,1,1,0.8333333333333334,1,1,1,1,1,Whipping Cream,AttuneDilut
AF 5,48 Hours,3.2,5,0,0,1,1,1,1,1,0.8333333333333334,1,1,1,1,1,Whipping Cream,AttuneDilut
AF 5,48 Hours,3.3000000000000003,4,0,1,1,0.8,1,1,0.5,0.8333333333333334,0.8333333333333334,0.888888888888889,0.8,0.6324555320336759,0.8,Whipping Cream,AttuneDilut
AF 5,48 Hours,3.4000000000000004,4,0,1,1,0.8,1,1,0.5,0.8333333333333334,0.8333333333333334,0.888888888888889,0.8,0.6324555320336759,0.8,Whipping Cream,AttuneDilut
AF 5,48 Hours,3.5000000000000004,3,0,2,1,0.6,1,1,0.3333333333333333,0.8333333333333334,0.6666666666666666,0.7499999999999999,0.6,0.44721359549995793,0.6000000000000001,Whipping Cream,AttuneDilut
AF 5,48 Hours,3.6,3,0,2,1,0.6,1,1,0.3333333333333333,0.8333333333333334,0.6666666666666666,0.7499999999999999,0.6,0.44721359549995793,0.6000000000000001,Whipping Cream,AttuneDilut
AF 5,48 Hours,3.7000000000000006,1,0,4,1,0.2,1,1,0.2,0.8333333333333334,0.3333333333333333,0.33333333333333337,0.2,0.2,0.19999999999999996,Whipping Cream,AttuneDilut
AF 5,48 Hours,3.8000000000000003,1,0,4,1,0.2,1,1,0.2,0.8333333333333334,0.3333333333333333,0.33333333333333337,0.2,0.2,0.19999999999999996,Whipping Cream,AttuneDilut
AF 5,48 Hours,3.9,0,0,5,1,0,1,NA,0.16666666666666666,0.8333333333333334,0.16666666666666666,NA,0,NA,0,Whipping Cream,AttuneDilut
AF 5,48 Hours,4,0,0,5,1,0,1,NA,0.16666666666666666,0.8333333333333334,0.16666666666666666,NA,0,NA,0,Whipping Cream,AttuneDilut
AF 5,48 Hours,4.1,0,0,5,1,0,1,NA,0.16666666666666666,0.8333333333333334,0.16666666666666666,NA,0,NA,0,Whipping Cream,AttuneDilut
AF 5,48 Hours,4.2,0,0,5,1,0,1,NA,0.16666666666666666,0.8333333333333334,0.16666666666666666,NA,0,NA,0,Whipping Cream,AttuneDilut
AF 5,48 Hours,4.3,0,0,5,1,0,1,NA,0.16666666666666666,0.8333333333333334,0.16666666666666666,NA,0,NA,0,Whipping Cream,AttuneDilut
AF 5,48 Hours,4.4,0,0,5,1,0,1,NA,0.16666666666666666,0.8333333333333334,0.16666666666666666,NA,0,NA,0,Whipping Cream,AttuneDilut
AF 5,48 Hours,4.5,0,0,5,1,0,1,NA,0.16666666666666666,0.8333333333333334,0.16666666666666666,NA,0,NA,0,Whipping Cream,AttuneDilut
AF 5,48 Hours,4.6,0,0,5,1,0,1,NA,0.16666666666666666,0.8333333333333334,0.16666666666666666,NA,0,NA,0,Whipping Cream,AttuneDilut
AF 5,48 Hours,4.7,0,0,5,1,0,1,NA,0.16666666666666666,0.8333333333333334,0.16666666666666666,NA,0,NA,0,Whipping Cream,AttuneDilut
AF 5,48 Hours,4.8,0,0,5,1,0,1,NA,0.16666666666666666,0.8333333333333334,0.16666666666666666,NA,0,NA,0,Whipping Cream,AttuneDilut
AF 5,48 Hours,4.9,0,0,5,1,0,1,NA,0.16666666666666666,0.8333333333333334,0.16666666666666666,NA,0,NA,0,Whipping Cream,AttuneDilut
AF 5,48 Hours,5,0,0,5,1,0,1,NA,0.16666666666666666,0.8333333333333334,0.16666666666666666,NA,0,NA,0,Whipping Cream,AttuneDilut
AF 5,48 Hours,5.1,0,0,5,1,0,1,NA,0.16666666666666666,0.8333333333333334,0.16666666666666666,NA,0,NA,0,Whipping Cream,AttuneDilut
AF 5,48 Hours,5.2,0,0,5,1,0,1,NA,0.16666666666666666,0.8333333333333334,0.16666666666666666,NA,0,NA,0,Whipping Cream,AttuneDilut
AF 5,48 Hours,5.3,0,0,5,1,0,1,NA,0.16666666666666666,0.8333333333333334,0.16666666666666666,NA,0,NA,0,Whipping Cream,AttuneDilut
AF 5,48 Hours,5.4,0,0,5,1,0,1,NA,0.16666666666666666,0.8333333333333334,0.16666666666666666,NA,0,NA,0,Whipping Cream,AttuneDilut
AF 5,48 Hours,5.5,0,0,5,1,0,1,NA,0.16666666666666666,0.8333333333333334,0.16666666666666666,NA,0,NA,0,Whipping Cream,AttuneDilut
AF 5,48 Hours,5.6,0,0,5,1,0,1,NA,0.16666666666666666,0.8333333333333334,0.16666666666666666,NA,0,NA,0,Whipping Cream,AttuneDilut
AF 5,48 Hours,5.7,0,0,5,1,0,1,NA,0.16666666666666666,0.8333333333333334,0.16666666666666666,NA,0,NA,0,Whipping Cream,AttuneDilut
AF 5,48 Hours,5.8,0,0,5,1,0,1,NA,0.16666666666666666,0.8333333333333334,0.16666666666666666,NA,0,NA,0,Whipping Cream,AttuneDilut
AF 5,48 Hours,5.9,0,0,5,1,0,1,NA,0.16666666666666666,0.8333333333333334,0.16666666666666666,NA,0,NA,0,Whipping Cream,AttuneDilut
AF 5,48 Hours,6,0,0,5,1,0,1,NA,0.16666666666666666,0.8333333333333334,0.16666666666666666,NA,0,NA,0,Whipping Cream,AttuneDilut
AF 5,48 Hours,6.1,0,0,5,1,0,1,NA,0.16666666666666666,0.8333333333333334,0.16666666666666666,NA,0,NA,0,Whipping Cream,AttuneDilut
AF 5,48 Hours,6.2,0,0,5,1,0,1,NA,0.16666666666666666,0.8333333333333334,0.16666666666666666,NA,0,NA,0,Whipping Cream,AttuneDilut
AF 5,48 Hours,6.3,0,0,5,1,0,1,NA,0.16666666666666666,0.8333333333333334,0.16666666666666666,NA,0,NA,0,Whipping Cream,AttuneDilut
AF 5,48 Hours,6.4,0,0,5,1,0,1,NA,0.16666666666666666,0.8333333333333334,0.16666666666666666,NA,0,NA,0,Whipping Cream,AttuneDilut
AF 5,48 Hours,6.5,0,0,5,1,0,1,NA,0.16666666666666666,0.8333333333333334,0.16666666666666666,NA,0,NA,0,Whipping Cream,AttuneDilut
AF 5,48 Hours,6.6,0,0,5,1,0,1,NA,0.16666666666666666,0.8333333333333334,0.16666666666666666,NA,0,NA,0,Whipping Cream,AttuneDilut
AF 5,48 Hours,6.7,0,0,5,1,0,1,NA,0.16666666666666666,0.8333333333333334,0.16666666666666666,NA,0,NA,0,Whipping Cream,AttuneDilut
AF 5,48 Hours,6.8,0,0,5,1,0,1,NA,0.16666666666666666,0.8333333333333334,0.16666666666666666,NA,0,NA,0,Whipping Cream,AttuneDilut
AF 5,48 Hours,6.9,0,0,5,1,0,1,NA,0.16666666666666666,0.8333333333333334,0.16666666666666666,NA,0,NA,0,Whipping Cream,AttuneDilut
AF 5,48 Hours,7,0,0,5,1,0,1,NA,0.16666666666666666,0.8333333333333334,0.16666666666666666,NA,0,NA,0,Whipping Cream,AttuneDilut
AF 5,48 Hours,7.1,0,0,5,1,0,1,NA,0.16666666666666666,0.8333333333333334,0.16666666666666666,NA,0,NA,0,Whipping Cream,AttuneDilut
AF 5,48 Hours,7.2,0,0,5,1,0,1,NA,0.16666666666666666,0.8333333333333334,0.16666666666666666,NA,0,NA,0,Whipping Cream,AttuneDilut
AF 5,48 Hours,7.3,0,0,5,1,0,1,NA,0.16666666666666666,0.8333333333333334,0.16666666666666666,NA,0,NA,0,Whipping Cream,AttuneDilut
AF 5,48 Hours,7.4,0,0,5,1,0,1,NA,0.16666666666666666,0.8333333333333334,0.16666666666666666,NA,0,NA,0,Whipping Cream,AttuneDilut
AF 5,48 Hours,7.5,0,0,5,1,0,1,NA,0.16666666666666666,0.8333333333333334,0.16666666666666666,NA,0,NA,0,Whipping Cream,AttuneDilut
AF 5,48 Hours,7.6,0,0,5,1,0,1,NA,0.16666666666666666,0.8333333333333334,0.16666666666666666,NA,0,NA,0,Whipping Cream,AttuneDilut
AF 5,48 Hours,7.699999999999999,0,0,5,1,0,1,NA,0.16666666666666666,0.8333333333333334,0.16666666666666666,NA,0,NA,0,Whipping Cream,AttuneDilut
AF 5,48 Hours,7.8,0,0,5,1,0,1,NA,0.16666666666666666,0.8333333333333334,0.16666666666666666,NA,0,NA,0,Whipping Cream,AttuneDilut
AF 5,72 Hours,-0.4,5,1,0,0,1,0,0.8333333333333334,NA,0.8333333333333334,0.8333333333333334,0.9090909090909091,0.8333333333333334,NA,0,Whipping Cream,AttuneDilut
AF 5,72 Hours,-0.30000000000000004,5,1,0,0,1,0,0.8333333333333334,NA,0.8333333333333334,0.8333333333333334,0.9090909090909091,0.8333333333333334,NA,0,Whipping Cream,AttuneDilut
AF 5,72 Hours,-0.2,5,1,0,0,1,0,0.8333333333333334,NA,0.8333333333333334,0.8333333333333334,0.9090909090909091,0.8333333333333334,NA,0,Whipping Cream,AttuneDilut
AF 5,72 Hours,-0.09999999999999998,5,1,0,0,1,0,0.8333333333333334,NA,0.8333333333333334,0.8333333333333334,0.9090909090909091,0.8333333333333334,NA,0,Whipping Cream,AttuneDilut
AF 5,72 Hours,0,5,1,0,0,1,0,0.8333333333333334,NA,0.8333333333333334,0.8333333333333334,0.9090909090909091,0.8333333333333334,NA,0,Whipping Cream,AttuneDilut
AF 5,72 Hours,0.09999999999999998,5,1,0,0,1,0,0.8333333333333334,NA,0.8333333333333334,0.8333333333333334,0.9090909090909091,0.8333333333333334,NA,0,Whipping Cream,AttuneDilut
AF 5,72 Hours,0.20000000000000007,5,1,0,0,1,0,0.8333333333333334,NA,0.8333333333333334,0.8333333333333334,0.9090909090909091,0.8333333333333334,NA,0,Whipping Cream,AttuneDilut
AF 5,72 Hours,0.30000000000000004,5,1,0,0,1,0,0.8333333333333334,NA,0.8333333333333334,0.8333333333333334,0.9090909090909091,0.8333333333333334,NA,0,Whipping Cream,AttuneDilut
AF 5,72 Hours,0.4,5,1,0,0,1,0,0.8333333333333334,NA,0.8333333333333334,0.8333333333333334,0.9090909090909091,0.8333333333333334,NA,0,Whipping Cream,AttuneDilut
AF 5,72 Hours,0.5,5,1,0,0,1,0,0.8333333333333334,NA,0.8333333333333334,0.8333333333333334,0.9090909090909091,0.8333333333333334,NA,0,Whipping Cream,AttuneDilut
AF 5,72 Hours,0.6,5,1,0,0,1,0,0.8333333333333334,NA,0.8333333333333334,0.8333333333333334,0.9090909090909091,0.8333333333333334,NA,0,Whipping Cream,AttuneDilut
AF 5,72 Hours,0.7000000000000001,5,1,0,0,1,0,0.8333333333333334,NA,0.8333333333333334,0.8333333333333334,0.9090909090909091,0.8333333333333334,NA,0,Whipping Cream,AttuneDilut
AF 5,72 Hours,0.8000000000000002,5,1,0,0,1,0,0.8333333333333334,NA,0.8333333333333334,0.8333333333333334,0.9090909090909091,0.8333333333333334,NA,0,Whipping Cream,AttuneDilut
AF 5,72 Hours,0.9,5,1,0,0,1,0,0.8333333333333334,NA,0.8333333333333334,0.8333333333333334,0.9090909090909091,0.8333333333333334,NA,0,Whipping Cream,AttuneDilut
AF 5,72 Hours,1,5,1,0,0,1,0,0.8333333333333334,NA,0.8333333333333334,0.8333333333333334,0.9090909090909091,0.8333333333333334,NA,0,Whipping Cream,AttuneDilut
AF 5,72 Hours,1.1,5,1,0,0,1,0,0.8333333333333334,NA,0.8333333333333334,0.8333333333333334,0.9090909090909091,0.8333333333333334,NA,0,Whipping Cream,AttuneDilut
AF 5,72 Hours,1.2000000000000002,5,1,0,0,1,0,0.8333333333333334,NA,0.8333333333333334,0.8333333333333334,0.9090909090909091,0.8333333333333334,NA,0,Whipping Cream,AttuneDilut
AF 5,72 Hours,1.3000000000000003,5,1,0,0,1,0,0.8333333333333334,NA,0.8333333333333334,0.8333333333333334,0.9090909090909091,0.8333333333333334,NA,0,Whipping Cream,AttuneDilut
AF 5,72 Hours,1.4,5,1,0,0,1,0,0.8333333333333334,NA,0.8333333333333334,0.8333333333333334,0.9090909090909091,0.8333333333333334,NA,0,Whipping Cream,AttuneDilut
AF 5,72 Hours,1.5,5,1,0,0,1,0,0.8333333333333334,NA,0.8333333333333334,0.8333333333333334,0.9090909090909091,0.8333333333333334,NA,0,Whipping Cream,AttuneDilut
AF 5,72 Hours,1.6,5,1,0,0,1,0,0.8333333333333334,NA,0.8333333333333334,0.8333333333333334,0.9090909090909091,0.8333333333333334,NA,0,Whipping Cream,AttuneDilut
AF 5,72 Hours,1.7000000000000002,5,1,0,0,1,0,0.8333333333333334,NA,0.8333333333333334,0.8333333333333334,0.9090909090909091,0.8333333333333334,NA,0,Whipping Cream,AttuneDilut
AF 5,72 Hours,1.8000000000000003,5,1,0,0,1,0,0.8333333333333334,NA,0.8333333333333334,0.8333333333333334,0.9090909090909091,0.8333333333333334,NA,0,Whipping Cream,AttuneDilut
AF 5,72 Hours,1.9000000000000004,5,1,0,0,1,0,0.8333333333333334,NA,0.8333333333333334,0.8333333333333334,0.9090909090909091,0.8333333333333334,NA,0,Whipping Cream,AttuneDilut
AF 5,72 Hours,2.0000000000000004,5,0,0,1,1,1,1,1,0.8333333333333334,1,1,1,1,1,Whipping Cream,AttuneDilut
AF 5,72 Hours,2.1,5,0,0,1,1,1,1,1,0.8333333333333334,1,1,1,1,1,Whipping Cream,AttuneDilut
AF 5,72 Hours,2.2,5,0,0,1,1,1,1,1,0.8333333333333334,1,1,1,1,1,Whipping Cream,AttuneDilut
AF 5,72 Hours,2.3000000000000003,5,0,0,1,1,1,1,1,0.8333333333333334,1,1,1,1,1,Whipping Cream,AttuneDilut
AF 5,72 Hours,2.4000000000000004,5,0,0,1,1,1,1,1,0.8333333333333334,1,1,1,1,1,Whipping Cream,AttuneDilut
AF 5,72 Hours,2.5000000000000004,5,0,0,1,1,1,1,1,0.8333333333333334,1,1,1,1,1,Whipping Cream,AttuneDilut
AF 5,72 Hours,2.6,5,0,0,1,1,1,1,1,0.8333333333333334,1,1,1,1,1,Whipping Cream,AttuneDilut
AF 5,72 Hours,2.7,5,0,0,1,1,1,1,1,0.8333333333333334,1,1,1,1,1,Whipping Cream,AttuneDilut
AF 5,72 Hours,2.8000000000000003,5,0,0,1,1,1,1,1,0.8333333333333334,1,1,1,1,1,Whipping Cream,AttuneDilut
AF 5,72 Hours,2.9000000000000004,5,0,0,1,1,1,1,1,0.8333333333333334,1,1,1,1,1,Whipping Cream,AttuneDilut
AF 5,72 Hours,3.0000000000000004,4,0,1,1,0.8,1,1,0.5,0.8333333333333334,0.8333333333333334,0.888888888888889,0.8,0.6324555320336759,0.8,Whipping Cream,AttuneDilut
AF 5,72 Hours,3.1,4,0,1,1,0.8,1,1,0.5,0.8333333333333334,0.8333333333333334,0.888888888888889,0.8,0.6324555320336759,0.8,Whipping Cream,AttuneDilut
AF 5,72 Hours,3.2,3,0,2,1,0.6,1,1,0.3333333333333333,0.8333333333333334,0.6666666666666666,0.7499999999999999,0.6,0.44721359549995793,0.6000000000000001,Whipping Cream,AttuneDilut
AF 5,72 Hours,3.3000000000000003,2,0,3,1,0.4,1,1,0.25,0.8333333333333334,0.5,0.5714285714285715,0.4,0.31622776601683794,0.3999999999999999,Whipping Cream,AttuneDilut
AF 5,72 Hours,3.4000000000000004,2,0,3,1,0.4,1,1,0.25,0.8333333333333334,0.5,0.5714285714285715,0.4,0.31622776601683794,0.3999999999999999,Whipping Cream,AttuneDilut
AF 5,72 Hours,3.5000000000000004,1,0,4,1,0.2,1,1,0.2,0.8333333333333334,0.3333333333333333,0.33333333333333337,0.2,0.2,0.19999999999999996,Whipping Cream,AttuneDilut
AF 5,72 Hours,3.6,1,0,4,1,0.2,1,1,0.2,0.8333333333333334,0.3333333333333333,0.33333333333333337,0.2,0.2,0.19999999999999996,Whipping Cream,AttuneDilut
AF 5,72 Hours,3.7000000000000006,1,0,4,1,0.2,1,1,0.2,0.8333333333333334,0.3333333333333333,0.33333333333333337,0.2,0.2,0.19999999999999996,Whipping Cream,AttuneDilut
AF 5,72 Hours,3.8000000000000003,1,0,4,1,0.2,1,1,0.2,0.8333333333333334,0.3333333333333333,0.33333333333333337,0.2,0.2,0.19999999999999996,Whipping Cream,AttuneDilut
AF 5,72 Hours,3.9,1,0,4,1,0.2,1,1,0.2,0.8333333333333334,0.3333333333333333,0.33333333333333337,0.2,0.2,0.19999999999999996,Whipping Cream,AttuneDilut
AF 5,72 Hours,4,1,0,4,1,0.2,1,1,0.2,0.8333333333333334,0.3333333333333333,0.33333333333333337,0.2,0.2,0.19999999999999996,Whipping Cream,AttuneDilut
AF 5,72 Hours,4.1,0,0,5,1,0,1,NA,0.16666666666666666,0.8333333333333334,0.16666666666666666,NA,0,NA,0,Whipping Cream,AttuneDilut
AF 5,72 Hours,4.2,0,0,5,1,0,1,NA,0.16666666666666666,0.8333333333333334,0.16666666666666666,NA,0,NA,0,Whipping Cream,AttuneDilut
AF 5,72 Hours,4.3,0,0,5,1,0,1,NA,0.16666666666666666,0.8333333333333334,0.16666666666666666,NA,0,NA,0,Whipping Cream,AttuneDilut
AF 5,72 Hours,4.4,0,0,5,1,0,1,NA,0.16666666666666666,0.8333333333333334,0.16666666666666666,NA,0,NA,0,Whipping Cream,AttuneDilut
AF 5,72 Hours,4.5,0,0,5,1,0,1,NA,0.16666666666666666,0.8333333333333334,0.16666666666666666,NA,0,NA,0,Whipping Cream,AttuneDilut
AF 5,72 Hours,4.6,0,0,5,1,0,1,NA,0.16666666666666666,0.8333333333333334,0.16666666666666666,NA,0,NA,0,Whipping Cream,AttuneDilut
AF 5,72 Hours,4.7,0,0,5,1,0,1,NA,0.16666666666666666,0.8333333333333334,0.16666666666666666,NA,0,NA,0,Whipping Cream,AttuneDilut
AF 5,72 Hours,4.8,0,0,5,1,0,1,NA,0.16666666666666666,0.8333333333333334,0.16666666666666666,NA,0,NA,0,Whipping Cream,AttuneDilut
AF 5,72 Hours,4.9,0,0,5,1,0,1,NA,0.16666666666666666,0.8333333333333334,0.16666666666666666,NA,0,NA,0,Whipping Cream,AttuneDilut
AF 5,72 Hours,5,0,0,5,1,0,1,NA,0.16666666666666666,0.8333333333333334,0.16666666666666666,NA,0,NA,0,Whipping Cream,AttuneDilut
AF 5,72 Hours,5.1,0,0,5,1,0,1,NA,0.16666666666666666,0.8333333333333334,0.16666666666666666,NA,0,NA,0,Whipping Cream,AttuneDilut
AF 5,72 Hours,5.2,0,0,5,1,0,1,NA,0.16666666666666666,0.8333333333333334,0.16666666666666666,NA,0,NA,0,Whipping Cream,AttuneDilut
AF 5,72 Hours,5.3,0,0,5,1,0,1,NA,0.16666666666666666,0.8333333333333334,0.16666666666666666,NA,0,NA,0,Whipping Cream,AttuneDilut
AF 5,72 Hours,5.4,0,0,5,1,0,1,NA,0.16666666666666666,0.8333333333333334,0.16666666666666666,NA,0,NA,0,Whipping Cream,AttuneDilut
AF 5,72 Hours,5.5,0,0,5,1,0,1,NA,0.16666666666666666,0.8333333333333334,0.16666666666666666,NA,0,NA,0,Whipping Cream,AttuneDilut
AF 5,72 Hours,5.6,0,0,5,1,0,1,NA,0.16666666666666666,0.8333333333333334,0.16666666666666666,NA,0,NA,0,Whipping Cream,AttuneDilut
AF 5,72 Hours,5.7,0,0,5,1,0,1,NA,0.16666666666666666,0.8333333333333334,0.16666666666666666,NA,0,NA,0,Whipping Cream,AttuneDilut
AF 5,72 Hours,5.8,0,0,5,1,0,1,NA,0.16666666666666666,0.8333333333333334,0.16666666666666666,NA,0,NA,0,Whipping Cream,AttuneDilut
AF 5,72 Hours,5.9,0,0,5,1,0,1,NA,0.16666666666666666,0.8333333333333334,0.16666666666666666,NA,0,NA,0,Whipping Cream,AttuneDilut
AF 5,72 Hours,6,0,0,5,1,0,1,NA,0.16666666666666666,0.8333333333333334,0.16666666666666666,NA,0,NA,0,Whipping Cream,AttuneDilut
AF 5,72 Hours,6.1,0,0,5,1,0,1,NA,0.16666666666666666,0.8333333333333334,0.16666666666666666,NA,0,NA,0,Whipping Cream,AttuneDilut
AF 5,72 Hours,6.2,0,0,5,1,0,1,NA,0.16666666666666666,0.8333333333333334,0.16666666666666666,NA,0,NA,0,Whipping Cream,AttuneDilut
AF 5,72 Hours,6.3,0,0,5,1,0,1,NA,0.16666666666666666,0.8333333333333334,0.16666666666666666,NA,0,NA,0,Whipping Cream,AttuneDilut
AF 5,72 Hours,6.4,0,0,5,1,0,1,NA,0.16666666666666666,0.8333333333333334,0.16666666666666666,NA,0,NA,0,Whipping Cream,AttuneDilut
AF 5,72 Hours,6.5,0,0,5,1,0,1,NA,0.16666666666666666,0.8333333333333334,0.16666666666666666,NA,0,NA,0,Whipping Cream,AttuneDilut
AF 5,72 Hours,6.6,0,0,5,1,0,1,NA,0.16666666666666666,0.8333333333333334,0.16666666666666666,NA,0,NA,0,Whipping Cream,AttuneDilut
AF 5,72 Hours,6.7,0,0,5,1,0,1,NA,0.16666666666666666,0.8333333333333334,0.16666666666666666,NA,0,NA,0,Whipping Cream,AttuneDilut
AF 5,72 Hours,6.8,0,0,5,1,0,1,NA,0.16666666666666666,0.8333333333333334,0.16666666666666666,NA,0,NA,0,Whipping Cream,AttuneDilut
AF 5,72 Hours,6.9,0,0,5,1,0,1,NA,0.16666666666666666,0.8333333333333334,0.16666666666666666,NA,0,NA,0,Whipping Cream,AttuneDilut
AF 5,72 Hours,7,0,0,5,1,0,1,NA,0.16666666666666666,0.8333333333333334,0.16666666666666666,NA,0,NA,0,Whipping Cream,AttuneDilut
AF 5,72 Hours,7.1,0,0,5,1,0,1,NA,0.16666666666666666,0.8333333333333334,0.16666666666666666,NA,0,NA,0,Whipping Cream,AttuneDilut
AF 5,72 Hours,7.2,0,0,5,1,0,1,NA,0.16666666666666666,0.8333333333333334,0.16666666666666666,NA,0,NA,0,Whipping Cream,AttuneDilut
AF 5,72 Hours,7.3,0,0,5,1,0,1,NA,0.16666666666666666,0.8333333333333334,0.16666666666666666,NA,0,NA,0,Whipping Cream,AttuneDilut
AF 5,72 Hours,7.4,0,0,5,1,0,1,NA,0.16666666666666666,0.8333333333333334,0.16666666666666666,NA,0,NA,0,Whipping Cream,AttuneDilut
AF 5,72 Hours,7.5,0,0,5,1,0,1,NA,0.16666666666666666,0.8333333333333334,0.16666666666666666,NA,0,NA,0,Whipping Cream,AttuneDilut
AF 5,72 Hours,7.6,0,0,5,1,0,1,NA,0.16666666666666666,0.8333333333333334,0.16666666666666666,NA,0,NA,0,Whipping Cream,AttuneDilut
AF 5,72 Hours,7.699999999999999,0,0,5,1,0,1,NA,0.16666666666666666,0.8333333333333334,0.16666666666666666,NA,0,NA,0,Whipping Cream,AttuneDilut
AF 5,72 Hours,7.8,0,0,5,1,0,1,NA,0.16666666666666666,0.8333333333333334,0.16666666666666666,NA,0,NA,0,Whipping Cream,AttuneDilut
AF 6,12 Hours,-0.4,5,1,0,0,1,0,0.8333333333333334,NA,0.8333333333333334,0.8333333333333334,0.9090909090909091,0.8333333333333334,NA,0,Whipping Cream,AttuneDilut
AF 6,12 Hours,-0.30000000000000004,5,0,0,1,1,1,1,1,0.8333333333333334,1,1,1,1,1,Whipping Cream,AttuneDilut
AF 6,12 Hours,-0.2,5,0,0,1,1,1,1,1,0.8333333333333334,1,1,1,1,1,Whipping Cream,AttuneDilut
AF 6,12 Hours,-0.09999999999999998,5,0,0,1,1,1,1,1,0.8333333333333334,1,1,1,1,1,Whipping Cream,AttuneDilut
AF 6,12 Hours,0,5,0,0,1,1,1,1,1,0.8333333333333334,1,1,1,1,1,Whipping Cream,AttuneDilut
AF 6,12 Hours,0.09999999999999998,5,0,0,1,1,1,1,1,0.8333333333333334,1,1,1,1,1,Whipping Cream,AttuneDilut
AF 6,12 Hours,0.20000000000000007,5,0,0,1,1,1,1,1,0.8333333333333334,1,1,1,1,1,Whipping Cream,AttuneDilut
AF 6,12 Hours,0.30000000000000004,5,0,0,1,1,1,1,1,0.8333333333333334,1,1,1,1,1,Whipping Cream,AttuneDilut
AF 6,12 Hours,0.4,5,0,0,1,1,1,1,1,0.8333333333333334,1,1,1,1,1,Whipping Cream,AttuneDilut
AF 6,12 Hours,0.5,5,0,0,1,1,1,1,1,0.8333333333333334,1,1,1,1,1,Whipping Cream,AttuneDilut
AF 6,12 Hours,0.6,5,0,0,1,1,1,1,1,0.8333333333333334,1,1,1,1,1,Whipping Cream,AttuneDilut
AF 6,12 Hours,0.7000000000000001,5,0,0,1,1,1,1,1,0.8333333333333334,1,1,1,1,1,Whipping Cream,AttuneDilut
AF 6,12 Hours,0.8000000000000002,5,0,0,1,1,1,1,1,0.8333333333333334,1,1,1,1,1,Whipping Cream,AttuneDilut
AF 6,12 Hours,0.9,5,0,0,1,1,1,1,1,0.8333333333333334,1,1,1,1,1,Whipping Cream,AttuneDilut
AF 6,12 Hours,1,5,0,0,1,1,1,1,1,0.8333333333333334,1,1,1,1,1,Whipping Cream,AttuneDilut
AF 6,12 Hours,1.1,5,0,0,1,1,1,1,1,0.8333333333333334,1,1,1,1,1,Whipping Cream,AttuneDilut
AF 6,12 Hours,1.2000000000000002,5,0,0,1,1,1,1,1,0.8333333333333334,1,1,1,1,1,Whipping Cream,AttuneDilut
AF 6,12 Hours,1.3000000000000003,5,0,0,1,1,1,1,1,0.8333333333333334,1,1,1,1,1,Whipping Cream,AttuneDilut
AF 6,12 Hours,1.4,5,0,0,1,1,1,1,1,0.8333333333333334,1,1,1,1,1,Whipping Cream,AttuneDilut
AF 6,12 Hours,1.5,5,0,0,1,1,1,1,1,0.8333333333333334,1,1,1,1,1,Whipping Cream,AttuneDilut
AF 6,12 Hours,1.6,5,0,0,1,1,1,1,1,0.8333333333333334,1,1,1,1,1,Whipping Cream,AttuneDilut
AF 6,12 Hours,1.7000000000000002,5,0,0,1,1,1,1,1,0.8333333333333334,1,1,1,1,1,Whipping Cream,AttuneDilut
AF 6,12 Hours,1.8000000000000003,5,0,0,1,1,1,1,1,0.8333333333333334,1,1,1,1,1,Whipping Cream,AttuneDilut
AF 6,12 Hours,1.9000000000000004,5,0,0,1,1,1,1,1,0.8333333333333334,1,1,1,1,1,Whipping Cream,AttuneDilut
AF 6,12 Hours,2.0000000000000004,5,0,0,1,1,1,1,1,0.8333333333333334,1,1,1,1,1,Whipping Cream,AttuneDilut
AF 6,12 Hours,2.1,5,0,0,1,1,1,1,1,0.8333333333333334,1,1,1,1,1,Whipping Cream,AttuneDilut
AF 6,12 Hours,2.2,5,0,0,1,1,1,1,1,0.8333333333333334,1,1,1,1,1,Whipping Cream,AttuneDilut
AF 6,12 Hours,2.3000000000000003,5,0,0,1,1,1,1,1,0.8333333333333334,1,1,1,1,1,Whipping Cream,AttuneDilut
AF 6,12 Hours,2.4000000000000004,5,0,0,1,1,1,1,1,0.8333333333333334,1,1,1,1,1,Whipping Cream,AttuneDilut
AF 6,12 Hours,2.5000000000000004,5,0,0,1,1,1,1,1,0.8333333333333334,1,1,1,1,1,Whipping Cream,AttuneDilut
AF 6,12 Hours,2.6,5,0,0,1,1,1,1,1,0.8333333333333334,1,1,1,1,1,Whipping Cream,AttuneDilut
AF 6,12 Hours,2.7,5,0,0,1,1,1,1,1,0.8333333333333334,1,1,1,1,1,Whipping Cream,AttuneDilut
AF 6,12 Hours,2.8000000000000003,5,0,0,1,1,1,1,1,0.8333333333333334,1,1,1,1,1,Whipping Cream,AttuneDilut
AF 6,12 Hours,2.9000000000000004,5,0,0,1,1,1,1,1,0.8333333333333334,1,1,1,1,1,Whipping Cream,AttuneDilut
AF 6,12 Hours,3.0000000000000004,3,0,2,1,0.6,1,1,0.3333333333333333,0.8333333333333334,0.6666666666666666,0.7499999999999999,0.6,0.44721359549995793,0.6000000000000001,Whipping Cream,AttuneDilut
AF 6,12 Hours,3.1,1,0,4,1,0.2,1,1,0.2,0.8333333333333334,0.3333333333333333,0.33333333333333337,0.2,0.2,0.19999999999999996,Whipping Cream,AttuneDilut
AF 6,12 Hours,3.2,1,0,4,1,0.2,1,1,0.2,0.8333333333333334,0.3333333333333333,0.33333333333333337,0.2,0.2,0.19999999999999996,Whipping Cream,AttuneDilut
AF 6,12 Hours,3.3000000000000003,0,0,5,1,0,1,NA,0.16666666666666666,0.8333333333333334,0.16666666666666666,NA,0,NA,0,Whipping Cream,AttuneDilut
AF 6,12 Hours,3.4000000000000004,0,0,5,1,0,1,NA,0.16666666666666666,0.8333333333333334,0.16666666666666666,NA,0,NA,0,Whipping Cream,AttuneDilut
AF 6,12 Hours,3.5000000000000004,0,0,5,1,0,1,NA,0.16666666666666666,0.8333333333333334,0.16666666666666666,NA,0,NA,0,Whipping Cream,AttuneDilut
AF 6,12 Hours,3.6,0,0,5,1,0,1,NA,0.16666666666666666,0.8333333333333334,0.16666666666666666,NA,0,NA,0,Whipping Cream,AttuneDilut
AF 6,12 Hours,3.7000000000000006,0,0,5,1,0,1,NA,0.16666666666666666,0.8333333333333334,0.16666666666666666,NA,0,NA,0,Whipping Cream,AttuneDilut
AF 6,12 Hours,3.8000000000000003,0,0,5,1,0,1,NA,0.16666666666666666,0.8333333333333334,0.16666666666666666,NA,0,NA,0,Whipping Cream,AttuneDilut
AF 6,12 Hours,3.9,0,0,5,1,0,1,NA,0.16666666666666666,0.8333333333333334,0.16666666666666666,NA,0,NA,0,Whipping Cream,AttuneDilut
AF 6,12 Hours,4,0,0,5,1,0,1,NA,0.16666666666666666,0.8333333333333334,0.16666666666666666,NA,0,NA,0,Whipping Cream,AttuneDilut
AF 6,12 Hours,4.1,0,0,5,1,0,1,NA,0.16666666666666666,0.8333333333333334,0.16666666666666666,NA,0,NA,0,Whipping Cream,AttuneDilut
AF 6,12 Hours,4.2,0,0,5,1,0,1,NA,0.16666666666666666,0.8333333333333334,0.16666666666666666,NA,0,NA,0,Whipping Cream,AttuneDilut
AF 6,12 Hours,4.3,0,0,5,1,0,1,NA,0.16666666666666666,0.8333333333333334,0.16666666666666666,NA,0,NA,0,Whipping Cream,AttuneDilut
AF 6,12 Hours,4.4,0,0,5,1,0,1,NA,0.16666666666666666,0.8333333333333334,0.16666666666666666,NA,0,NA,0,Whipping Cream,AttuneDilut
AF 6,12 Hours,4.5,0,0,5,1,0,1,NA,0.16666666666666666,0.8333333333333334,0.16666666666666666,NA,0,NA,0,Whipping Cream,AttuneDilut
AF 6,12 Hours,4.6,0,0,5,1,0,1,NA,0.16666666666666666,0.8333333333333334,0.16666666666666666,NA,0,NA,0,Whipping Cream,AttuneDilut
AF 6,12 Hours,4.7,0,0,5,1,0,1,NA,0.16666666666666666,0.8333333333333334,0.16666666666666666,NA,0,NA,0,Whipping Cream,AttuneDilut
AF 6,12 Hours,4.8,0,0,5,1,0,1,NA,0.16666666666666666,0.8333333333333334,0.16666666666666666,NA,0,NA,0,Whipping Cream,AttuneDilut
AF 6,12 Hours,4.9,0,0,5,1,0,1,NA,0.16666666666666666,0.8333333333333334,0.16666666666666666,NA,0,NA,0,Whipping Cream,AttuneDilut
AF 6,12 Hours,5,0,0,5,1,0,1,NA,0.16666666666666666,0.8333333333333334,0.16666666666666666,NA,0,NA,0,Whipping Cream,AttuneDilut
AF 6,12 Hours,5.1,0,0,5,1,0,1,NA,0.16666666666666666,0.8333333333333334,0.16666666666666666,NA,0,NA,0,Whipping Cream,AttuneDilut
AF 6,12 Hours,5.2,0,0,5,1,0,1,NA,0.16666666666666666,0.8333333333333334,0.16666666666666666,NA,0,NA,0,Whipping Cream,AttuneDilut
AF 6,12 Hours,5.3,0,0,5,1,0,1,NA,0.16666666666666666,0.8333333333333334,0.16666666666666666,NA,0,NA,0,Whipping Cream,AttuneDilut
AF 6,12 Hours,5.4,0,0,5,1,0,1,NA,0.16666666666666666,0.8333333333333334,0.16666666666666666,NA,0,NA,0,Whipping Cream,AttuneDilut
AF 6,12 Hours,5.5,0,0,5,1,0,1,NA,0.16666666666666666,0.8333333333333334,0.16666666666666666,NA,0,NA,0,Whipping Cream,AttuneDilut
AF 6,12 Hours,5.6,0,0,5,1,0,1,NA,0.16666666666666666,0.8333333333333334,0.16666666666666666,NA,0,NA,0,Whipping Cream,AttuneDilut
AF 6,12 Hours,5.7,0,0,5,1,0,1,NA,0.16666666666666666,0.8333333333333334,0.16666666666666666,NA,0,NA,0,Whipping Cream,AttuneDilut
AF 6,12 Hours,5.8,0,0,5,1,0,1,NA,0.16666666666666666,0.8333333333333334,0.16666666666666666,NA,0,NA,0,Whipping Cream,AttuneDilut
AF 6,12 Hours,5.9,0,0,5,1,0,1,NA,0.16666666666666666,0.8333333333333334,0.16666666666666666,NA,0,NA,0,Whipping Cream,AttuneDilut
AF 6,12 Hours,6,0,0,5,1,0,1,NA,0.16666666666666666,0.8333333333333334,0.16666666666666666,NA,0,NA,0,Whipping Cream,AttuneDilut
AF 6,12 Hours,6.1,0,0,5,1,0,1,NA,0.16666666666666666,0.8333333333333334,0.16666666666666666,NA,0,NA,0,Whipping Cream,AttuneDilut
AF 6,12 Hours,6.2,0,0,5,1,0,1,NA,0.16666666666666666,0.8333333333333334,0.16666666666666666,NA,0,NA,0,Whipping Cream,AttuneDilut
AF 6,12 Hours,6.3,0,0,5,1,0,1,NA,0.16666666666666666,0.8333333333333334,0.16666666666666666,NA,0,NA,0,Whipping Cream,AttuneDilut
AF 6,12 Hours,6.4,0,0,5,1,0,1,NA,0.16666666666666666,0.8333333333333334,0.16666666666666666,NA,0,NA,0,Whipping Cream,AttuneDilut
AF 6,12 Hours,6.5,0,0,5,1,0,1,NA,0.16666666666666666,0.8333333333333334,0.16666666666666666,NA,0,NA,0,Whipping Cream,AttuneDilut
AF 6,12 Hours,6.6,0,0,5,1,0,1,NA,0.16666666666666666,0.8333333333333334,0.16666666666666666,NA,0,NA,0,Whipping Cream,AttuneDilut
AF 6,12 Hours,6.7,0,0,5,1,0,1,NA,0.16666666666666666,0.8333333333333334,0.16666666666666666,NA,0,NA,0,Whipping Cream,AttuneDilut
AF 6,12 Hours,6.8,0,0,5,1,0,1,NA,0.16666666666666666,0.8333333333333334,0.16666666666666666,NA,0,NA,0,Whipping Cream,AttuneDilut
AF 6,12 Hours,6.9,0,0,5,1,0,1,NA,0.16666666666666666,0.8333333333333334,0.16666666666666666,NA,0,NA,0,Whipping Cream,AttuneDilut
AF 6,12 Hours,7,0,0,5,1,0,1,NA,0.16666666666666666,0.8333333333333334,0.16666666666666666,NA,0,NA,0,Whipping Cream,AttuneDilut
AF 6,12 Hours,7.1,0,0,5,1,0,1,NA,0.16666666666666666,0.8333333333333334,0.16666666666666666,NA,0,NA,0,Whipping Cream,AttuneDilut
AF 6,12 Hours,7.2,0,0,5,1,0,1,NA,0.16666666666666666,0.8333333333333334,0.16666666666666666,NA,0,NA,0,Whipping Cream,AttuneDilut
AF 6,12 Hours,7.3,0,0,5,1,0,1,NA,0.16666666666666666,0.8333333333333334,0.16666666666666666,NA,0,NA,0,Whipping Cream,AttuneDilut
AF 6,12 Hours,7.4,0,0,5,1,0,1,NA,0.16666666666666666,0.8333333333333334,0.16666666666666666,NA,0,NA,0,Whipping Cream,AttuneDilut
AF 6,12 Hours,7.5,0,0,5,1,0,1,NA,0.16666666666666666,0.8333333333333334,0.16666666666666666,NA,0,NA,0,Whipping Cream,AttuneDilut
AF 6,12 Hours,7.6,0,0,5,1,0,1,NA,0.16666666666666666,0.8333333333333334,0.16666666666666666,NA,0,NA,0,Whipping Cream,AttuneDilut
AF 6,12 Hours,7.699999999999999,0,0,5,1,0,1,NA,0.16666666666666666,0.8333333333333334,0.16666666666666666,NA,0,NA,0,Whipping Cream,AttuneDilut
AF 6,12 Hours,7.8,0,0,5,1,0,1,NA,0.16666666666666666,0.8333333333333334,0.16666666666666666,NA,0,NA,0,Whipping Cream,AttuneDilut
AF 6,24 Hours,-0.4,5,1,0,0,1,0,0.8333333333333334,NA,0.8333333333333334,0.8333333333333334,0.9090909090909091,0.8333333333333334,NA,0,Whipping Cream,AttuneDilut
AF 6,24 Hours,-0.30000000000000004,5,1,0,0,1,0,0.8333333333333334,NA,0.8333333333333334,0.8333333333333334,0.9090909090909091,0.8333333333333334,NA,0,Whipping Cream,AttuneDilut
AF 6,24 Hours,-0.2,5,1,0,0,1,0,0.8333333333333334,NA,0.8333333333333334,0.8333333333333334,0.9090909090909091,0.8333333333333334,NA,0,Whipping Cream,AttuneDilut
AF 6,24 Hours,-0.09999999999999998,5,1,0,0,1,0,0.8333333333333334,NA,0.8333333333333334,0.8333333333333334,0.9090909090909091,0.8333333333333334,NA,0,Whipping Cream,AttuneDilut
AF 6,24 Hours,0,5,1,0,0,1,0,0.8333333333333334,NA,0.8333333333333334,0.8333333333333334,0.9090909090909091,0.8333333333333334,NA,0,Whipping Cream,AttuneDilut
AF 6,24 Hours,0.09999999999999998,5,1,0,0,1,0,0.8333333333333334,NA,0.8333333333333334,0.8333333333333334,0.9090909090909091,0.8333333333333334,NA,0,Whipping Cream,AttuneDilut
AF 6,24 Hours,0.20000000000000007,5,1,0,0,1,0,0.8333333333333334,NA,0.8333333333333334,0.8333333333333334,0.9090909090909091,0.8333333333333334,NA,0,Whipping Cream,AttuneDilut
AF 6,24 Hours,0.30000000000000004,5,1,0,0,1,0,0.8333333333333334,NA,0.8333333333333334,0.8333333333333334,0.9090909090909091,0.8333333333333334,NA,0,Whipping Cream,AttuneDilut
AF 6,24 Hours,0.4,5,1,0,0,1,0,0.8333333333333334,NA,0.8333333333333334,0.8333333333333334,0.9090909090909091,0.8333333333333334,NA,0,Whipping Cream,AttuneDilut
AF 6,24 Hours,0.5,5,1,0,0,1,0,0.8333333333333334,NA,0.8333333333333334,0.8333333333333334,0.9090909090909091,0.8333333333333334,NA,0,Whipping Cream,AttuneDilut
AF 6,24 Hours,0.6,5,1,0,0,1,0,0.8333333333333334,NA,0.8333333333333334,0.8333333333333334,0.9090909090909091,0.8333333333333334,NA,0,Whipping Cream,AttuneDilut
AF 6,24 Hours,0.7000000000000001,5,1,0,0,1,0,0.8333333333333334,NA,0.8333333333333334,0.8333333333333334,0.9090909090909091,0.8333333333333334,NA,0,Whipping Cream,AttuneDilut
AF 6,24 Hours,0.8000000000000002,5,1,0,0,1,0,0.8333333333333334,NA,0.8333333333333334,0.8333333333333334,0.9090909090909091,0.8333333333333334,NA,0,Whipping Cream,AttuneDilut
AF 6,24 Hours,0.9,5,1,0,0,1,0,0.8333333333333334,NA,0.8333333333333334,0.8333333333333334,0.9090909090909091,0.8333333333333334,NA,0,Whipping Cream,AttuneDilut
AF 6,24 Hours,1,5,1,0,0,1,0,0.8333333333333334,NA,0.8333333333333334,0.8333333333333334,0.9090909090909091,0.8333333333333334,NA,0,Whipping Cream,AttuneDilut
AF 6,24 Hours,1.1,5,1,0,0,1,0,0.8333333333333334,NA,0.8333333333333334,0.8333333333333334,0.9090909090909091,0.8333333333333334,NA,0,Whipping Cream,AttuneDilut
AF 6,24 Hours,1.2000000000000002,5,1,0,0,1,0,0.8333333333333334,NA,0.8333333333333334,0.8333333333333334,0.9090909090909091,0.8333333333333334,NA,0,Whipping Cream,AttuneDilut
AF 6,24 Hours,1.3000000000000003,5,1,0,0,1,0,0.8333333333333334,NA,0.8333333333333334,0.8333333333333334,0.9090909090909091,0.8333333333333334,NA,0,Whipping Cream,AttuneDilut
AF 6,24 Hours,1.4,5,1,0,0,1,0,0.8333333333333334,NA,0.8333333333333334,0.8333333333333334,0.9090909090909091,0.8333333333333334,NA,0,Whipping Cream,AttuneDilut
AF 6,24 Hours,1.5,5,1,0,0,1,0,0.8333333333333334,NA,0.8333333333333334,0.8333333333333334,0.9090909090909091,0.8333333333333334,NA,0,Whipping Cream,AttuneDilut
AF 6,24 Hours,1.6,5,1,0,0,1,0,0.8333333333333334,NA,0.8333333333333334,0.8333333333333334,0.9090909090909091,0.8333333333333334,NA,0,Whipping Cream,AttuneDilut
AF 6,24 Hours,1.7000000000000002,5,1,0,0,1,0,0.8333333333333334,NA,0.8333333333333334,0.8333333333333334,0.9090909090909091,0.8333333333333334,NA,0,Whipping Cream,AttuneDilut
AF 6,24 Hours,1.8000000000000003,5,1,0,0,1,0,0.8333333333333334,NA,0.8333333333333334,0.8333333333333334,0.9090909090909091,0.8333333333333334,NA,0,Whipping Cream,AttuneDilut
AF 6,24 Hours,1.9000000000000004,5,1,0,0,1,0,0.8333333333333334,NA,0.8333333333333334,0.8333333333333334,0.9090909090909091,0.8333333333333334,NA,0,Whipping Cream,AttuneDilut
AF 6,24 Hours,2.0000000000000004,5,0,0,1,1,1,1,1,0.8333333333333334,1,1,1,1,1,Whipping Cream,AttuneDilut
AF 6,24 Hours,2.1,5,0,0,1,1,1,1,1,0.8333333333333334,1,1,1,1,1,Whipping Cream,AttuneDilut
AF 6,24 Hours,2.2,5,0,0,1,1,1,1,1,0.8333333333333334,1,1,1,1,1,Whipping Cream,AttuneDilut
AF 6,24 Hours,2.3000000000000003,5,0,0,1,1,1,1,1,0.8333333333333334,1,1,1,1,1,Whipping Cream,AttuneDilut
AF 6,24 Hours,2.4000000000000004,5,0,0,1,1,1,1,1,0.8333333333333334,1,1,1,1,1,Whipping Cream,AttuneDilut
AF 6,24 Hours,2.5000000000000004,5,0,0,1,1,1,1,1,0.8333333333333334,1,1,1,1,1,Whipping Cream,AttuneDilut
AF 6,24 Hours,2.6,5,0,0,1,1,1,1,1,0.8333333333333334,1,1,1,1,1,Whipping Cream,AttuneDilut
AF 6,24 Hours,2.7,5,0,0,1,1,1,1,1,0.8333333333333334,1,1,1,1,1,Whipping Cream,AttuneDilut
AF 6,24 Hours,2.8000000000000003,5,0,0,1,1,1,1,1,0.8333333333333334,1,1,1,1,1,Whipping Cream,AttuneDilut
AF 6,24 Hours,2.9000000000000004,5,0,0,1,1,1,1,1,0.8333333333333334,1,1,1,1,1,Whipping Cream,AttuneDilut
AF 6,24 Hours,3.0000000000000004,5,0,0,1,1,1,1,1,0.8333333333333334,1,1,1,1,1,Whipping Cream,AttuneDilut
AF 6,24 Hours,3.1,5,0,0,1,1,1,1,1,0.8333333333333334,1,1,1,1,1,Whipping Cream,AttuneDilut
AF 6,24 Hours,3.2,5,0,0,1,1,1,1,1,0.8333333333333334,1,1,1,1,1,Whipping Cream,AttuneDilut
AF 6,24 Hours,3.3000000000000003,5,0,0,1,1,1,1,1,0.8333333333333334,1,1,1,1,1,Whipping Cream,AttuneDilut
AF 6,24 Hours,3.4000000000000004,5,0,0,1,1,1,1,1,0.8333333333333334,1,1,1,1,1,Whipping Cream,AttuneDilut
AF 6,24 Hours,3.5000000000000004,5,0,0,1,1,1,1,1,0.8333333333333334,1,1,1,1,1,Whipping Cream,AttuneDilut
AF 6,24 Hours,3.6,4,0,1,1,0.8,1,1,0.5,0.8333333333333334,0.8333333333333334,0.888888888888889,0.8,0.6324555320336759,0.8,Whipping Cream,AttuneDilut
AF 6,24 Hours,3.7000000000000006,4,0,1,1,0.8,1,1,0.5,0.8333333333333334,0.8333333333333334,0.888888888888889,0.8,0.6324555320336759,0.8,Whipping Cream,AttuneDilut
AF 6,24 Hours,3.8000000000000003,4,0,1,1,0.8,1,1,0.5,0.8333333333333334,0.8333333333333334,0.888888888888889,0.8,0.6324555320336759,0.8,Whipping Cream,AttuneDilut
AF 6,24 Hours,3.9,3,0,2,1,0.6,1,1,0.3333333333333333,0.8333333333333334,0.6666666666666666,0.7499999999999999,0.6,0.44721359549995793,0.6000000000000001,Whipping Cream,AttuneDilut
AF 6,24 Hours,4,2,0,3,1,0.4,1,1,0.25,0.8333333333333334,0.5,0.5714285714285715,0.4,0.31622776601683794,0.3999999999999999,Whipping Cream,AttuneDilut
AF 6,24 Hours,4.1,2,0,3,1,0.4,1,1,0.25,0.8333333333333334,0.5,0.5714285714285715,0.4,0.31622776601683794,0.3999999999999999,Whipping Cream,AttuneDilut
AF 6,24 Hours,4.2,1,0,4,1,0.2,1,1,0.2,0.8333333333333334,0.3333333333333333,0.33333333333333337,0.2,0.2,0.19999999999999996,Whipping Cream,AttuneDilut
AF 6,24 Hours,4.3,1,0,4,1,0.2,1,1,0.2,0.8333333333333334,0.3333333333333333,0.33333333333333337,0.2,0.2,0.19999999999999996,Whipping Cream,AttuneDilut
AF 6,24 Hours,4.4,1,0,4,1,0.2,1,1,0.2,0.8333333333333334,0.3333333333333333,0.33333333333333337,0.2,0.2,0.19999999999999996,Whipping Cream,AttuneDilut
AF 6,24 Hours,4.5,1,0,4,1,0.2,1,1,0.2,0.8333333333333334,0.3333333333333333,0.33333333333333337,0.2,0.2,0.19999999999999996,Whipping Cream,AttuneDilut
AF 6,24 Hours,4.6,0,0,5,1,0,1,NA,0.16666666666666666,0.8333333333333334,0.16666666666666666,NA,0,NA,0,Whipping Cream,AttuneDilut
AF 6,24 Hours,4.7,0,0,5,1,0,1,NA,0.16666666666666666,0.8333333333333334,0.16666666666666666,NA,0,NA,0,Whipping Cream,AttuneDilut
AF 6,24 Hours,4.8,0,0,5,1,0,1,NA,0.16666666666666666,0.8333333333333334,0.16666666666666666,NA,0,NA,0,Whipping Cream,AttuneDilut
AF 6,24 Hours,4.9,0,0,5,1,0,1,NA,0.16666666666666666,0.8333333333333334,0.16666666666666666,NA,0,NA,0,Whipping Cream,AttuneDilut
AF 6,24 Hours,5,0,0,5,1,0,1,NA,0.16666666666666666,0.8333333333333334,0.16666666666666666,NA,0,NA,0,Whipping Cream,AttuneDilut
AF 6,24 Hours,5.1,0,0,5,1,0,1,NA,0.16666666666666666,0.8333333333333334,0.16666666666666666,NA,0,NA,0,Whipping Cream,AttuneDilut
AF 6,24 Hours,5.2,0,0,5,1,0,1,NA,0.16666666666666666,0.8333333333333334,0.16666666666666666,NA,0,NA,0,Whipping Cream,AttuneDilut
AF 6,24 Hours,5.3,0,0,5,1,0,1,NA,0.16666666666666666,0.8333333333333334,0.16666666666666666,NA,0,NA,0,Whipping Cream,AttuneDilut
AF 6,24 Hours,5.4,0,0,5,1,0,1,NA,0.16666666666666666,0.8333333333333334,0.16666666666666666,NA,0,NA,0,Whipping Cream,AttuneDilut
AF 6,24 Hours,5.5,0,0,5,1,0,1,NA,0.16666666666666666,0.8333333333333334,0.16666666666666666,NA,0,NA,0,Whipping Cream,AttuneDilut
AF 6,24 Hours,5.6,0,0,5,1,0,1,NA,0.16666666666666666,0.8333333333333334,0.16666666666666666,NA,0,NA,0,Whipping Cream,AttuneDilut
AF 6,24 Hours,5.7,0,0,5,1,0,1,NA,0.16666666666666666,0.8333333333333334,0.16666666666666666,NA,0,NA,0,Whipping Cream,AttuneDilut
AF 6,24 Hours,5.8,0,0,5,1,0,1,NA,0.16666666666666666,0.8333333333333334,0.16666666666666666,NA,0,NA,0,Whipping Cream,AttuneDilut
AF 6,24 Hours,5.9,0,0,5,1,0,1,NA,0.16666666666666666,0.8333333333333334,0.16666666666666666,NA,0,NA,0,Whipping Cream,AttuneDilut
AF 6,24 Hours,6,0,0,5,1,0,1,NA,0.16666666666666666,0.8333333333333334,0.16666666666666666,NA,0,NA,0,Whipping Cream,AttuneDilut
AF 6,24 Hours,6.1,0,0,5,1,0,1,NA,0.16666666666666666,0.8333333333333334,0.16666666666666666,NA,0,NA,0,Whipping Cream,AttuneDilut
AF 6,24 Hours,6.2,0,0,5,1,0,1,NA,0.16666666666666666,0.8333333333333334,0.16666666666666666,NA,0,NA,0,Whipping Cream,AttuneDilut
AF 6,24 Hours,6.3,0,0,5,1,0,1,NA,0.16666666666666666,0.8333333333333334,0.16666666666666666,NA,0,NA,0,Whipping Cream,AttuneDilut
AF 6,24 Hours,6.4,0,0,5,1,0,1,NA,0.16666666666666666,0.8333333333333334,0.16666666666666666,NA,0,NA,0,Whipping Cream,AttuneDilut
AF 6,24 Hours,6.5,0,0,5,1,0,1,NA,0.16666666666666666,0.8333333333333334,0.16666666666666666,NA,0,NA,0,Whipping Cream,AttuneDilut
AF 6,24 Hours,6.6,0,0,5,1,0,1,NA,0.16666666666666666,0.8333333333333334,0.16666666666666666,NA,0,NA,0,Whipping Cream,AttuneDilut
AF 6,24 Hours,6.7,0,0,5,1,0,1,NA,0.16666666666666666,0.8333333333333334,0.16666666666666666,NA,0,NA,0,Whipping Cream,AttuneDilut
AF 6,24 Hours,6.8,0,0,5,1,0,1,NA,0.16666666666666666,0.8333333333333334,0.16666666666666666,NA,0,NA,0,Whipping Cream,AttuneDilut
AF 6,24 Hours,6.9,0,0,5,1,0,1,NA,0.16666666666666666,0.8333333333333334,0.16666666666666666,NA,0,NA,0,Whipping Cream,AttuneDilut
AF 6,24 Hours,7,0,0,5,1,0,1,NA,0.16666666666666666,0.8333333333333334,0.16666666666666666,NA,0,NA,0,Whipping Cream,AttuneDilut
AF 6,24 Hours,7.1,0,0,5,1,0,1,NA,0.16666666666666666,0.8333333333333334,0.16666666666666666,NA,0,NA,0,Whipping Cream,AttuneDilut
AF 6,24 Hours,7.2,0,0,5,1,0,1,NA,0.16666666666666666,0.8333333333333334,0.16666666666666666,NA,0,NA,0,Whipping Cream,AttuneDilut
AF 6,24 Hours,7.3,0,0,5,1,0,1,NA,0.16666666666666666,0.8333333333333334,0.16666666666666666,NA,0,NA,0,Whipping Cream,AttuneDilut
AF 6,24 Hours,7.4,0,0,5,1,0,1,NA,0.16666666666666666,0.8333333333333334,0.16666666666666666,NA,0,NA,0,Whipping Cream,AttuneDilut
AF 6,24 Hours,7.5,0,0,5,1,0,1,NA,0.16666666666666666,0.8333333333333334,0.16666666666666666,NA,0,NA,0,Whipping Cream,AttuneDilut
AF 6,24 Hours,7.6,0,0,5,1,0,1,NA,0.16666666666666666,0.8333333333333334,0.16666666666666666,NA,0,NA,0,Whipping Cream,AttuneDilut
AF 6,24 Hours,7.699999999999999,0,0,5,1,0,1,NA,0.16666666666666666,0.8333333333333334,0.16666666666666666,NA,0,NA,0,Whipping Cream,AttuneDilut
AF 6,24 Hours,7.8,0,0,5,1,0,1,NA,0.16666666666666666,0.8333333333333334,0.16666666666666666,NA,0,NA,0,Whipping Cream,AttuneDilut
AF 6,48 Hours,-0.4,5,1,0,0,1,0,0.8333333333333334,NA,0.8333333333333334,0.8333333333333334,0.9090909090909091,0.8333333333333334,NA,0,Whipping Cream,AttuneDilut
AF 6,48 Hours,-0.30000000000000004,5,0,0,1,1,1,1,1,0.8333333333333334,1,1,1,1,1,Whipping Cream,AttuneDilut
AF 6,48 Hours,-0.2,5,0,0,1,1,1,1,1,0.8333333333333334,1,1,1,1,1,Whipping Cream,AttuneDilut
AF 6,48 Hours,-0.09999999999999998,5,0,0,1,1,1,1,1,0.8333333333333334,1,1,1,1,1,Whipping Cream,AttuneDilut
AF 6,48 Hours,0,5,0,0,1,1,1,1,1,0.8333333333333334,1,1,1,1,1,Whipping Cream,AttuneDilut
AF 6,48 Hours,0.09999999999999998,5,0,0,1,1,1,1,1,0.8333333333333334,1,1,1,1,1,Whipping Cream,AttuneDilut
AF 6,48 Hours,0.20000000000000007,5,0,0,1,1,1,1,1,0.8333333333333334,1,1,1,1,1,Whipping Cream,AttuneDilut
AF 6,48 Hours,0.30000000000000004,5,0,0,1,1,1,1,1,0.8333333333333334,1,1,1,1,1,Whipping Cream,AttuneDilut
AF 6,48 Hours,0.4,5,0,0,1,1,1,1,1,0.8333333333333334,1,1,1,1,1,Whipping Cream,AttuneDilut
AF 6,48 Hours,0.5,5,0,0,1,1,1,1,1,0.8333333333333334,1,1,1,1,1,Whipping Cream,AttuneDilut
AF 6,48 Hours,0.6,5,0,0,1,1,1,1,1,0.8333333333333334,1,1,1,1,1,Whipping Cream,AttuneDilut
AF 6,48 Hours,0.7000000000000001,5,0,0,1,1,1,1,1,0.8333333333333334,1,1,1,1,1,Whipping Cream,AttuneDilut
AF 6,48 Hours,0.8000000000000002,5,0,0,1,1,1,1,1,0.8333333333333334,1,1,1,1,1,Whipping Cream,AttuneDilut
AF 6,48 Hours,0.9,5,0,0,1,1,1,1,1,0.8333333333333334,1,1,1,1,1,Whipping Cream,AttuneDilut
AF 6,48 Hours,1,5,0,0,1,1,1,1,1,0.8333333333333334,1,1,1,1,1,Whipping Cream,AttuneDilut
AF 6,48 Hours,1.1,5,0,0,1,1,1,1,1,0.8333333333333334,1,1,1,1,1,Whipping Cream,AttuneDilut
AF 6,48 Hours,1.2000000000000002,5,0,0,1,1,1,1,1,0.8333333333333334,1,1,1,1,1,Whipping Cream,AttuneDilut
AF 6,48 Hours,1.3000000000000003,5,0,0,1,1,1,1,1,0.8333333333333334,1,1,1,1,1,Whipping Cream,AttuneDilut
AF 6,48 Hours,1.4,5,0,0,1,1,1,1,1,0.8333333333333334,1,1,1,1,1,Whipping Cream,AttuneDilut
AF 6,48 Hours,1.5,5,0,0,1,1,1,1,1,0.8333333333333334,1,1,1,1,1,Whipping Cream,AttuneDilut
AF 6,48 Hours,1.6,5,0,0,1,1,1,1,1,0.8333333333333334,1,1,1,1,1,Whipping Cream,AttuneDilut
AF 6,48 Hours,1.7000000000000002,5,0,0,1,1,1,1,1,0.8333333333333334,1,1,1,1,1,Whipping Cream,AttuneDilut
AF 6,48 Hours,1.8000000000000003,5,0,0,1,1,1,1,1,0.8333333333333334,1,1,1,1,1,Whipping Cream,AttuneDilut
AF 6,48 Hours,1.9000000000000004,5,0,0,1,1,1,1,1,0.8333333333333334,1,1,1,1,1,Whipping Cream,AttuneDilut
AF 6,48 Hours,2.0000000000000004,5,0,0,1,1,1,1,1,0.8333333333333334,1,1,1,1,1,Whipping Cream,AttuneDilut
AF 6,48 Hours,2.1,5,0,0,1,1,1,1,1,0.8333333333333334,1,1,1,1,1,Whipping Cream,AttuneDilut
AF 6,48 Hours,2.2,5,0,0,1,1,1,1,1,0.8333333333333334,1,1,1,1,1,Whipping Cream,AttuneDilut
AF 6,48 Hours,2.3000000000000003,5,0,0,1,1,1,1,1,0.8333333333333334,1,1,1,1,1,Whipping Cream,AttuneDilut
AF 6,48 Hours,2.4000000000000004,5,0,0,1,1,1,1,1,0.8333333333333334,1,1,1,1,1,Whipping Cream,AttuneDilut
AF 6,48 Hours,2.5000000000000004,5,0,0,1,1,1,1,1,0.8333333333333334,1,1,1,1,1,Whipping Cream,AttuneDilut
AF 6,48 Hours,2.6,5,0,0,1,1,1,1,1,0.8333333333333334,1,1,1,1,1,Whipping Cream,AttuneDilut
AF 6,48 Hours,2.7,5,0,0,1,1,1,1,1,0.8333333333333334,1,1,1,1,1,Whipping Cream,AttuneDilut
AF 6,48 Hours,2.8000000000000003,5,0,0,1,1,1,1,1,0.8333333333333334,1,1,1,1,1,Whipping Cream,AttuneDilut
AF 6,48 Hours,2.9000000000000004,5,0,0,1,1,1,1,1,0.8333333333333334,1,1,1,1,1,Whipping Cream,AttuneDilut
AF 6,48 Hours,3.0000000000000004,5,0,0,1,1,1,1,1,0.8333333333333334,1,1,1,1,1,Whipping Cream,AttuneDilut
AF 6,48 Hours,3.1,5,0,0,1,1,1,1,1,0.8333333333333334,1,1,1,1,1,Whipping Cream,AttuneDilut
AF 6,48 Hours,3.2,5,0,0,1,1,1,1,1,0.8333333333333334,1,1,1,1,1,Whipping Cream,AttuneDilut
AF 6,48 Hours,3.3000000000000003,5,0,0,1,1,1,1,1,0.8333333333333334,1,1,1,1,1,Whipping Cream,AttuneDilut
AF 6,48 Hours,3.4000000000000004,5,0,0,1,1,1,1,1,0.8333333333333334,1,1,1,1,1,Whipping Cream,AttuneDilut
AF 6,48 Hours,3.5000000000000004,5,0,0,1,1,1,1,1,0.8333333333333334,1,1,1,1,1,Whipping Cream,AttuneDilut
AF 6,48 Hours,3.6,4,0,1,1,0.8,1,1,0.5,0.8333333333333334,0.8333333333333334,0.888888888888889,0.8,0.6324555320336759,0.8,Whipping Cream,AttuneDilut
AF 6,48 Hours,3.7000000000000006,3,0,2,1,0.6,1,1,0.3333333333333333,0.8333333333333334,0.6666666666666666,0.7499999999999999,0.6,0.44721359549995793,0.6000000000000001,Whipping Cream,AttuneDilut
AF 6,48 Hours,3.8000000000000003,3,0,2,1,0.6,1,1,0.3333333333333333,0.8333333333333334,0.6666666666666666,0.7499999999999999,0.6,0.44721359549995793,0.6000000000000001,Whipping Cream,AttuneDilut
AF 6,48 Hours,3.9,1,0,4,1,0.2,1,1,0.2,0.8333333333333334,0.3333333333333333,0.33333333333333337,0.2,0.2,0.19999999999999996,Whipping Cream,AttuneDilut
AF 6,48 Hours,4,1,0,4,1,0.2,1,1,0.2,0.8333333333333334,0.3333333333333333,0.33333333333333337,0.2,0.2,0.19999999999999996,Whipping Cream,AttuneDilut
AF 6,48 Hours,4.1,1,0,4,1,0.2,1,1,0.2,0.8333333333333334,0.3333333333333333,0.33333333333333337,0.2,0.2,0.19999999999999996,Whipping Cream,AttuneDilut
AF 6,48 Hours,4.2,1,0,4,1,0.2,1,1,0.2,0.8333333333333334,0.3333333333333333,0.33333333333333337,0.2,0.2,0.19999999999999996,Whipping Cream,AttuneDilut
AF 6,48 Hours,4.3,1,0,4,1,0.2,1,1,0.2,0.8333333333333334,0.3333333333333333,0.33333333333333337,0.2,0.2,0.19999999999999996,Whipping Cream,AttuneDilut
AF 6,48 Hours,4.4,0,0,5,1,0,1,NA,0.16666666666666666,0.8333333333333334,0.16666666666666666,NA,0,NA,0,Whipping Cream,AttuneDilut
AF 6,48 Hours,4.5,0,0,5,1,0,1,NA,0.16666666666666666,0.8333333333333334,0.16666666666666666,NA,0,NA,0,Whipping Cream,AttuneDilut
AF 6,48 Hours,4.6,0,0,5,1,0,1,NA,0.16666666666666666,0.8333333333333334,0.16666666666666666,NA,0,NA,0,Whipping Cream,AttuneDilut
AF 6,48 Hours,4.7,0,0,5,1,0,1,NA,0.16666666666666666,0.8333333333333334,0.16666666666666666,NA,0,NA,0,Whipping Cream,AttuneDilut
AF 6,48 Hours,4.8,0,0,5,1,0,1,NA,0.16666666666666666,0.8333333333333334,0.16666666666666666,NA,0,NA,0,Whipping Cream,AttuneDilut
AF 6,48 Hours,4.9,0,0,5,1,0,1,NA,0.16666666666666666,0.8333333333333334,0.16666666666666666,NA,0,NA,0,Whipping Cream,AttuneDilut
AF 6,48 Hours,5,0,0,5,1,0,1,NA,0.16666666666666666,0.8333333333333334,0.16666666666666666,NA,0,NA,0,Whipping Cream,AttuneDilut
AF 6,48 Hours,5.1,0,0,5,1,0,1,NA,0.16666666666666666,0.8333333333333334,0.16666666666666666,NA,0,NA,0,Whipping Cream,AttuneDilut
AF 6,48 Hours,5.2,0,0,5,1,0,1,NA,0.16666666666666666,0.8333333333333334,0.16666666666666666,NA,0,NA,0,Whipping Cream,AttuneDilut
AF 6,48 Hours,5.3,0,0,5,1,0,1,NA,0.16666666666666666,0.8333333333333334,0.16666666666666666,NA,0,NA,0,Whipping Cream,AttuneDilut
AF 6,48 Hours,5.4,0,0,5,1,0,1,NA,0.16666666666666666,0.8333333333333334,0.16666666666666666,NA,0,NA,0,Whipping Cream,AttuneDilut
AF 6,48 Hours,5.5,0,0,5,1,0,1,NA,0.16666666666666666,0.8333333333333334,0.16666666666666666,NA,0,NA,0,Whipping Cream,AttuneDilut
AF 6,48 Hours,5.6,0,0,5,1,0,1,NA,0.16666666666666666,0.8333333333333334,0.16666666666666666,NA,0,NA,0,Whipping Cream,AttuneDilut
AF 6,48 Hours,5.7,0,0,5,1,0,1,NA,0.16666666666666666,0.8333333333333334,0.16666666666666666,NA,0,NA,0,Whipping Cream,AttuneDilut
AF 6,48 Hours,5.8,0,0,5,1,0,1,NA,0.16666666666666666,0.8333333333333334,0.16666666666666666,NA,0,NA,0,Whipping Cream,AttuneDilut
AF 6,48 Hours,5.9,0,0,5,1,0,1,NA,0.16666666666666666,0.8333333333333334,0.16666666666666666,NA,0,NA,0,Whipping Cream,AttuneDilut
AF 6,48 Hours,6,0,0,5,1,0,1,NA,0.16666666666666666,0.8333333333333334,0.16666666666666666,NA,0,NA,0,Whipping Cream,AttuneDilut
AF 6,48 Hours,6.1,0,0,5,1,0,1,NA,0.16666666666666666,0.8333333333333334,0.16666666666666666,NA,0,NA,0,Whipping Cream,AttuneDilut
AF 6,48 Hours,6.2,0,0,5,1,0,1,NA,0.16666666666666666,0.8333333333333334,0.16666666666666666,NA,0,NA,0,Whipping Cream,AttuneDilut
AF 6,48 Hours,6.3,0,0,5,1,0,1,NA,0.16666666666666666,0.8333333333333334,0.16666666666666666,NA,0,NA,0,Whipping Cream,AttuneDilut
AF 6,48 Hours,6.4,0,0,5,1,0,1,NA,0.16666666666666666,0.8333333333333334,0.16666666666666666,NA,0,NA,0,Whipping Cream,AttuneDilut
AF 6,48 Hours,6.5,0,0,5,1,0,1,NA,0.16666666666666666,0.8333333333333334,0.16666666666666666,NA,0,NA,0,Whipping Cream,AttuneDilut
AF 6,48 Hours,6.6,0,0,5,1,0,1,NA,0.16666666666666666,0.8333333333333334,0.16666666666666666,NA,0,NA,0,Whipping Cream,AttuneDilut
AF 6,48 Hours,6.7,0,0,5,1,0,1,NA,0.16666666666666666,0.8333333333333334,0.16666666666666666,NA,0,NA,0,Whipping Cream,AttuneDilut
AF 6,48 Hours,6.8,0,0,5,1,0,1,NA,0.16666666666666666,0.8333333333333334,0.16666666666666666,NA,0,NA,0,Whipping Cream,AttuneDilut
AF 6,48 Hours,6.9,0,0,5,1,0,1,NA,0.16666666666666666,0.8333333333333334,0.16666666666666666,NA,0,NA,0,Whipping Cream,AttuneDilut
AF 6,48 Hours,7,0,0,5,1,0,1,NA,0.16666666666666666,0.8333333333333334,0.16666666666666666,NA,0,NA,0,Whipping Cream,AttuneDilut
AF 6,48 Hours,7.1,0,0,5,1,0,1,NA,0.16666666666666666,0.8333333333333334,0.16666666666666666,NA,0,NA,0,Whipping Cream,AttuneDilut
AF 6,48 Hours,7.2,0,0,5,1,0,1,NA,0.16666666666666666,0.8333333333333334,0.16666666666666666,NA,0,NA,0,Whipping Cream,AttuneDilut
AF 6,48 Hours,7.3,0,0,5,1,0,1,NA,0.16666666666666666,0.8333333333333334,0.16666666666666666,NA,0,NA,0,Whipping Cream,AttuneDilut
AF 6,48 Hours,7.4,0,0,5,1,0,1,NA,0.16666666666666666,0.8333333333333334,0.16666666666666666,NA,0,NA,0,Whipping Cream,AttuneDilut
AF 6,48 Hours,7.5,0,0,5,1,0,1,NA,0.16666666666666666,0.8333333333333334,0.16666666666666666,NA,0,NA,0,Whipping Cream,AttuneDilut
AF 6,48 Hours,7.6,0,0,5,1,0,1,NA,0.16666666666666666,0.8333333333333334,0.16666666666666666,NA,0,NA,0,Whipping Cream,AttuneDilut
AF 6,48 Hours,7.699999999999999,0,0,5,1,0,1,NA,0.16666666666666666,0.8333333333333334,0.16666666666666666,NA,0,NA,0,Whipping Cream,AttuneDilut
AF 6,48 Hours,7.8,0,0,5,1,0,1,NA,0.16666666666666666,0.8333333333333334,0.16666666666666666,NA,0,NA,0,Whipping Cream,AttuneDilut
AF 6,72 Hours,-0.4,5,1,0,0,1,0,0.8333333333333334,NA,0.8333333333333334,0.8333333333333334,0.9090909090909091,0.8333333333333334,NA,0,Whipping Cream,AttuneDilut
AF 6,72 Hours,-0.30000000000000004,5,0,0,1,1,1,1,1,0.8333333333333334,1,1,1,1,1,Whipping Cream,AttuneDilut
AF 6,72 Hours,-0.2,5,0,0,1,1,1,1,1,0.8333333333333334,1,1,1,1,1,Whipping Cream,AttuneDilut
AF 6,72 Hours,-0.09999999999999998,5,0,0,1,1,1,1,1,0.8333333333333334,1,1,1,1,1,Whipping Cream,AttuneDilut
AF 6,72 Hours,0,5,0,0,1,1,1,1,1,0.8333333333333334,1,1,1,1,1,Whipping Cream,AttuneDilut
AF 6,72 Hours,0.09999999999999998,5,0,0,1,1,1,1,1,0.8333333333333334,1,1,1,1,1,Whipping Cream,AttuneDilut
AF 6,72 Hours,0.20000000000000007,5,0,0,1,1,1,1,1,0.8333333333333334,1,1,1,1,1,Whipping Cream,AttuneDilut
AF 6,72 Hours,0.30000000000000004,5,0,0,1,1,1,1,1,0.8333333333333334,1,1,1,1,1,Whipping Cream,AttuneDilut
AF 6,72 Hours,0.4,5,0,0,1,1,1,1,1,0.8333333333333334,1,1,1,1,1,Whipping Cream,AttuneDilut
AF 6,72 Hours,0.5,5,0,0,1,1,1,1,1,0.8333333333333334,1,1,1,1,1,Whipping Cream,AttuneDilut
AF 6,72 Hours,0.6,5,0,0,1,1,1,1,1,0.8333333333333334,1,1,1,1,1,Whipping Cream,AttuneDilut
AF 6,72 Hours,0.7000000000000001,5,0,0,1,1,1,1,1,0.8333333333333334,1,1,1,1,1,Whipping Cream,AttuneDilut
AF 6,72 Hours,0.8000000000000002,5,0,0,1,1,1,1,1,0.8333333333333334,1,1,1,1,1,Whipping Cream,AttuneDilut
AF 6,72 Hours,0.9,5,0,0,1,1,1,1,1,0.8333333333333334,1,1,1,1,1,Whipping Cream,AttuneDilut
AF 6,72 Hours,1,5,0,0,1,1,1,1,1,0.8333333333333334,1,1,1,1,1,Whipping Cream,AttuneDilut
AF 6,72 Hours,1.1,5,0,0,1,1,1,1,1,0.8333333333333334,1,1,1,1,1,Whipping Cream,AttuneDilut
AF 6,72 Hours,1.2000000000000002,5,0,0,1,1,1,1,1,0.8333333333333334,1,1,1,1,1,Whipping Cream,AttuneDilut
AF 6,72 Hours,1.3000000000000003,5,0,0,1,1,1,1,1,0.8333333333333334,1,1,1,1,1,Whipping Cream,AttuneDilut
AF 6,72 Hours,1.4,5,0,0,1,1,1,1,1,0.8333333333333334,1,1,1,1,1,Whipping Cream,AttuneDilut
AF 6,72 Hours,1.5,5,0,0,1,1,1,1,1,0.8333333333333334,1,1,1,1,1,Whipping Cream,AttuneDilut
AF 6,72 Hours,1.6,5,0,0,1,1,1,1,1,0.8333333333333334,1,1,1,1,1,Whipping Cream,AttuneDilut
AF 6,72 Hours,1.7000000000000002,5,0,0,1,1,1,1,1,0.8333333333333334,1,1,1,1,1,Whipping Cream,AttuneDilut
AF 6,72 Hours,1.8000000000000003,5,0,0,1,1,1,1,1,0.8333333333333334,1,1,1,1,1,Whipping Cream,AttuneDilut
AF 6,72 Hours,1.9000000000000004,5,0,0,1,1,1,1,1,0.8333333333333334,1,1,1,1,1,Whipping Cream,AttuneDilut
AF 6,72 Hours,2.0000000000000004,5,0,0,1,1,1,1,1,0.8333333333333334,1,1,1,1,1,Whipping Cream,AttuneDilut
AF 6,72 Hours,2.1,5,0,0,1,1,1,1,1,0.8333333333333334,1,1,1,1,1,Whipping Cream,AttuneDilut
AF 6,72 Hours,2.2,5,0,0,1,1,1,1,1,0.8333333333333334,1,1,1,1,1,Whipping Cream,AttuneDilut
AF 6,72 Hours,2.3000000000000003,5,0,0,1,1,1,1,1,0.8333333333333334,1,1,1,1,1,Whipping Cream,AttuneDilut
AF 6,72 Hours,2.4000000000000004,5,0,0,1,1,1,1,1,0.8333333333333334,1,1,1,1,1,Whipping Cream,AttuneDilut
AF 6,72 Hours,2.5000000000000004,5,0,0,1,1,1,1,1,0.8333333333333334,1,1,1,1,1,Whipping Cream,AttuneDilut
AF 6,72 Hours,2.6,5,0,0,1,1,1,1,1,0.8333333333333334,1,1,1,1,1,Whipping Cream,AttuneDilut
AF 6,72 Hours,2.7,5,0,0,1,1,1,1,1,0.8333333333333334,1,1,1,1,1,Whipping Cream,AttuneDilut
AF 6,72 Hours,2.8000000000000003,5,0,0,1,1,1,1,1,0.8333333333333334,1,1,1,1,1,Whipping Cream,AttuneDilut
AF 6,72 Hours,2.9000000000000004,5,0,0,1,1,1,1,1,0.8333333333333334,1,1,1,1,1,Whipping Cream,AttuneDilut
AF 6,72 Hours,3.0000000000000004,5,0,0,1,1,1,1,1,0.8333333333333334,1,1,1,1,1,Whipping Cream,AttuneDilut
AF 6,72 Hours,3.1,5,0,0,1,1,1,1,1,0.8333333333333334,1,1,1,1,1,Whipping Cream,AttuneDilut
AF 6,72 Hours,3.2,5,0,0,1,1,1,1,1,0.8333333333333334,1,1,1,1,1,Whipping Cream,AttuneDilut
AF 6,72 Hours,3.3000000000000003,5,0,0,1,1,1,1,1,0.8333333333333334,1,1,1,1,1,Whipping Cream,AttuneDilut
AF 6,72 Hours,3.4000000000000004,5,0,0,1,1,1,1,1,0.8333333333333334,1,1,1,1,1,Whipping Cream,AttuneDilut
AF 6,72 Hours,3.5000000000000004,5,0,0,1,1,1,1,1,0.8333333333333334,1,1,1,1,1,Whipping Cream,AttuneDilut
AF 6,72 Hours,3.6,5,0,0,1,1,1,1,1,0.8333333333333334,1,1,1,1,1,Whipping Cream,AttuneDilut
AF 6,72 Hours,3.7000000000000006,4,0,1,1,0.8,1,1,0.5,0.8333333333333334,0.8333333333333334,0.888888888888889,0.8,0.6324555320336759,0.8,Whipping Cream,AttuneDilut
AF 6,72 Hours,3.8000000000000003,4,0,1,1,0.8,1,1,0.5,0.8333333333333334,0.8333333333333334,0.888888888888889,0.8,0.6324555320336759,0.8,Whipping Cream,AttuneDilut
AF 6,72 Hours,3.9,4,0,1,1,0.8,1,1,0.5,0.8333333333333334,0.8333333333333334,0.888888888888889,0.8,0.6324555320336759,0.8,Whipping Cream,AttuneDilut
AF 6,72 Hours,4,4,0,1,1,0.8,1,1,0.5,0.8333333333333334,0.8333333333333334,0.888888888888889,0.8,0.6324555320336759,0.8,Whipping Cream,AttuneDilut
AF 6,72 Hours,4.1,4,0,1,1,0.8,1,1,0.5,0.8333333333333334,0.8333333333333334,0.888888888888889,0.8,0.6324555320336759,0.8,Whipping Cream,AttuneDilut
AF 6,72 Hours,4.2,3,0,2,1,0.6,1,1,0.3333333333333333,0.8333333333333334,0.6666666666666666,0.7499999999999999,0.6,0.44721359549995793,0.6000000000000001,Whipping Cream,AttuneDilut
AF 6,72 Hours,4.3,3,0,2,1,0.6,1,1,0.3333333333333333,0.8333333333333334,0.6666666666666666,0.7499999999999999,0.6,0.44721359549995793,0.6000000000000001,Whipping Cream,AttuneDilut
AF 6,72 Hours,4.4,3,0,2,1,0.6,1,1,0.3333333333333333,0.8333333333333334,0.6666666666666666,0.7499999999999999,0.6,0.44721359549995793,0.6000000000000001,Whipping Cream,AttuneDilut
AF 6,72 Hours,4.5,3,0,2,1,0.6,1,1,0.3333333333333333,0.8333333333333334,0.6666666666666666,0.7499999999999999,0.6,0.44721359549995793,0.6000000000000001,Whipping Cream,AttuneDilut
AF 6,72 Hours,4.6,3,0,2,1,0.6,1,1,0.3333333333333333,0.8333333333333334,0.6666666666666666,0.7499999999999999,0.6,0.44721359549995793,0.6000000000000001,Whipping Cream,AttuneDilut
AF 6,72 Hours,4.7,3,0,2,1,0.6,1,1,0.3333333333333333,0.8333333333333334,0.6666666666666666,0.7499999999999999,0.6,0.44721359549995793,0.6000000000000001,Whipping Cream,AttuneDilut
AF 6,72 Hours,4.8,3,0,2,1,0.6,1,1,0.3333333333333333,0.8333333333333334,0.6666666666666666,0.7499999999999999,0.6,0.44721359549995793,0.6000000000000001,Whipping Cream,AttuneDilut
AF 6,72 Hours,4.9,3,0,2,1,0.6,1,1,0.3333333333333333,0.8333333333333334,0.6666666666666666,0.7499999999999999,0.6,0.44721359549995793,0.6000000000000001,Whipping Cream,AttuneDilut
AF 6,72 Hours,5,3,0,2,1,0.6,1,1,0.3333333333333333,0.8333333333333334,0.6666666666666666,0.7499999999999999,0.6,0.44721359549995793,0.6000000000000001,Whipping Cream,AttuneDilut
AF 6,72 Hours,5.1,3,0,2,1,0.6,1,1,0.3333333333333333,0.8333333333333334,0.6666666666666666,0.7499999999999999,0.6,0.44721359549995793,0.6000000000000001,Whipping Cream,AttuneDilut
AF 6,72 Hours,5.2,2,0,3,1,0.4,1,1,0.25,0.8333333333333334,0.5,0.5714285714285715,0.4,0.31622776601683794,0.3999999999999999,Whipping Cream,AttuneDilut
AF 6,72 Hours,5.3,2,0,3,1,0.4,1,1,0.25,0.8333333333333334,0.5,0.5714285714285715,0.4,0.31622776601683794,0.3999999999999999,Whipping Cream,AttuneDilut
AF 6,72 Hours,5.4,2,0,3,1,0.4,1,1,0.25,0.8333333333333334,0.5,0.5714285714285715,0.4,0.31622776601683794,0.3999999999999999,Whipping Cream,AttuneDilut
AF 6,72 Hours,5.5,2,0,3,1,0.4,1,1,0.25,0.8333333333333334,0.5,0.5714285714285715,0.4,0.31622776601683794,0.3999999999999999,Whipping Cream,AttuneDilut
AF 6,72 Hours,5.6,2,0,3,1,0.4,1,1,0.25,0.8333333333333334,0.5,0.5714285714285715,0.4,0.31622776601683794,0.3999999999999999,Whipping Cream,AttuneDilut
AF 6,72 Hours,5.7,1,0,4,1,0.2,1,1,0.2,0.8333333333333334,0.3333333333333333,0.33333333333333337,0.2,0.2,0.19999999999999996,Whipping Cream,AttuneDilut
AF 6,72 Hours,5.8,1,0,4,1,0.2,1,1,0.2,0.8333333333333334,0.3333333333333333,0.33333333333333337,0.2,0.2,0.19999999999999996,Whipping Cream,AttuneDilut
AF 6,72 Hours,5.9,1,0,4,1,0.2,1,1,0.2,0.8333333333333334,0.3333333333333333,0.33333333333333337,0.2,0.2,0.19999999999999996,Whipping Cream,AttuneDilut
AF 6,72 Hours,6,0,0,5,1,0,1,NA,0.16666666666666666,0.8333333333333334,0.16666666666666666,NA,0,NA,0,Whipping Cream,AttuneDilut
AF 6,72 Hours,6.1,0,0,5,1,0,1,NA,0.16666666666666666,0.8333333333333334,0.16666666666666666,NA,0,NA,0,Whipping Cream,AttuneDilut
AF 6,72 Hours,6.2,0,0,5,1,0,1,NA,0.16666666666666666,0.8333333333333334,0.16666666666666666,NA,0,NA,0,Whipping Cream,AttuneDilut
AF 6,72 Hours,6.3,0,0,5,1,0,1,NA,0.16666666666666666,0.8333333333333334,0.16666666666666666,NA,0,NA,0,Whipping Cream,AttuneDilut
AF 6,72 Hours,6.4,0,0,5,1,0,1,NA,0.16666666666666666,0.8333333333333334,0.16666666666666666,NA,0,NA,0,Whipping Cream,AttuneDilut
AF 6,72 Hours,6.5,0,0,5,1,0,1,NA,0.16666666666666666,0.8333333333333334,0.16666666666666666,NA,0,NA,0,Whipping Cream,AttuneDilut
AF 6,72 Hours,6.6,0,0,5,1,0,1,NA,0.16666666666666666,0.8333333333333334,0.16666666666666666,NA,0,NA,0,Whipping Cream,AttuneDilut
AF 6,72 Hours,6.7,0,0,5,1,0,1,NA,0.16666666666666666,0.8333333333333334,0.16666666666666666,NA,0,NA,0,Whipping Cream,AttuneDilut
AF 6,72 Hours,6.8,0,0,5,1,0,1,NA,0.16666666666666666,0.8333333333333334,0.16666666666666666,NA,0,NA,0,Whipping Cream,AttuneDilut
AF 6,72 Hours,6.9,0,0,5,1,0,1,NA,0.16666666666666666,0.8333333333333334,0.16666666666666666,NA,0,NA,0,Whipping Cream,AttuneDilut
AF 6,72 Hours,7,0,0,5,1,0,1,NA,0.16666666666666666,0.8333333333333334,0.16666666666666666,NA,0,NA,0,Whipping Cream,AttuneDilut
AF 6,72 Hours,7.1,0,0,5,1,0,1,NA,0.16666666666666666,0.8333333333333334,0.16666666666666666,NA,0,NA,0,Whipping Cream,AttuneDilut
AF 6,72 Hours,7.2,0,0,5,1,0,1,NA,0.16666666666666666,0.8333333333333334,0.16666666666666666,NA,0,NA,0,Whipping Cream,AttuneDilut
AF 6,72 Hours,7.3,0,0,5,1,0,1,NA,0.16666666666666666,0.8333333333333334,0.16666666666666666,NA,0,NA,0,Whipping Cream,AttuneDilut
AF 6,72 Hours,7.4,0,0,5,1,0,1,NA,0.16666666666666666,0.8333333333333334,0.16666666666666666,NA,0,NA,0,Whipping Cream,AttuneDilut
AF 6,72 Hours,7.5,0,0,5,1,0,1,NA,0.16666666666666666,0.8333333333333334,0.16666666666666666,NA,0,NA,0,Whipping Cream,AttuneDilut
AF 6,72 Hours,7.6,0,0,5,1,0,1,NA,0.16666666666666666,0.8333333333333334,0.16666666666666666,NA,0,NA,0,Whipping Cream,AttuneDilut
AF 6,72 Hours,7.699999999999999,0,0,5,1,0,1,NA,0.16666666666666666,0.8333333333333334,0.16666666666666666,NA,0,NA,0,Whipping Cream,AttuneDilut
AF 6,72 Hours,7.8,0,0,5,1,0,1,NA,0.16666666666666666,0.8333333333333334,0.16666666666666666,NA,0,NA,0,Whipping Cream,AttuneDilut
AF 7,12 Hours,-0.4,5,1,0,0,1,0,0.8333333333333334,NA,0.8333333333333334,0.8333333333333334,0.9090909090909091,0.8333333333333334,NA,0,Whipping Cream,AttuneDilut
AF 7,12 Hours,-0.30000000000000004,5,0,0,1,1,1,1,1,0.8333333333333334,1,1,1,1,1,Whipping Cream,AttuneDilut
AF 7,12 Hours,-0.2,5,0,0,1,1,1,1,1,0.8333333333333334,1,1,1,1,1,Whipping Cream,AttuneDilut
AF 7,12 Hours,-0.09999999999999998,5,0,0,1,1,1,1,1,0.8333333333333334,1,1,1,1,1,Whipping Cream,AttuneDilut
AF 7,12 Hours,0,5,0,0,1,1,1,1,1,0.8333333333333334,1,1,1,1,1,Whipping Cream,AttuneDilut
AF 7,12 Hours,0.09999999999999998,5,0,0,1,1,1,1,1,0.8333333333333334,1,1,1,1,1,Whipping Cream,AttuneDilut
AF 7,12 Hours,0.20000000000000007,5,0,0,1,1,1,1,1,0.8333333333333334,1,1,1,1,1,Whipping Cream,AttuneDilut
AF 7,12 Hours,0.30000000000000004,5,0,0,1,1,1,1,1,0.8333333333333334,1,1,1,1,1,Whipping Cream,AttuneDilut
AF 7,12 Hours,0.4,5,0,0,1,1,1,1,1,0.8333333333333334,1,1,1,1,1,Whipping Cream,AttuneDilut
AF 7,12 Hours,0.5,5,0,0,1,1,1,1,1,0.8333333333333334,1,1,1,1,1,Whipping Cream,AttuneDilut
AF 7,12 Hours,0.6,5,0,0,1,1,1,1,1,0.8333333333333334,1,1,1,1,1,Whipping Cream,AttuneDilut
AF 7,12 Hours,0.7000000000000001,5,0,0,1,1,1,1,1,0.8333333333333334,1,1,1,1,1,Whipping Cream,AttuneDilut
AF 7,12 Hours,0.8000000000000002,5,0,0,1,1,1,1,1,0.8333333333333334,1,1,1,1,1,Whipping Cream,AttuneDilut
AF 7,12 Hours,0.9,5,0,0,1,1,1,1,1,0.8333333333333334,1,1,1,1,1,Whipping Cream,AttuneDilut
AF 7,12 Hours,1,5,0,0,1,1,1,1,1,0.8333333333333334,1,1,1,1,1,Whipping Cream,AttuneDilut
AF 7,12 Hours,1.1,5,0,0,1,1,1,1,1,0.8333333333333334,1,1,1,1,1,Whipping Cream,AttuneDilut
AF 7,12 Hours,1.2000000000000002,5,0,0,1,1,1,1,1,0.8333333333333334,1,1,1,1,1,Whipping Cream,AttuneDilut
AF 7,12 Hours,1.3000000000000003,5,0,0,1,1,1,1,1,0.8333333333333334,1,1,1,1,1,Whipping Cream,AttuneDilut
AF 7,12 Hours,1.4,5,0,0,1,1,1,1,1,0.8333333333333334,1,1,1,1,1,Whipping Cream,AttuneDilut
AF 7,12 Hours,1.5,5,0,0,1,1,1,1,1,0.8333333333333334,1,1,1,1,1,Whipping Cream,AttuneDilut
AF 7,12 Hours,1.6,5,0,0,1,1,1,1,1,0.8333333333333334,1,1,1,1,1,Whipping Cream,AttuneDilut
AF 7,12 Hours,1.7000000000000002,5,0,0,1,1,1,1,1,0.8333333333333334,1,1,1,1,1,Whipping Cream,AttuneDilut
AF 7,12 Hours,1.8000000000000003,5,0,0,1,1,1,1,1,0.8333333333333334,1,1,1,1,1,Whipping Cream,AttuneDilut
AF 7,12 Hours,1.9000000000000004,5,0,0,1,1,1,1,1,0.8333333333333334,1,1,1,1,1,Whipping Cream,AttuneDilut
AF 7,12 Hours,2.0000000000000004,5,0,0,1,1,1,1,1,0.8333333333333334,1,1,1,1,1,Whipping Cream,AttuneDilut
AF 7,12 Hours,2.1,5,0,0,1,1,1,1,1,0.8333333333333334,1,1,1,1,1,Whipping Cream,AttuneDilut
AF 7,12 Hours,2.2,5,0,0,1,1,1,1,1,0.8333333333333334,1,1,1,1,1,Whipping Cream,AttuneDilut
AF 7,12 Hours,2.3000000000000003,5,0,0,1,1,1,1,1,0.8333333333333334,1,1,1,1,1,Whipping Cream,AttuneDilut
AF 7,12 Hours,2.4000000000000004,5,0,0,1,1,1,1,1,0.8333333333333334,1,1,1,1,1,Whipping Cream,AttuneDilut
AF 7,12 Hours,2.5000000000000004,5,0,0,1,1,1,1,1,0.8333333333333334,1,1,1,1,1,Whipping Cream,AttuneDilut
AF 7,12 Hours,2.6,5,0,0,1,1,1,1,1,0.8333333333333334,1,1,1,1,1,Whipping Cream,AttuneDilut
AF 7,12 Hours,2.7,5,0,0,1,1,1,1,1,0.8333333333333334,1,1,1,1,1,Whipping Cream,AttuneDilut
AF 7,12 Hours,2.8000000000000003,5,0,0,1,1,1,1,1,0.8333333333333334,1,1,1,1,1,Whipping Cream,AttuneDilut
AF 7,12 Hours,2.9000000000000004,5,0,0,1,1,1,1,1,0.8333333333333334,1,1,1,1,1,Whipping Cream,AttuneDilut
AF 7,12 Hours,3.0000000000000004,5,0,0,1,1,1,1,1,0.8333333333333334,1,1,1,1,1,Whipping Cream,AttuneDilut
AF 7,12 Hours,3.1,5,0,0,1,1,1,1,1,0.8333333333333334,1,1,1,1,1,Whipping Cream,AttuneDilut
AF 7,12 Hours,3.2,5,0,0,1,1,1,1,1,0.8333333333333334,1,1,1,1,1,Whipping Cream,AttuneDilut
AF 7,12 Hours,3.3000000000000003,5,0,0,1,1,1,1,1,0.8333333333333334,1,1,1,1,1,Whipping Cream,AttuneDilut
AF 7,12 Hours,3.4000000000000004,5,0,0,1,1,1,1,1,0.8333333333333334,1,1,1,1,1,Whipping Cream,AttuneDilut
AF 7,12 Hours,3.5000000000000004,5,0,0,1,1,1,1,1,0.8333333333333334,1,1,1,1,1,Whipping Cream,AttuneDilut
AF 7,12 Hours,3.6,5,0,0,1,1,1,1,1,0.8333333333333334,1,1,1,1,1,Whipping Cream,AttuneDilut
AF 7,12 Hours,3.7000000000000006,5,0,0,1,1,1,1,1,0.8333333333333334,1,1,1,1,1,Whipping Cream,AttuneDilut
AF 7,12 Hours,3.8000000000000003,5,0,0,1,1,1,1,1,0.8333333333333334,1,1,1,1,1,Whipping Cream,AttuneDilut
AF 7,12 Hours,3.9,5,0,0,1,1,1,1,1,0.8333333333333334,1,1,1,1,1,Whipping Cream,AttuneDilut
AF 7,12 Hours,4,4,0,1,1,0.8,1,1,0.5,0.8333333333333334,0.8333333333333334,0.888888888888889,0.8,0.6324555320336759,0.8,Whipping Cream,AttuneDilut
AF 7,12 Hours,4.1,2,0,3,1,0.4,1,1,0.25,0.8333333333333334,0.5,0.5714285714285715,0.4,0.31622776601683794,0.3999999999999999,Whipping Cream,AttuneDilut
AF 7,12 Hours,4.2,1,0,4,1,0.2,1,1,0.2,0.8333333333333334,0.3333333333333333,0.33333333333333337,0.2,0.2,0.19999999999999996,Whipping Cream,AttuneDilut
AF 7,12 Hours,4.3,0,0,5,1,0,1,NA,0.16666666666666666,0.8333333333333334,0.16666666666666666,NA,0,NA,0,Whipping Cream,AttuneDilut
AF 7,12 Hours,4.4,0,0,5,1,0,1,NA,0.16666666666666666,0.8333333333333334,0.16666666666666666,NA,0,NA,0,Whipping Cream,AttuneDilut
AF 7,12 Hours,4.5,0,0,5,1,0,1,NA,0.16666666666666666,0.8333333333333334,0.16666666666666666,NA,0,NA,0,Whipping Cream,AttuneDilut
AF 7,12 Hours,4.6,0,0,5,1,0,1,NA,0.16666666666666666,0.8333333333333334,0.16666666666666666,NA,0,NA,0,Whipping Cream,AttuneDilut
AF 7,12 Hours,4.7,0,0,5,1,0,1,NA,0.16666666666666666,0.8333333333333334,0.16666666666666666,NA,0,NA,0,Whipping Cream,AttuneDilut
AF 7,12 Hours,4.8,0,0,5,1,0,1,NA,0.16666666666666666,0.8333333333333334,0.16666666666666666,NA,0,NA,0,Whipping Cream,AttuneDilut
AF 7,12 Hours,4.9,0,0,5,1,0,1,NA,0.16666666666666666,0.8333333333333334,0.16666666666666666,NA,0,NA,0,Whipping Cream,AttuneDilut
AF 7,12 Hours,5,0,0,5,1,0,1,NA,0.16666666666666666,0.8333333333333334,0.16666666666666666,NA,0,NA,0,Whipping Cream,AttuneDilut
AF 7,12 Hours,5.1,0,0,5,1,0,1,NA,0.16666666666666666,0.8333333333333334,0.16666666666666666,NA,0,NA,0,Whipping Cream,AttuneDilut
AF 7,12 Hours,5.2,0,0,5,1,0,1,NA,0.16666666666666666,0.8333333333333334,0.16666666666666666,NA,0,NA,0,Whipping Cream,AttuneDilut
AF 7,12 Hours,5.3,0,0,5,1,0,1,NA,0.16666666666666666,0.8333333333333334,0.16666666666666666,NA,0,NA,0,Whipping Cream,AttuneDilut
AF 7,12 Hours,5.4,0,0,5,1,0,1,NA,0.16666666666666666,0.8333333333333334,0.16666666666666666,NA,0,NA,0,Whipping Cream,AttuneDilut
AF 7,12 Hours,5.5,0,0,5,1,0,1,NA,0.16666666666666666,0.8333333333333334,0.16666666666666666,NA,0,NA,0,Whipping Cream,AttuneDilut
AF 7,12 Hours,5.6,0,0,5,1,0,1,NA,0.16666666666666666,0.8333333333333334,0.16666666666666666,NA,0,NA,0,Whipping Cream,AttuneDilut
AF 7,12 Hours,5.7,0,0,5,1,0,1,NA,0.16666666666666666,0.8333333333333334,0.16666666666666666,NA,0,NA,0,Whipping Cream,AttuneDilut
AF 7,12 Hours,5.8,0,0,5,1,0,1,NA,0.16666666666666666,0.8333333333333334,0.16666666666666666,NA,0,NA,0,Whipping Cream,AttuneDilut
AF 7,12 Hours,5.9,0,0,5,1,0,1,NA,0.16666666666666666,0.8333333333333334,0.16666666666666666,NA,0,NA,0,Whipping Cream,AttuneDilut
AF 7,12 Hours,6,0,0,5,1,0,1,NA,0.16666666666666666,0.8333333333333334,0.16666666666666666,NA,0,NA,0,Whipping Cream,AttuneDilut
AF 7,12 Hours,6.1,0,0,5,1,0,1,NA,0.16666666666666666,0.8333333333333334,0.16666666666666666,NA,0,NA,0,Whipping Cream,AttuneDilut
AF 7,12 Hours,6.2,0,0,5,1,0,1,NA,0.16666666666666666,0.8333333333333334,0.16666666666666666,NA,0,NA,0,Whipping Cream,AttuneDilut
AF 7,12 Hours,6.3,0,0,5,1,0,1,NA,0.16666666666666666,0.8333333333333334,0.16666666666666666,NA,0,NA,0,Whipping Cream,AttuneDilut
AF 7,12 Hours,6.4,0,0,5,1,0,1,NA,0.16666666666666666,0.8333333333333334,0.16666666666666666,NA,0,NA,0,Whipping Cream,AttuneDilut
AF 7,12 Hours,6.5,0,0,5,1,0,1,NA,0.16666666666666666,0.8333333333333334,0.16666666666666666,NA,0,NA,0,Whipping Cream,AttuneDilut
AF 7,12 Hours,6.6,0,0,5,1,0,1,NA,0.16666666666666666,0.8333333333333334,0.16666666666666666,NA,0,NA,0,Whipping Cream,AttuneDilut
AF 7,12 Hours,6.7,0,0,5,1,0,1,NA,0.16666666666666666,0.8333333333333334,0.16666666666666666,NA,0,NA,0,Whipping Cream,AttuneDilut
AF 7,12 Hours,6.8,0,0,5,1,0,1,NA,0.16666666666666666,0.8333333333333334,0.16666666666666666,NA,0,NA,0,Whipping Cream,AttuneDilut
AF 7,12 Hours,6.9,0,0,5,1,0,1,NA,0.16666666666666666,0.8333333333333334,0.16666666666666666,NA,0,NA,0,Whipping Cream,AttuneDilut
AF 7,12 Hours,7,0,0,5,1,0,1,NA,0.16666666666666666,0.8333333333333334,0.16666666666666666,NA,0,NA,0,Whipping Cream,AttuneDilut
AF 7,12 Hours,7.1,0,0,5,1,0,1,NA,0.16666666666666666,0.8333333333333334,0.16666666666666666,NA,0,NA,0,Whipping Cream,AttuneDilut
AF 7,12 Hours,7.2,0,0,5,1,0,1,NA,0.16666666666666666,0.8333333333333334,0.16666666666666666,NA,0,NA,0,Whipping Cream,AttuneDilut
AF 7,12 Hours,7.3,0,0,5,1,0,1,NA,0.16666666666666666,0.8333333333333334,0.16666666666666666,NA,0,NA,0,Whipping Cream,AttuneDilut
AF 7,12 Hours,7.4,0,0,5,1,0,1,NA,0.16666666666666666,0.8333333333333334,0.16666666666666666,NA,0,NA,0,Whipping Cream,AttuneDilut
AF 7,12 Hours,7.5,0,0,5,1,0,1,NA,0.16666666666666666,0.8333333333333334,0.16666666666666666,NA,0,NA,0,Whipping Cream,AttuneDilut
AF 7,12 Hours,7.6,0,0,5,1,0,1,NA,0.16666666666666666,0.8333333333333334,0.16666666666666666,NA,0,NA,0,Whipping Cream,AttuneDilut
AF 7,12 Hours,7.699999999999999,0,0,5,1,0,1,NA,0.16666666666666666,0.8333333333333334,0.16666666666666666,NA,0,NA,0,Whipping Cream,AttuneDilut
AF 7,12 Hours,7.8,0,0,5,1,0,1,NA,0.16666666666666666,0.8333333333333334,0.16666666666666666,NA,0,NA,0,Whipping Cream,AttuneDilut
AF 7,24 Hours,-0.4,5,1,0,0,1,0,0.8333333333333334,NA,0.8333333333333334,0.8333333333333334,0.9090909090909091,0.8333333333333334,NA,0,Whipping Cream,AttuneDilut
AF 7,24 Hours,-0.30000000000000004,5,1,0,0,1,0,0.8333333333333334,NA,0.8333333333333334,0.8333333333333334,0.9090909090909091,0.8333333333333334,NA,0,Whipping Cream,AttuneDilut
AF 7,24 Hours,-0.2,5,1,0,0,1,0,0.8333333333333334,NA,0.8333333333333334,0.8333333333333334,0.9090909090909091,0.8333333333333334,NA,0,Whipping Cream,AttuneDilut
AF 7,24 Hours,-0.09999999999999998,5,1,0,0,1,0,0.8333333333333334,NA,0.8333333333333334,0.8333333333333334,0.9090909090909091,0.8333333333333334,NA,0,Whipping Cream,AttuneDilut
AF 7,24 Hours,0,5,1,0,0,1,0,0.8333333333333334,NA,0.8333333333333334,0.8333333333333334,0.9090909090909091,0.8333333333333334,NA,0,Whipping Cream,AttuneDilut
AF 7,24 Hours,0.09999999999999998,5,1,0,0,1,0,0.8333333333333334,NA,0.8333333333333334,0.8333333333333334,0.9090909090909091,0.8333333333333334,NA,0,Whipping Cream,AttuneDilut
AF 7,24 Hours,0.20000000000000007,5,1,0,0,1,0,0.8333333333333334,NA,0.8333333333333334,0.8333333333333334,0.9090909090909091,0.8333333333333334,NA,0,Whipping Cream,AttuneDilut
AF 7,24 Hours,0.30000000000000004,5,1,0,0,1,0,0.8333333333333334,NA,0.8333333333333334,0.8333333333333334,0.9090909090909091,0.8333333333333334,NA,0,Whipping Cream,AttuneDilut
AF 7,24 Hours,0.4,5,1,0,0,1,0,0.8333333333333334,NA,0.8333333333333334,0.8333333333333334,0.9090909090909091,0.8333333333333334,NA,0,Whipping Cream,AttuneDilut
AF 7,24 Hours,0.5,5,1,0,0,1,0,0.8333333333333334,NA,0.8333333333333334,0.8333333333333334,0.9090909090909091,0.8333333333333334,NA,0,Whipping Cream,AttuneDilut
AF 7,24 Hours,0.6,5,1,0,0,1,0,0.8333333333333334,NA,0.8333333333333334,0.8333333333333334,0.9090909090909091,0.8333333333333334,NA,0,Whipping Cream,AttuneDilut
AF 7,24 Hours,0.7000000000000001,5,1,0,0,1,0,0.8333333333333334,NA,0.8333333333333334,0.8333333333333334,0.9090909090909091,0.8333333333333334,NA,0,Whipping Cream,AttuneDilut
AF 7,24 Hours,0.8000000000000002,5,1,0,0,1,0,0.8333333333333334,NA,0.8333333333333334,0.8333333333333334,0.9090909090909091,0.8333333333333334,NA,0,Whipping Cream,AttuneDilut
AF 7,24 Hours,0.9,5,1,0,0,1,0,0.8333333333333334,NA,0.8333333333333334,0.8333333333333334,0.9090909090909091,0.8333333333333334,NA,0,Whipping Cream,AttuneDilut
AF 7,24 Hours,1,5,1,0,0,1,0,0.8333333333333334,NA,0.8333333333333334,0.8333333333333334,0.9090909090909091,0.8333333333333334,NA,0,Whipping Cream,AttuneDilut
AF 7,24 Hours,1.1,5,1,0,0,1,0,0.8333333333333334,NA,0.8333333333333334,0.8333333333333334,0.9090909090909091,0.8333333333333334,NA,0,Whipping Cream,AttuneDilut
AF 7,24 Hours,1.2000000000000002,5,1,0,0,1,0,0.8333333333333334,NA,0.8333333333333334,0.8333333333333334,0.9090909090909091,0.8333333333333334,NA,0,Whipping Cream,AttuneDilut
AF 7,24 Hours,1.3000000000000003,5,1,0,0,1,0,0.8333333333333334,NA,0.8333333333333334,0.8333333333333334,0.9090909090909091,0.8333333333333334,NA,0,Whipping Cream,AttuneDilut
AF 7,24 Hours,1.4,5,1,0,0,1,0,0.8333333333333334,NA,0.8333333333333334,0.8333333333333334,0.9090909090909091,0.8333333333333334,NA,0,Whipping Cream,AttuneDilut
AF 7,24 Hours,1.5,5,1,0,0,1,0,0.8333333333333334,NA,0.8333333333333334,0.8333333333333334,0.9090909090909091,0.8333333333333334,NA,0,Whipping Cream,AttuneDilut
AF 7,24 Hours,1.6,5,1,0,0,1,0,0.8333333333333334,NA,0.8333333333333334,0.8333333333333334,0.9090909090909091,0.8333333333333334,NA,0,Whipping Cream,AttuneDilut
AF 7,24 Hours,1.7000000000000002,5,1,0,0,1,0,0.8333333333333334,NA,0.8333333333333334,0.8333333333333334,0.9090909090909091,0.8333333333333334,NA,0,Whipping Cream,AttuneDilut
AF 7,24 Hours,1.8000000000000003,5,1,0,0,1,0,0.8333333333333334,NA,0.8333333333333334,0.8333333333333334,0.9090909090909091,0.8333333333333334,NA,0,Whipping Cream,AttuneDilut
AF 7,24 Hours,1.9000000000000004,5,1,0,0,1,0,0.8333333333333334,NA,0.8333333333333334,0.8333333333333334,0.9090909090909091,0.8333333333333334,NA,0,Whipping Cream,AttuneDilut
AF 7,24 Hours,2.0000000000000004,5,0,0,1,1,1,1,1,0.8333333333333334,1,1,1,1,1,Whipping Cream,AttuneDilut
AF 7,24 Hours,2.1,5,0,0,1,1,1,1,1,0.8333333333333334,1,1,1,1,1,Whipping Cream,AttuneDilut
AF 7,24 Hours,2.2,5,0,0,1,1,1,1,1,0.8333333333333334,1,1,1,1,1,Whipping Cream,AttuneDilut
AF 7,24 Hours,2.3000000000000003,5,0,0,1,1,1,1,1,0.8333333333333334,1,1,1,1,1,Whipping Cream,AttuneDilut
AF 7,24 Hours,2.4000000000000004,5,0,0,1,1,1,1,1,0.8333333333333334,1,1,1,1,1,Whipping Cream,AttuneDilut
AF 7,24 Hours,2.5000000000000004,5,0,0,1,1,1,1,1,0.8333333333333334,1,1,1,1,1,Whipping Cream,AttuneDilut
AF 7,24 Hours,2.6,5,0,0,1,1,1,1,1,0.8333333333333334,1,1,1,1,1,Whipping Cream,AttuneDilut
AF 7,24 Hours,2.7,5,0,0,1,1,1,1,1,0.8333333333333334,1,1,1,1,1,Whipping Cream,AttuneDilut
AF 7,24 Hours,2.8000000000000003,5,0,0,1,1,1,1,1,0.8333333333333334,1,1,1,1,1,Whipping Cream,AttuneDilut
AF 7,24 Hours,2.9000000000000004,5,0,0,1,1,1,1,1,0.8333333333333334,1,1,1,1,1,Whipping Cream,AttuneDilut
AF 7,24 Hours,3.0000000000000004,5,0,0,1,1,1,1,1,0.8333333333333334,1,1,1,1,1,Whipping Cream,AttuneDilut
AF 7,24 Hours,3.1,5,0,0,1,1,1,1,1,0.8333333333333334,1,1,1,1,1,Whipping Cream,AttuneDilut
AF 7,24 Hours,3.2,5,0,0,1,1,1,1,1,0.8333333333333334,1,1,1,1,1,Whipping Cream,AttuneDilut
AF 7,24 Hours,3.3000000000000003,5,0,0,1,1,1,1,1,0.8333333333333334,1,1,1,1,1,Whipping Cream,AttuneDilut
AF 7,24 Hours,3.4000000000000004,5,0,0,1,1,1,1,1,0.8333333333333334,1,1,1,1,1,Whipping Cream,AttuneDilut
AF 7,24 Hours,3.5000000000000004,5,0,0,1,1,1,1,1,0.8333333333333334,1,1,1,1,1,Whipping Cream,AttuneDilut
AF 7,24 Hours,3.6,5,0,0,1,1,1,1,1,0.8333333333333334,1,1,1,1,1,Whipping Cream,AttuneDilut
AF 7,24 Hours,3.7000000000000006,5,0,0,1,1,1,1,1,0.8333333333333334,1,1,1,1,1,Whipping Cream,AttuneDilut
AF 7,24 Hours,3.8000000000000003,5,0,0,1,1,1,1,1,0.8333333333333334,1,1,1,1,1,Whipping Cream,AttuneDilut
AF 7,24 Hours,3.9,5,0,0,1,1,1,1,1,0.8333333333333334,1,1,1,1,1,Whipping Cream,AttuneDilut
AF 7,24 Hours,4,5,0,0,1,1,1,1,1,0.8333333333333334,1,1,1,1,1,Whipping Cream,AttuneDilut
AF 7,24 Hours,4.1,5,0,0,1,1,1,1,1,0.8333333333333334,1,1,1,1,1,Whipping Cream,AttuneDilut
AF 7,24 Hours,4.2,5,0,0,1,1,1,1,1,0.8333333333333334,1,1,1,1,1,Whipping Cream,AttuneDilut
AF 7,24 Hours,4.3,5,0,0,1,1,1,1,1,0.8333333333333334,1,1,1,1,1,Whipping Cream,AttuneDilut
AF 7,24 Hours,4.4,5,0,0,1,1,1,1,1,0.8333333333333334,1,1,1,1,1,Whipping Cream,AttuneDilut
AF 7,24 Hours,4.5,5,0,0,1,1,1,1,1,0.8333333333333334,1,1,1,1,1,Whipping Cream,AttuneDilut
AF 7,24 Hours,4.6,5,0,0,1,1,1,1,1,0.8333333333333334,1,1,1,1,1,Whipping Cream,AttuneDilut
AF 7,24 Hours,4.7,4,0,1,1,0.8,1,1,0.5,0.8333333333333334,0.8333333333333334,0.888888888888889,0.8,0.6324555320336759,0.8,Whipping Cream,AttuneDilut
AF 7,24 Hours,4.8,3,0,2,1,0.6,1,1,0.3333333333333333,0.8333333333333334,0.6666666666666666,0.7499999999999999,0.6,0.44721359549995793,0.6000000000000001,Whipping Cream,AttuneDilut
AF 7,24 Hours,4.9,2,0,3,1,0.4,1,1,0.25,0.8333333333333334,0.5,0.5714285714285715,0.4,0.31622776601683794,0.3999999999999999,Whipping Cream,AttuneDilut
AF 7,24 Hours,5,2,0,3,1,0.4,1,1,0.25,0.8333333333333334,0.5,0.5714285714285715,0.4,0.31622776601683794,0.3999999999999999,Whipping Cream,AttuneDilut
AF 7,24 Hours,5.1,1,0,4,1,0.2,1,1,0.2,0.8333333333333334,0.3333333333333333,0.33333333333333337,0.2,0.2,0.19999999999999996,Whipping Cream,AttuneDilut
AF 7,24 Hours,5.2,1,0,4,1,0.2,1,1,0.2,0.8333333333333334,0.3333333333333333,0.33333333333333337,0.2,0.2,0.19999999999999996,Whipping Cream,AttuneDilut
AF 7,24 Hours,5.3,1,0,4,1,0.2,1,1,0.2,0.8333333333333334,0.3333333333333333,0.33333333333333337,0.2,0.2,0.19999999999999996,Whipping Cream,AttuneDilut
AF 7,24 Hours,5.4,0,0,5,1,0,1,NA,0.16666666666666666,0.8333333333333334,0.16666666666666666,NA,0,NA,0,Whipping Cream,AttuneDilut
AF 7,24 Hours,5.5,0,0,5,1,0,1,NA,0.16666666666666666,0.8333333333333334,0.16666666666666666,NA,0,NA,0,Whipping Cream,AttuneDilut
AF 7,24 Hours,5.6,0,0,5,1,0,1,NA,0.16666666666666666,0.8333333333333334,0.16666666666666666,NA,0,NA,0,Whipping Cream,AttuneDilut
AF 7,24 Hours,5.7,0,0,5,1,0,1,NA,0.16666666666666666,0.8333333333333334,0.16666666666666666,NA,0,NA,0,Whipping Cream,AttuneDilut
AF 7,24 Hours,5.8,0,0,5,1,0,1,NA,0.16666666666666666,0.8333333333333334,0.16666666666666666,NA,0,NA,0,Whipping Cream,AttuneDilut
AF 7,24 Hours,5.9,0,0,5,1,0,1,NA,0.16666666666666666,0.8333333333333334,0.16666666666666666,NA,0,NA,0,Whipping Cream,AttuneDilut
AF 7,24 Hours,6,0,0,5,1,0,1,NA,0.16666666666666666,0.8333333333333334,0.16666666666666666,NA,0,NA,0,Whipping Cream,AttuneDilut
AF 7,24 Hours,6.1,0,0,5,1,0,1,NA,0.16666666666666666,0.8333333333333334,0.16666666666666666,NA,0,NA,0,Whipping Cream,AttuneDilut
AF 7,24 Hours,6.2,0,0,5,1,0,1,NA,0.16666666666666666,0.8333333333333334,0.16666666666666666,NA,0,NA,0,Whipping Cream,AttuneDilut
AF 7,24 Hours,6.3,0,0,5,1,0,1,NA,0.16666666666666666,0.8333333333333334,0.16666666666666666,NA,0,NA,0,Whipping Cream,AttuneDilut
AF 7,24 Hours,6.4,0,0,5,1,0,1,NA,0.16666666666666666,0.8333333333333334,0.16666666666666666,NA,0,NA,0,Whipping Cream,AttuneDilut
AF 7,24 Hours,6.5,0,0,5,1,0,1,NA,0.16666666666666666,0.8333333333333334,0.16666666666666666,NA,0,NA,0,Whipping Cream,AttuneDilut
AF 7,24 Hours,6.6,0,0,5,1,0,1,NA,0.16666666666666666,0.8333333333333334,0.16666666666666666,NA,0,NA,0,Whipping Cream,AttuneDilut
AF 7,24 Hours,6.7,0,0,5,1,0,1,NA,0.16666666666666666,0.8333333333333334,0.16666666666666666,NA,0,NA,0,Whipping Cream,AttuneDilut
AF 7,24 Hours,6.8,0,0,5,1,0,1,NA,0.16666666666666666,0.8333333333333334,0.16666666666666666,NA,0,NA,0,Whipping Cream,AttuneDilut
AF 7,24 Hours,6.9,0,0,5,1,0,1,NA,0.16666666666666666,0.8333333333333334,0.16666666666666666,NA,0,NA,0,Whipping Cream,AttuneDilut
AF 7,24 Hours,7,0,0,5,1,0,1,NA,0.16666666666666666,0.8333333333333334,0.16666666666666666,NA,0,NA,0,Whipping Cream,AttuneDilut
AF 7,24 Hours,7.1,0,0,5,1,0,1,NA,0.16666666666666666,0.8333333333333334,0.16666666666666666,NA,0,NA,0,Whipping Cream,AttuneDilut
AF 7,24 Hours,7.2,0,0,5,1,0,1,NA,0.16666666666666666,0.8333333333333334,0.16666666666666666,NA,0,NA,0,Whipping Cream,AttuneDilut
AF 7,24 Hours,7.3,0,0,5,1,0,1,NA,0.16666666666666666,0.8333333333333334,0.16666666666666666,NA,0,NA,0,Whipping Cream,AttuneDilut
AF 7,24 Hours,7.4,0,0,5,1,0,1,NA,0.16666666666666666,0.8333333333333334,0.16666666666666666,NA,0,NA,0,Whipping Cream,AttuneDilut
AF 7,24 Hours,7.5,0,0,5,1,0,1,NA,0.16666666666666666,0.8333333333333334,0.16666666666666666,NA,0,NA,0,Whipping Cream,AttuneDilut
AF 7,24 Hours,7.6,0,0,5,1,0,1,NA,0.16666666666666666,0.8333333333333334,0.16666666666666666,NA,0,NA,0,Whipping Cream,AttuneDilut
AF 7,24 Hours,7.699999999999999,0,0,5,1,0,1,NA,0.16666666666666666,0.8333333333333334,0.16666666666666666,NA,0,NA,0,Whipping Cream,AttuneDilut
AF 7,24 Hours,7.8,0,0,5,1,0,1,NA,0.16666666666666666,0.8333333333333334,0.16666666666666666,NA,0,NA,0,Whipping Cream,AttuneDilut
AF 7,48 Hours,-0.4,5,1,0,0,1,0,0.8333333333333334,NA,0.8333333333333334,0.8333333333333334,0.9090909090909091,0.8333333333333334,NA,0,Whipping Cream,AttuneDilut
AF 7,48 Hours,-0.30000000000000004,5,0,0,1,1,1,1,1,0.8333333333333334,1,1,1,1,1,Whipping Cream,AttuneDilut
AF 7,48 Hours,-0.2,5,0,0,1,1,1,1,1,0.8333333333333334,1,1,1,1,1,Whipping Cream,AttuneDilut
AF 7,48 Hours,-0.09999999999999998,5,0,0,1,1,1,1,1,0.8333333333333334,1,1,1,1,1,Whipping Cream,AttuneDilut
AF 7,48 Hours,0,5,0,0,1,1,1,1,1,0.8333333333333334,1,1,1,1,1,Whipping Cream,AttuneDilut
AF 7,48 Hours,0.09999999999999998,5,0,0,1,1,1,1,1,0.8333333333333334,1,1,1,1,1,Whipping Cream,AttuneDilut
AF 7,48 Hours,0.20000000000000007,5,0,0,1,1,1,1,1,0.8333333333333334,1,1,1,1,1,Whipping Cream,AttuneDilut
AF 7,48 Hours,0.30000000000000004,5,0,0,1,1,1,1,1,0.8333333333333334,1,1,1,1,1,Whipping Cream,AttuneDilut
AF 7,48 Hours,0.4,5,0,0,1,1,1,1,1,0.8333333333333334,1,1,1,1,1,Whipping Cream,AttuneDilut
AF 7,48 Hours,0.5,5,0,0,1,1,1,1,1,0.8333333333333334,1,1,1,1,1,Whipping Cream,AttuneDilut
AF 7,48 Hours,0.6,5,0,0,1,1,1,1,1,0.8333333333333334,1,1,1,1,1,Whipping Cream,AttuneDilut
AF 7,48 Hours,0.7000000000000001,5,0,0,1,1,1,1,1,0.8333333333333334,1,1,1,1,1,Whipping Cream,AttuneDilut
AF 7,48 Hours,0.8000000000000002,5,0,0,1,1,1,1,1,0.8333333333333334,1,1,1,1,1,Whipping Cream,AttuneDilut
AF 7,48 Hours,0.9,5,0,0,1,1,1,1,1,0.8333333333333334,1,1,1,1,1,Whipping Cream,AttuneDilut
AF 7,48 Hours,1,5,0,0,1,1,1,1,1,0.8333333333333334,1,1,1,1,1,Whipping Cream,AttuneDilut
AF 7,48 Hours,1.1,5,0,0,1,1,1,1,1,0.8333333333333334,1,1,1,1,1,Whipping Cream,AttuneDilut
AF 7,48 Hours,1.2000000000000002,5,0,0,1,1,1,1,1,0.8333333333333334,1,1,1,1,1,Whipping Cream,AttuneDilut
AF 7,48 Hours,1.3000000000000003,5,0,0,1,1,1,1,1,0.8333333333333334,1,1,1,1,1,Whipping Cream,AttuneDilut
AF 7,48 Hours,1.4,5,0,0,1,1,1,1,1,0.8333333333333334,1,1,1,1,1,Whipping Cream,AttuneDilut
AF 7,48 Hours,1.5,5,0,0,1,1,1,1,1,0.8333333333333334,1,1,1,1,1,Whipping Cream,AttuneDilut
AF 7,48 Hours,1.6,5,0,0,1,1,1,1,1,0.8333333333333334,1,1,1,1,1,Whipping Cream,AttuneDilut
AF 7,48 Hours,1.7000000000000002,5,0,0,1,1,1,1,1,0.8333333333333334,1,1,1,1,1,Whipping Cream,AttuneDilut
AF 7,48 Hours,1.8000000000000003,5,0,0,1,1,1,1,1,0.8333333333333334,1,1,1,1,1,Whipping Cream,AttuneDilut
AF 7,48 Hours,1.9000000000000004,5,0,0,1,1,1,1,1,0.8333333333333334,1,1,1,1,1,Whipping Cream,AttuneDilut
AF 7,48 Hours,2.0000000000000004,5,0,0,1,1,1,1,1,0.8333333333333334,1,1,1,1,1,Whipping Cream,AttuneDilut
AF 7,48 Hours,2.1,5,0,0,1,1,1,1,1,0.8333333333333334,1,1,1,1,1,Whipping Cream,AttuneDilut
AF 7,48 Hours,2.2,5,0,0,1,1,1,1,1,0.8333333333333334,1,1,1,1,1,Whipping Cream,AttuneDilut
AF 7,48 Hours,2.3000000000000003,5,0,0,1,1,1,1,1,0.8333333333333334,1,1,1,1,1,Whipping Cream,AttuneDilut
AF 7,48 Hours,2.4000000000000004,5,0,0,1,1,1,1,1,0.8333333333333334,1,1,1,1,1,Whipping Cream,AttuneDilut
AF 7,48 Hours,2.5000000000000004,5,0,0,1,1,1,1,1,0.8333333333333334,1,1,1,1,1,Whipping Cream,AttuneDilut
AF 7,48 Hours,2.6,5,0,0,1,1,1,1,1,0.8333333333333334,1,1,1,1,1,Whipping Cream,AttuneDilut
AF 7,48 Hours,2.7,5,0,0,1,1,1,1,1,0.8333333333333334,1,1,1,1,1,Whipping Cream,AttuneDilut
AF 7,48 Hours,2.8000000000000003,5,0,0,1,1,1,1,1,0.8333333333333334,1,1,1,1,1,Whipping Cream,AttuneDilut
AF 7,48 Hours,2.9000000000000004,5,0,0,1,1,1,1,1,0.8333333333333334,1,1,1,1,1,Whipping Cream,AttuneDilut
AF 7,48 Hours,3.0000000000000004,5,0,0,1,1,1,1,1,0.8333333333333334,1,1,1,1,1,Whipping Cream,AttuneDilut
AF 7,48 Hours,3.1,5,0,0,1,1,1,1,1,0.8333333333333334,1,1,1,1,1,Whipping Cream,AttuneDilut
AF 7,48 Hours,3.2,5,0,0,1,1,1,1,1,0.8333333333333334,1,1,1,1,1,Whipping Cream,AttuneDilut
AF 7,48 Hours,3.3000000000000003,5,0,0,1,1,1,1,1,0.8333333333333334,1,1,1,1,1,Whipping Cream,AttuneDilut
AF 7,48 Hours,3.4000000000000004,5,0,0,1,1,1,1,1,0.8333333333333334,1,1,1,1,1,Whipping Cream,AttuneDilut
AF 7,48 Hours,3.5000000000000004,5,0,0,1,1,1,1,1,0.8333333333333334,1,1,1,1,1,Whipping Cream,AttuneDilut
AF 7,48 Hours,3.6,5,0,0,1,1,1,1,1,0.8333333333333334,1,1,1,1,1,Whipping Cream,AttuneDilut
AF 7,48 Hours,3.7000000000000006,5,0,0,1,1,1,1,1,0.8333333333333334,1,1,1,1,1,Whipping Cream,AttuneDilut
AF 7,48 Hours,3.8000000000000003,5,0,0,1,1,1,1,1,0.8333333333333334,1,1,1,1,1,Whipping Cream,AttuneDilut
AF 7,48 Hours,3.9,5,0,0,1,1,1,1,1,0.8333333333333334,1,1,1,1,1,Whipping Cream,AttuneDilut
AF 7,48 Hours,4,5,0,0,1,1,1,1,1,0.8333333333333334,1,1,1,1,1,Whipping Cream,AttuneDilut
AF 7,48 Hours,4.1,4,0,1,1,0.8,1,1,0.5,0.8333333333333334,0.8333333333333334,0.888888888888889,0.8,0.6324555320336759,0.8,Whipping Cream,AttuneDilut
AF 7,48 Hours,4.2,4,0,1,1,0.8,1,1,0.5,0.8333333333333334,0.8333333333333334,0.888888888888889,0.8,0.6324555320336759,0.8,Whipping Cream,AttuneDilut
AF 7,48 Hours,4.3,3,0,2,1,0.6,1,1,0.3333333333333333,0.8333333333333334,0.6666666666666666,0.7499999999999999,0.6,0.44721359549995793,0.6000000000000001,Whipping Cream,AttuneDilut
AF 7,48 Hours,4.4,3,0,2,1,0.6,1,1,0.3333333333333333,0.8333333333333334,0.6666666666666666,0.7499999999999999,0.6,0.44721359549995793,0.6000000000000001,Whipping Cream,AttuneDilut
AF 7,48 Hours,4.5,2,0,3,1,0.4,1,1,0.25,0.8333333333333334,0.5,0.5714285714285715,0.4,0.31622776601683794,0.3999999999999999,Whipping Cream,AttuneDilut
AF 7,48 Hours,4.6,2,0,3,1,0.4,1,1,0.25,0.8333333333333334,0.5,0.5714285714285715,0.4,0.31622776601683794,0.3999999999999999,Whipping Cream,AttuneDilut
AF 7,48 Hours,4.7,2,0,3,1,0.4,1,1,0.25,0.8333333333333334,0.5,0.5714285714285715,0.4,0.31622776601683794,0.3999999999999999,Whipping Cream,AttuneDilut
AF 7,48 Hours,4.8,2,0,3,1,0.4,1,1,0.25,0.8333333333333334,0.5,0.5714285714285715,0.4,0.31622776601683794,0.3999999999999999,Whipping Cream,AttuneDilut
AF 7,48 Hours,4.9,2,0,3,1,0.4,1,1,0.25,0.8333333333333334,0.5,0.5714285714285715,0.4,0.31622776601683794,0.3999999999999999,Whipping Cream,AttuneDilut
AF 7,48 Hours,5,2,0,3,1,0.4,1,1,0.25,0.8333333333333334,0.5,0.5714285714285715,0.4,0.31622776601683794,0.3999999999999999,Whipping Cream,AttuneDilut
AF 7,48 Hours,5.1,2,0,3,1,0.4,1,1,0.25,0.8333333333333334,0.5,0.5714285714285715,0.4,0.31622776601683794,0.3999999999999999,Whipping Cream,AttuneDilut
AF 7,48 Hours,5.2,1,0,4,1,0.2,1,1,0.2,0.8333333333333334,0.3333333333333333,0.33333333333333337,0.2,0.2,0.19999999999999996,Whipping Cream,AttuneDilut
AF 7,48 Hours,5.3,1,0,4,1,0.2,1,1,0.2,0.8333333333333334,0.3333333333333333,0.33333333333333337,0.2,0.2,0.19999999999999996,Whipping Cream,AttuneDilut
AF 7,48 Hours,5.4,1,0,4,1,0.2,1,1,0.2,0.8333333333333334,0.3333333333333333,0.33333333333333337,0.2,0.2,0.19999999999999996,Whipping Cream,AttuneDilut
AF 7,48 Hours,5.5,1,0,4,1,0.2,1,1,0.2,0.8333333333333334,0.3333333333333333,0.33333333333333337,0.2,0.2,0.19999999999999996,Whipping Cream,AttuneDilut
AF 7,48 Hours,5.6,1,0,4,1,0.2,1,1,0.2,0.8333333333333334,0.3333333333333333,0.33333333333333337,0.2,0.2,0.19999999999999996,Whipping Cream,AttuneDilut
AF 7,48 Hours,5.7,1,0,4,1,0.2,1,1,0.2,0.8333333333333334,0.3333333333333333,0.33333333333333337,0.2,0.2,0.19999999999999996,Whipping Cream,AttuneDilut
AF 7,48 Hours,5.8,0,0,5,1,0,1,NA,0.16666666666666666,0.8333333333333334,0.16666666666666666,NA,0,NA,0,Whipping Cream,AttuneDilut
AF 7,48 Hours,5.9,0,0,5,1,0,1,NA,0.16666666666666666,0.8333333333333334,0.16666666666666666,NA,0,NA,0,Whipping Cream,AttuneDilut
AF 7,48 Hours,6,0,0,5,1,0,1,NA,0.16666666666666666,0.8333333333333334,0.16666666666666666,NA,0,NA,0,Whipping Cream,AttuneDilut
AF 7,48 Hours,6.1,0,0,5,1,0,1,NA,0.16666666666666666,0.8333333333333334,0.16666666666666666,NA,0,NA,0,Whipping Cream,AttuneDilut
AF 7,48 Hours,6.2,0,0,5,1,0,1,NA,0.16666666666666666,0.8333333333333334,0.16666666666666666,NA,0,NA,0,Whipping Cream,AttuneDilut
AF 7,48 Hours,6.3,0,0,5,1,0,1,NA,0.16666666666666666,0.8333333333333334,0.16666666666666666,NA,0,NA,0,Whipping Cream,AttuneDilut
AF 7,48 Hours,6.4,0,0,5,1,0,1,NA,0.16666666666666666,0.8333333333333334,0.16666666666666666,NA,0,NA,0,Whipping Cream,AttuneDilut
AF 7,48 Hours,6.5,0,0,5,1,0,1,NA,0.16666666666666666,0.8333333333333334,0.16666666666666666,NA,0,NA,0,Whipping Cream,AttuneDilut
AF 7,48 Hours,6.6,0,0,5,1,0,1,NA,0.16666666666666666,0.8333333333333334,0.16666666666666666,NA,0,NA,0,Whipping Cream,AttuneDilut
AF 7,48 Hours,6.7,0,0,5,1,0,1,NA,0.16666666666666666,0.8333333333333334,0.16666666666666666,NA,0,NA,0,Whipping Cream,AttuneDilut
AF 7,48 Hours,6.8,0,0,5,1,0,1,NA,0.16666666666666666,0.8333333333333334,0.16666666666666666,NA,0,NA,0,Whipping Cream,AttuneDilut
AF 7,48 Hours,6.9,0,0,5,1,0,1,NA,0.16666666666666666,0.8333333333333334,0.16666666666666666,NA,0,NA,0,Whipping Cream,AttuneDilut
AF 7,48 Hours,7,0,0,5,1,0,1,NA,0.16666666666666666,0.8333333333333334,0.16666666666666666,NA,0,NA,0,Whipping Cream,AttuneDilut
AF 7,48 Hours,7.1,0,0,5,1,0,1,NA,0.16666666666666666,0.8333333333333334,0.16666666666666666,NA,0,NA,0,Whipping Cream,AttuneDilut
AF 7,48 Hours,7.2,0,0,5,1,0,1,NA,0.16666666666666666,0.8333333333333334,0.16666666666666666,NA,0,NA,0,Whipping Cream,AttuneDilut
AF 7,48 Hours,7.3,0,0,5,1,0,1,NA,0.16666666666666666,0.8333333333333334,0.16666666666666666,NA,0,NA,0,Whipping Cream,AttuneDilut
AF 7,48 Hours,7.4,0,0,5,1,0,1,NA,0.16666666666666666,0.8333333333333334,0.16666666666666666,NA,0,NA,0,Whipping Cream,AttuneDilut
AF 7,48 Hours,7.5,0,0,5,1,0,1,NA,0.16666666666666666,0.8333333333333334,0.16666666666666666,NA,0,NA,0,Whipping Cream,AttuneDilut
AF 7,48 Hours,7.6,0,0,5,1,0,1,NA,0.16666666666666666,0.8333333333333334,0.16666666666666666,NA,0,NA,0,Whipping Cream,AttuneDilut
AF 7,48 Hours,7.699999999999999,0,0,5,1,0,1,NA,0.16666666666666666,0.8333333333333334,0.16666666666666666,NA,0,NA,0,Whipping Cream,AttuneDilut
AF 7,48 Hours,7.8,0,0,5,1,0,1,NA,0.16666666666666666,0.8333333333333334,0.16666666666666666,NA,0,NA,0,Whipping Cream,AttuneDilut
AF 7,72 Hours,-0.4,5,1,0,0,1,0,0.8333333333333334,NA,0.8333333333333334,0.8333333333333334,0.9090909090909091,0.8333333333333334,NA,0,Whipping Cream,AttuneDilut
AF 7,72 Hours,-0.30000000000000004,5,0,0,1,1,1,1,1,0.8333333333333334,1,1,1,1,1,Whipping Cream,AttuneDilut
AF 7,72 Hours,-0.2,5,0,0,1,1,1,1,1,0.8333333333333334,1,1,1,1,1,Whipping Cream,AttuneDilut
AF 7,72 Hours,-0.09999999999999998,5,0,0,1,1,1,1,1,0.8333333333333334,1,1,1,1,1,Whipping Cream,AttuneDilut
AF 7,72 Hours,0,5,0,0,1,1,1,1,1,0.8333333333333334,1,1,1,1,1,Whipping Cream,AttuneDilut
AF 7,72 Hours,0.09999999999999998,5,0,0,1,1,1,1,1,0.8333333333333334,1,1,1,1,1,Whipping Cream,AttuneDilut
AF 7,72 Hours,0.20000000000000007,5,0,0,1,1,1,1,1,0.8333333333333334,1,1,1,1,1,Whipping Cream,AttuneDilut
AF 7,72 Hours,0.30000000000000004,5,0,0,1,1,1,1,1,0.8333333333333334,1,1,1,1,1,Whipping Cream,AttuneDilut
AF 7,72 Hours,0.4,5,0,0,1,1,1,1,1,0.8333333333333334,1,1,1,1,1,Whipping Cream,AttuneDilut
AF 7,72 Hours,0.5,5,0,0,1,1,1,1,1,0.8333333333333334,1,1,1,1,1,Whipping Cream,AttuneDilut
AF 7,72 Hours,0.6,5,0,0,1,1,1,1,1,0.8333333333333334,1,1,1,1,1,Whipping Cream,AttuneDilut
AF 7,72 Hours,0.7000000000000001,5,0,0,1,1,1,1,1,0.8333333333333334,1,1,1,1,1,Whipping Cream,AttuneDilut
AF 7,72 Hours,0.8000000000000002,5,0,0,1,1,1,1,1,0.8333333333333334,1,1,1,1,1,Whipping Cream,AttuneDilut
AF 7,72 Hours,0.9,5,0,0,1,1,1,1,1,0.8333333333333334,1,1,1,1,1,Whipping Cream,AttuneDilut
AF 7,72 Hours,1,5,0,0,1,1,1,1,1,0.8333333333333334,1,1,1,1,1,Whipping Cream,AttuneDilut
AF 7,72 Hours,1.1,5,0,0,1,1,1,1,1,0.8333333333333334,1,1,1,1,1,Whipping Cream,AttuneDilut
AF 7,72 Hours,1.2000000000000002,5,0,0,1,1,1,1,1,0.8333333333333334,1,1,1,1,1,Whipping Cream,AttuneDilut
AF 7,72 Hours,1.3000000000000003,5,0,0,1,1,1,1,1,0.8333333333333334,1,1,1,1,1,Whipping Cream,AttuneDilut
AF 7,72 Hours,1.4,5,0,0,1,1,1,1,1,0.8333333333333334,1,1,1,1,1,Whipping Cream,AttuneDilut
AF 7,72 Hours,1.5,5,0,0,1,1,1,1,1,0.8333333333333334,1,1,1,1,1,Whipping Cream,AttuneDilut
AF 7,72 Hours,1.6,5,0,0,1,1,1,1,1,0.8333333333333334,1,1,1,1,1,Whipping Cream,AttuneDilut
AF 7,72 Hours,1.7000000000000002,5,0,0,1,1,1,1,1,0.8333333333333334,1,1,1,1,1,Whipping Cream,AttuneDilut
AF 7,72 Hours,1.8000000000000003,5,0,0,1,1,1,1,1,0.8333333333333334,1,1,1,1,1,Whipping Cream,AttuneDilut
AF 7,72 Hours,1.9000000000000004,5,0,0,1,1,1,1,1,0.8333333333333334,1,1,1,1,1,Whipping Cream,AttuneDilut
AF 7,72 Hours,2.0000000000000004,5,0,0,1,1,1,1,1,0.8333333333333334,1,1,1,1,1,Whipping Cream,AttuneDilut
AF 7,72 Hours,2.1,5,0,0,1,1,1,1,1,0.8333333333333334,1,1,1,1,1,Whipping Cream,AttuneDilut
AF 7,72 Hours,2.2,5,0,0,1,1,1,1,1,0.8333333333333334,1,1,1,1,1,Whipping Cream,AttuneDilut
AF 7,72 Hours,2.3000000000000003,5,0,0,1,1,1,1,1,0.8333333333333334,1,1,1,1,1,Whipping Cream,AttuneDilut
AF 7,72 Hours,2.4000000000000004,5,0,0,1,1,1,1,1,0.8333333333333334,1,1,1,1,1,Whipping Cream,AttuneDilut
AF 7,72 Hours,2.5000000000000004,5,0,0,1,1,1,1,1,0.8333333333333334,1,1,1,1,1,Whipping Cream,AttuneDilut
AF 7,72 Hours,2.6,5,0,0,1,1,1,1,1,0.8333333333333334,1,1,1,1,1,Whipping Cream,AttuneDilut
AF 7,72 Hours,2.7,5,0,0,1,1,1,1,1,0.8333333333333334,1,1,1,1,1,Whipping Cream,AttuneDilut
AF 7,72 Hours,2.8000000000000003,5,0,0,1,1,1,1,1,0.8333333333333334,1,1,1,1,1,Whipping Cream,AttuneDilut
AF 7,72 Hours,2.9000000000000004,5,0,0,1,1,1,1,1,0.8333333333333334,1,1,1,1,1,Whipping Cream,AttuneDilut
AF 7,72 Hours,3.0000000000000004,5,0,0,1,1,1,1,1,0.8333333333333334,1,1,1,1,1,Whipping Cream,AttuneDilut
AF 7,72 Hours,3.1,5,0,0,1,1,1,1,1,0.8333333333333334,1,1,1,1,1,Whipping Cream,AttuneDilut
AF 7,72 Hours,3.2,5,0,0,1,1,1,1,1,0.8333333333333334,1,1,1,1,1,Whipping Cream,AttuneDilut
AF 7,72 Hours,3.3000000000000003,5,0,0,1,1,1,1,1,0.8333333333333334,1,1,1,1,1,Whipping Cream,AttuneDilut
AF 7,72 Hours,3.4000000000000004,5,0,0,1,1,1,1,1,0.8333333333333334,1,1,1,1,1,Whipping Cream,AttuneDilut
AF 7,72 Hours,3.5000000000000004,5,0,0,1,1,1,1,1,0.8333333333333334,1,1,1,1,1,Whipping Cream,AttuneDilut
AF 7,72 Hours,3.6,5,0,0,1,1,1,1,1,0.8333333333333334,1,1,1,1,1,Whipping Cream,AttuneDilut
AF 7,72 Hours,3.7000000000000006,5,0,0,1,1,1,1,1,0.8333333333333334,1,1,1,1,1,Whipping Cream,AttuneDilut
AF 7,72 Hours,3.8000000000000003,5,0,0,1,1,1,1,1,0.8333333333333334,1,1,1,1,1,Whipping Cream,AttuneDilut
AF 7,72 Hours,3.9,5,0,0,1,1,1,1,1,0.8333333333333334,1,1,1,1,1,Whipping Cream,AttuneDilut
AF 7,72 Hours,4,5,0,0,1,1,1,1,1,0.8333333333333334,1,1,1,1,1,Whipping Cream,AttuneDilut
AF 7,72 Hours,4.1,5,0,0,1,1,1,1,1,0.8333333333333334,1,1,1,1,1,Whipping Cream,AttuneDilut
AF 7,72 Hours,4.2,5,0,0,1,1,1,1,1,0.8333333333333334,1,1,1,1,1,Whipping Cream,AttuneDilut
AF 7,72 Hours,4.3,5,0,0,1,1,1,1,1,0.8333333333333334,1,1,1,1,1,Whipping Cream,AttuneDilut
AF 7,72 Hours,4.4,5,0,0,1,1,1,1,1,0.8333333333333334,1,1,1,1,1,Whipping Cream,AttuneDilut
AF 7,72 Hours,4.5,5,0,0,1,1,1,1,1,0.8333333333333334,1,1,1,1,1,Whipping Cream,AttuneDilut
AF 7,72 Hours,4.6,5,0,0,1,1,1,1,1,0.8333333333333334,1,1,1,1,1,Whipping Cream,AttuneDilut
AF 7,72 Hours,4.7,5,0,0,1,1,1,1,1,0.8333333333333334,1,1,1,1,1,Whipping Cream,AttuneDilut
AF 7,72 Hours,4.8,5,0,0,1,1,1,1,1,0.8333333333333334,1,1,1,1,1,Whipping Cream,AttuneDilut
AF 7,72 Hours,4.9,4,0,1,1,0.8,1,1,0.5,0.8333333333333334,0.8333333333333334,0.888888888888889,0.8,0.6324555320336759,0.8,Whipping Cream,AttuneDilut
AF 7,72 Hours,5,4,0,1,1,0.8,1,1,0.5,0.8333333333333334,0.8333333333333334,0.888888888888889,0.8,0.6324555320336759,0.8,Whipping Cream,AttuneDilut
AF 7,72 Hours,5.1,2,0,3,1,0.4,1,1,0.25,0.8333333333333334,0.5,0.5714285714285715,0.4,0.31622776601683794,0.3999999999999999,Whipping Cream,AttuneDilut
AF 7,72 Hours,5.2,2,0,3,1,0.4,1,1,0.25,0.8333333333333334,0.5,0.5714285714285715,0.4,0.31622776601683794,0.3999999999999999,Whipping Cream,AttuneDilut
AF 7,72 Hours,5.3,2,0,3,1,0.4,1,1,0.25,0.8333333333333334,0.5,0.5714285714285715,0.4,0.31622776601683794,0.3999999999999999,Whipping Cream,AttuneDilut
AF 7,72 Hours,5.4,1,0,4,1,0.2,1,1,0.2,0.8333333333333334,0.3333333333333333,0.33333333333333337,0.2,0.2,0.19999999999999996,Whipping Cream,AttuneDilut
AF 7,72 Hours,5.5,0,0,5,1,0,1,NA,0.16666666666666666,0.8333333333333334,0.16666666666666666,NA,0,NA,0,Whipping Cream,AttuneDilut
AF 7,72 Hours,5.6,0,0,5,1,0,1,NA,0.16666666666666666,0.8333333333333334,0.16666666666666666,NA,0,NA,0,Whipping Cream,AttuneDilut
AF 7,72 Hours,5.7,0,0,5,1,0,1,NA,0.16666666666666666,0.8333333333333334,0.16666666666666666,NA,0,NA,0,Whipping Cream,AttuneDilut
AF 7,72 Hours,5.8,0,0,5,1,0,1,NA,0.16666666666666666,0.8333333333333334,0.16666666666666666,NA,0,NA,0,Whipping Cream,AttuneDilut
AF 7,72 Hours,5.9,0,0,5,1,0,1,NA,0.16666666666666666,0.8333333333333334,0.16666666666666666,NA,0,NA,0,Whipping Cream,AttuneDilut
AF 7,72 Hours,6,0,0,5,1,0,1,NA,0.16666666666666666,0.8333333333333334,0.16666666666666666,NA,0,NA,0,Whipping Cream,AttuneDilut
AF 7,72 Hours,6.1,0,0,5,1,0,1,NA,0.16666666666666666,0.8333333333333334,0.16666666666666666,NA,0,NA,0,Whipping Cream,AttuneDilut
AF 7,72 Hours,6.2,0,0,5,1,0,1,NA,0.16666666666666666,0.8333333333333334,0.16666666666666666,NA,0,NA,0,Whipping Cream,AttuneDilut
AF 7,72 Hours,6.3,0,0,5,1,0,1,NA,0.16666666666666666,0.8333333333333334,0.16666666666666666,NA,0,NA,0,Whipping Cream,AttuneDilut
AF 7,72 Hours,6.4,0,0,5,1,0,1,NA,0.16666666666666666,0.8333333333333334,0.16666666666666666,NA,0,NA,0,Whipping Cream,AttuneDilut
AF 7,72 Hours,6.5,0,0,5,1,0,1,NA,0.16666666666666666,0.8333333333333334,0.16666666666666666,NA,0,NA,0,Whipping Cream,AttuneDilut
AF 7,72 Hours,6.6,0,0,5,1,0,1,NA,0.16666666666666666,0.8333333333333334,0.16666666666666666,NA,0,NA,0,Whipping Cream,AttuneDilut
AF 7,72 Hours,6.7,0,0,5,1,0,1,NA,0.16666666666666666,0.8333333333333334,0.16666666666666666,NA,0,NA,0,Whipping Cream,AttuneDilut
AF 7,72 Hours,6.8,0,0,5,1,0,1,NA,0.16666666666666666,0.8333333333333334,0.16666666666666666,NA,0,NA,0,Whipping Cream,AttuneDilut
AF 7,72 Hours,6.9,0,0,5,1,0,1,NA,0.16666666666666666,0.8333333333333334,0.16666666666666666,NA,0,NA,0,Whipping Cream,AttuneDilut
AF 7,72 Hours,7,0,0,5,1,0,1,NA,0.16666666666666666,0.8333333333333334,0.16666666666666666,NA,0,NA,0,Whipping Cream,AttuneDilut
AF 7,72 Hours,7.1,0,0,5,1,0,1,NA,0.16666666666666666,0.8333333333333334,0.16666666666666666,NA,0,NA,0,Whipping Cream,AttuneDilut
AF 7,72 Hours,7.2,0,0,5,1,0,1,NA,0.16666666666666666,0.8333333333333334,0.16666666666666666,NA,0,NA,0,Whipping Cream,AttuneDilut
AF 7,72 Hours,7.3,0,0,5,1,0,1,NA,0.16666666666666666,0.8333333333333334,0.16666666666666666,NA,0,NA,0,Whipping Cream,AttuneDilut
AF 7,72 Hours,7.4,0,0,5,1,0,1,NA,0.16666666666666666,0.8333333333333334,0.16666666666666666,NA,0,NA,0,Whipping Cream,AttuneDilut
AF 7,72 Hours,7.5,0,0,5,1,0,1,NA,0.16666666666666666,0.8333333333333334,0.16666666666666666,NA,0,NA,0,Whipping Cream,AttuneDilut
AF 7,72 Hours,7.6,0,0,5,1,0,1,NA,0.16666666666666666,0.8333333333333334,0.16666666666666666,NA,0,NA,0,Whipping Cream,AttuneDilut
AF 7,72 Hours,7.699999999999999,0,0,5,1,0,1,NA,0.16666666666666666,0.8333333333333334,0.16666666666666666,NA,0,NA,0,Whipping Cream,AttuneDilut
AF 7,72 Hours,7.8,0,0,5,1,0,1,NA,0.16666666666666666,0.8333333333333334,0.16666666666666666,NA,0,NA,0,Whipping Cream,AttuneDilut
AF 8,12 Hours,-0.4,5,1,0,0,1,0,0.8333333333333334,NA,0.8333333333333334,0.8333333333333334,0.9090909090909091,0.8333333333333334,NA,0,Whipping Cream,AttuneDilut
AF 8,12 Hours,-0.30000000000000004,5,0,0,1,1,1,1,1,0.8333333333333334,1,1,1,1,1,Whipping Cream,AttuneDilut
AF 8,12 Hours,-0.2,5,0,0,1,1,1,1,1,0.8333333333333334,1,1,1,1,1,Whipping Cream,AttuneDilut
AF 8,12 Hours,-0.09999999999999998,5,0,0,1,1,1,1,1,0.8333333333333334,1,1,1,1,1,Whipping Cream,AttuneDilut
AF 8,12 Hours,0,5,0,0,1,1,1,1,1,0.8333333333333334,1,1,1,1,1,Whipping Cream,AttuneDilut
AF 8,12 Hours,0.09999999999999998,5,0,0,1,1,1,1,1,0.8333333333333334,1,1,1,1,1,Whipping Cream,AttuneDilut
AF 8,12 Hours,0.20000000000000007,5,0,0,1,1,1,1,1,0.8333333333333334,1,1,1,1,1,Whipping Cream,AttuneDilut
AF 8,12 Hours,0.30000000000000004,5,0,0,1,1,1,1,1,0.8333333333333334,1,1,1,1,1,Whipping Cream,AttuneDilut
AF 8,12 Hours,0.4,5,0,0,1,1,1,1,1,0.8333333333333334,1,1,1,1,1,Whipping Cream,AttuneDilut
AF 8,12 Hours,0.5,5,0,0,1,1,1,1,1,0.8333333333333334,1,1,1,1,1,Whipping Cream,AttuneDilut
AF 8,12 Hours,0.6,5,0,0,1,1,1,1,1,0.8333333333333334,1,1,1,1,1,Whipping Cream,AttuneDilut
AF 8,12 Hours,0.7000000000000001,5,0,0,1,1,1,1,1,0.8333333333333334,1,1,1,1,1,Whipping Cream,AttuneDilut
AF 8,12 Hours,0.8000000000000002,5,0,0,1,1,1,1,1,0.8333333333333334,1,1,1,1,1,Whipping Cream,AttuneDilut
AF 8,12 Hours,0.9,5,0,0,1,1,1,1,1,0.8333333333333334,1,1,1,1,1,Whipping Cream,AttuneDilut
AF 8,12 Hours,1,5,0,0,1,1,1,1,1,0.8333333333333334,1,1,1,1,1,Whipping Cream,AttuneDilut
AF 8,12 Hours,1.1,5,0,0,1,1,1,1,1,0.8333333333333334,1,1,1,1,1,Whipping Cream,AttuneDilut
AF 8,12 Hours,1.2000000000000002,5,0,0,1,1,1,1,1,0.8333333333333334,1,1,1,1,1,Whipping Cream,AttuneDilut
AF 8,12 Hours,1.3000000000000003,5,0,0,1,1,1,1,1,0.8333333333333334,1,1,1,1,1,Whipping Cream,AttuneDilut
AF 8,12 Hours,1.4,5,0,0,1,1,1,1,1,0.8333333333333334,1,1,1,1,1,Whipping Cream,AttuneDilut
AF 8,12 Hours,1.5,5,0,0,1,1,1,1,1,0.8333333333333334,1,1,1,1,1,Whipping Cream,AttuneDilut
AF 8,12 Hours,1.6,5,0,0,1,1,1,1,1,0.8333333333333334,1,1,1,1,1,Whipping Cream,AttuneDilut
AF 8,12 Hours,1.7000000000000002,5,0,0,1,1,1,1,1,0.8333333333333334,1,1,1,1,1,Whipping Cream,AttuneDilut
AF 8,12 Hours,1.8000000000000003,5,0,0,1,1,1,1,1,0.8333333333333334,1,1,1,1,1,Whipping Cream,AttuneDilut
AF 8,12 Hours,1.9000000000000004,5,0,0,1,1,1,1,1,0.8333333333333334,1,1,1,1,1,Whipping Cream,AttuneDilut
AF 8,12 Hours,2.0000000000000004,5,0,0,1,1,1,1,1,0.8333333333333334,1,1,1,1,1,Whipping Cream,AttuneDilut
AF 8,12 Hours,2.1,5,0,0,1,1,1,1,1,0.8333333333333334,1,1,1,1,1,Whipping Cream,AttuneDilut
AF 8,12 Hours,2.2,5,0,0,1,1,1,1,1,0.8333333333333334,1,1,1,1,1,Whipping Cream,AttuneDilut
AF 8,12 Hours,2.3000000000000003,5,0,0,1,1,1,1,1,0.8333333333333334,1,1,1,1,1,Whipping Cream,AttuneDilut
AF 8,12 Hours,2.4000000000000004,5,0,0,1,1,1,1,1,0.8333333333333334,1,1,1,1,1,Whipping Cream,AttuneDilut
AF 8,12 Hours,2.5000000000000004,5,0,0,1,1,1,1,1,0.8333333333333334,1,1,1,1,1,Whipping Cream,AttuneDilut
AF 8,12 Hours,2.6,5,0,0,1,1,1,1,1,0.8333333333333334,1,1,1,1,1,Whipping Cream,AttuneDilut
AF 8,12 Hours,2.7,5,0,0,1,1,1,1,1,0.8333333333333334,1,1,1,1,1,Whipping Cream,AttuneDilut
AF 8,12 Hours,2.8000000000000003,5,0,0,1,1,1,1,1,0.8333333333333334,1,1,1,1,1,Whipping Cream,AttuneDilut
AF 8,12 Hours,2.9000000000000004,5,0,0,1,1,1,1,1,0.8333333333333334,1,1,1,1,1,Whipping Cream,AttuneDilut
AF 8,12 Hours,3.0000000000000004,5,0,0,1,1,1,1,1,0.8333333333333334,1,1,1,1,1,Whipping Cream,AttuneDilut
AF 8,12 Hours,3.1,5,0,0,1,1,1,1,1,0.8333333333333334,1,1,1,1,1,Whipping Cream,AttuneDilut
AF 8,12 Hours,3.2,5,0,0,1,1,1,1,1,0.8333333333333334,1,1,1,1,1,Whipping Cream,AttuneDilut
AF 8,12 Hours,3.3000000000000003,5,0,0,1,1,1,1,1,0.8333333333333334,1,1,1,1,1,Whipping Cream,AttuneDilut
AF 8,12 Hours,3.4000000000000004,5,0,0,1,1,1,1,1,0.8333333333333334,1,1,1,1,1,Whipping Cream,AttuneDilut
AF 8,12 Hours,3.5000000000000004,5,0,0,1,1,1,1,1,0.8333333333333334,1,1,1,1,1,Whipping Cream,AttuneDilut
AF 8,12 Hours,3.6,5,0,0,1,1,1,1,1,0.8333333333333334,1,1,1,1,1,Whipping Cream,AttuneDilut
AF 8,12 Hours,3.7000000000000006,5,0,0,1,1,1,1,1,0.8333333333333334,1,1,1,1,1,Whipping Cream,AttuneDilut
AF 8,12 Hours,3.8000000000000003,5,0,0,1,1,1,1,1,0.8333333333333334,1,1,1,1,1,Whipping Cream,AttuneDilut
AF 8,12 Hours,3.9,5,0,0,1,1,1,1,1,0.8333333333333334,1,1,1,1,1,Whipping Cream,AttuneDilut
AF 8,12 Hours,4,5,0,0,1,1,1,1,1,0.8333333333333334,1,1,1,1,1,Whipping Cream,AttuneDilut
AF 8,12 Hours,4.1,5,0,0,1,1,1,1,1,0.8333333333333334,1,1,1,1,1,Whipping Cream,AttuneDilut
AF 8,12 Hours,4.2,5,0,0,1,1,1,1,1,0.8333333333333334,1,1,1,1,1,Whipping Cream,AttuneDilut
AF 8,12 Hours,4.3,1,0,4,1,0.2,1,1,0.2,0.8333333333333334,0.3333333333333333,0.33333333333333337,0.2,0.2,0.19999999999999996,Whipping Cream,AttuneDilut
AF 8,12 Hours,4.4,0,0,5,1,0,1,NA,0.16666666666666666,0.8333333333333334,0.16666666666666666,NA,0,NA,0,Whipping Cream,AttuneDilut
AF 8,12 Hours,4.5,0,0,5,1,0,1,NA,0.16666666666666666,0.8333333333333334,0.16666666666666666,NA,0,NA,0,Whipping Cream,AttuneDilut
AF 8,12 Hours,4.6,0,0,5,1,0,1,NA,0.16666666666666666,0.8333333333333334,0.16666666666666666,NA,0,NA,0,Whipping Cream,AttuneDilut
AF 8,12 Hours,4.7,0,0,5,1,0,1,NA,0.16666666666666666,0.8333333333333334,0.16666666666666666,NA,0,NA,0,Whipping Cream,AttuneDilut
AF 8,12 Hours,4.8,0,0,5,1,0,1,NA,0.16666666666666666,0.8333333333333334,0.16666666666666666,NA,0,NA,0,Whipping Cream,AttuneDilut
AF 8,12 Hours,4.9,0,0,5,1,0,1,NA,0.16666666666666666,0.8333333333333334,0.16666666666666666,NA,0,NA,0,Whipping Cream,AttuneDilut
AF 8,12 Hours,5,0,0,5,1,0,1,NA,0.16666666666666666,0.8333333333333334,0.16666666666666666,NA,0,NA,0,Whipping Cream,AttuneDilut
AF 8,12 Hours,5.1,0,0,5,1,0,1,NA,0.16666666666666666,0.8333333333333334,0.16666666666666666,NA,0,NA,0,Whipping Cream,AttuneDilut
AF 8,12 Hours,5.2,0,0,5,1,0,1,NA,0.16666666666666666,0.8333333333333334,0.16666666666666666,NA,0,NA,0,Whipping Cream,AttuneDilut
AF 8,12 Hours,5.3,0,0,5,1,0,1,NA,0.16666666666666666,0.8333333333333334,0.16666666666666666,NA,0,NA,0,Whipping Cream,AttuneDilut
AF 8,12 Hours,5.4,0,0,5,1,0,1,NA,0.16666666666666666,0.8333333333333334,0.16666666666666666,NA,0,NA,0,Whipping Cream,AttuneDilut
AF 8,12 Hours,5.5,0,0,5,1,0,1,NA,0.16666666666666666,0.8333333333333334,0.16666666666666666,NA,0,NA,0,Whipping Cream,AttuneDilut
AF 8,12 Hours,5.6,0,0,5,1,0,1,NA,0.16666666666666666,0.8333333333333334,0.16666666666666666,NA,0,NA,0,Whipping Cream,AttuneDilut
AF 8,12 Hours,5.7,0,0,5,1,0,1,NA,0.16666666666666666,0.8333333333333334,0.16666666666666666,NA,0,NA,0,Whipping Cream,AttuneDilut
AF 8,12 Hours,5.8,0,0,5,1,0,1,NA,0.16666666666666666,0.8333333333333334,0.16666666666666666,NA,0,NA,0,Whipping Cream,AttuneDilut
AF 8,12 Hours,5.9,0,0,5,1,0,1,NA,0.16666666666666666,0.8333333333333334,0.16666666666666666,NA,0,NA,0,Whipping Cream,AttuneDilut
AF 8,12 Hours,6,0,0,5,1,0,1,NA,0.16666666666666666,0.8333333333333334,0.16666666666666666,NA,0,NA,0,Whipping Cream,AttuneDilut
AF 8,12 Hours,6.1,0,0,5,1,0,1,NA,0.16666666666666666,0.8333333333333334,0.16666666666666666,NA,0,NA,0,Whipping Cream,AttuneDilut
AF 8,12 Hours,6.2,0,0,5,1,0,1,NA,0.16666666666666666,0.8333333333333334,0.16666666666666666,NA,0,NA,0,Whipping Cream,AttuneDilut
AF 8,12 Hours,6.3,0,0,5,1,0,1,NA,0.16666666666666666,0.8333333333333334,0.16666666666666666,NA,0,NA,0,Whipping Cream,AttuneDilut
AF 8,12 Hours,6.4,0,0,5,1,0,1,NA,0.16666666666666666,0.8333333333333334,0.16666666666666666,NA,0,NA,0,Whipping Cream,AttuneDilut
AF 8,12 Hours,6.5,0,0,5,1,0,1,NA,0.16666666666666666,0.8333333333333334,0.16666666666666666,NA,0,NA,0,Whipping Cream,AttuneDilut
AF 8,12 Hours,6.6,0,0,5,1,0,1,NA,0.16666666666666666,0.8333333333333334,0.16666666666666666,NA,0,NA,0,Whipping Cream,AttuneDilut
AF 8,12 Hours,6.7,0,0,5,1,0,1,NA,0.16666666666666666,0.8333333333333334,0.16666666666666666,NA,0,NA,0,Whipping Cream,AttuneDilut
AF 8,12 Hours,6.8,0,0,5,1,0,1,NA,0.16666666666666666,0.8333333333333334,0.16666666666666666,NA,0,NA,0,Whipping Cream,AttuneDilut
AF 8,12 Hours,6.9,0,0,5,1,0,1,NA,0.16666666666666666,0.8333333333333334,0.16666666666666666,NA,0,NA,0,Whipping Cream,AttuneDilut
AF 8,12 Hours,7,0,0,5,1,0,1,NA,0.16666666666666666,0.8333333333333334,0.16666666666666666,NA,0,NA,0,Whipping Cream,AttuneDilut
AF 8,12 Hours,7.1,0,0,5,1,0,1,NA,0.16666666666666666,0.8333333333333334,0.16666666666666666,NA,0,NA,0,Whipping Cream,AttuneDilut
AF 8,12 Hours,7.2,0,0,5,1,0,1,NA,0.16666666666666666,0.8333333333333334,0.16666666666666666,NA,0,NA,0,Whipping Cream,AttuneDilut
AF 8,12 Hours,7.3,0,0,5,1,0,1,NA,0.16666666666666666,0.8333333333333334,0.16666666666666666,NA,0,NA,0,Whipping Cream,AttuneDilut
AF 8,12 Hours,7.4,0,0,5,1,0,1,NA,0.16666666666666666,0.8333333333333334,0.16666666666666666,NA,0,NA,0,Whipping Cream,AttuneDilut
AF 8,12 Hours,7.5,0,0,5,1,0,1,NA,0.16666666666666666,0.8333333333333334,0.16666666666666666,NA,0,NA,0,Whipping Cream,AttuneDilut
AF 8,12 Hours,7.6,0,0,5,1,0,1,NA,0.16666666666666666,0.8333333333333334,0.16666666666666666,NA,0,NA,0,Whipping Cream,AttuneDilut
AF 8,12 Hours,7.699999999999999,0,0,5,1,0,1,NA,0.16666666666666666,0.8333333333333334,0.16666666666666666,NA,0,NA,0,Whipping Cream,AttuneDilut
AF 8,12 Hours,7.8,0,0,5,1,0,1,NA,0.16666666666666666,0.8333333333333334,0.16666666666666666,NA,0,NA,0,Whipping Cream,AttuneDilut
AF 8,24 Hours,-0.4,5,1,0,0,1,0,0.8333333333333334,NA,0.8333333333333334,0.8333333333333334,0.9090909090909091,0.8333333333333334,NA,0,Whipping Cream,AttuneDilut
AF 8,24 Hours,-0.30000000000000004,5,0,0,1,1,1,1,1,0.8333333333333334,1,1,1,1,1,Whipping Cream,AttuneDilut
AF 8,24 Hours,-0.2,5,0,0,1,1,1,1,1,0.8333333333333334,1,1,1,1,1,Whipping Cream,AttuneDilut
AF 8,24 Hours,-0.09999999999999998,5,0,0,1,1,1,1,1,0.8333333333333334,1,1,1,1,1,Whipping Cream,AttuneDilut
AF 8,24 Hours,0,5,0,0,1,1,1,1,1,0.8333333333333334,1,1,1,1,1,Whipping Cream,AttuneDilut
AF 8,24 Hours,0.09999999999999998,5,0,0,1,1,1,1,1,0.8333333333333334,1,1,1,1,1,Whipping Cream,AttuneDilut
AF 8,24 Hours,0.20000000000000007,5,0,0,1,1,1,1,1,0.8333333333333334,1,1,1,1,1,Whipping Cream,AttuneDilut
AF 8,24 Hours,0.30000000000000004,5,0,0,1,1,1,1,1,0.8333333333333334,1,1,1,1,1,Whipping Cream,AttuneDilut
AF 8,24 Hours,0.4,5,0,0,1,1,1,1,1,0.8333333333333334,1,1,1,1,1,Whipping Cream,AttuneDilut
AF 8,24 Hours,0.5,5,0,0,1,1,1,1,1,0.8333333333333334,1,1,1,1,1,Whipping Cream,AttuneDilut
AF 8,24 Hours,0.6,5,0,0,1,1,1,1,1,0.8333333333333334,1,1,1,1,1,Whipping Cream,AttuneDilut
AF 8,24 Hours,0.7000000000000001,5,0,0,1,1,1,1,1,0.8333333333333334,1,1,1,1,1,Whipping Cream,AttuneDilut
AF 8,24 Hours,0.8000000000000002,5,0,0,1,1,1,1,1,0.8333333333333334,1,1,1,1,1,Whipping Cream,AttuneDilut
AF 8,24 Hours,0.9,5,0,0,1,1,1,1,1,0.8333333333333334,1,1,1,1,1,Whipping Cream,AttuneDilut
AF 8,24 Hours,1,5,0,0,1,1,1,1,1,0.8333333333333334,1,1,1,1,1,Whipping Cream,AttuneDilut
AF 8,24 Hours,1.1,5,0,0,1,1,1,1,1,0.8333333333333334,1,1,1,1,1,Whipping Cream,AttuneDilut
AF 8,24 Hours,1.2000000000000002,5,0,0,1,1,1,1,1,0.8333333333333334,1,1,1,1,1,Whipping Cream,AttuneDilut
AF 8,24 Hours,1.3000000000000003,5,0,0,1,1,1,1,1,0.8333333333333334,1,1,1,1,1,Whipping Cream,AttuneDilut
AF 8,24 Hours,1.4,5,0,0,1,1,1,1,1,0.8333333333333334,1,1,1,1,1,Whipping Cream,AttuneDilut
AF 8,24 Hours,1.5,5,0,0,1,1,1,1,1,0.8333333333333334,1,1,1,1,1,Whipping Cream,AttuneDilut
AF 8,24 Hours,1.6,5,0,0,1,1,1,1,1,0.8333333333333334,1,1,1,1,1,Whipping Cream,AttuneDilut
AF 8,24 Hours,1.7000000000000002,5,0,0,1,1,1,1,1,0.8333333333333334,1,1,1,1,1,Whipping Cream,AttuneDilut
AF 8,24 Hours,1.8000000000000003,5,0,0,1,1,1,1,1,0.8333333333333334,1,1,1,1,1,Whipping Cream,AttuneDilut
AF 8,24 Hours,1.9000000000000004,5,0,0,1,1,1,1,1,0.8333333333333334,1,1,1,1,1,Whipping Cream,AttuneDilut
AF 8,24 Hours,2.0000000000000004,5,0,0,1,1,1,1,1,0.8333333333333334,1,1,1,1,1,Whipping Cream,AttuneDilut
AF 8,24 Hours,2.1,5,0,0,1,1,1,1,1,0.8333333333333334,1,1,1,1,1,Whipping Cream,AttuneDilut
AF 8,24 Hours,2.2,5,0,0,1,1,1,1,1,0.8333333333333334,1,1,1,1,1,Whipping Cream,AttuneDilut
AF 8,24 Hours,2.3000000000000003,5,0,0,1,1,1,1,1,0.8333333333333334,1,1,1,1,1,Whipping Cream,AttuneDilut
AF 8,24 Hours,2.4000000000000004,5,0,0,1,1,1,1,1,0.8333333333333334,1,1,1,1,1,Whipping Cream,AttuneDilut
AF 8,24 Hours,2.5000000000000004,5,0,0,1,1,1,1,1,0.8333333333333334,1,1,1,1,1,Whipping Cream,AttuneDilut
AF 8,24 Hours,2.6,5,0,0,1,1,1,1,1,0.8333333333333334,1,1,1,1,1,Whipping Cream,AttuneDilut
AF 8,24 Hours,2.7,5,0,0,1,1,1,1,1,0.8333333333333334,1,1,1,1,1,Whipping Cream,AttuneDilut
AF 8,24 Hours,2.8000000000000003,5,0,0,1,1,1,1,1,0.8333333333333334,1,1,1,1,1,Whipping Cream,AttuneDilut
AF 8,24 Hours,2.9000000000000004,5,0,0,1,1,1,1,1,0.8333333333333334,1,1,1,1,1,Whipping Cream,AttuneDilut
AF 8,24 Hours,3.0000000000000004,5,0,0,1,1,1,1,1,0.8333333333333334,1,1,1,1,1,Whipping Cream,AttuneDilut
AF 8,24 Hours,3.1,5,0,0,1,1,1,1,1,0.8333333333333334,1,1,1,1,1,Whipping Cream,AttuneDilut
AF 8,24 Hours,3.2,5,0,0,1,1,1,1,1,0.8333333333333334,1,1,1,1,1,Whipping Cream,AttuneDilut
AF 8,24 Hours,3.3000000000000003,5,0,0,1,1,1,1,1,0.8333333333333334,1,1,1,1,1,Whipping Cream,AttuneDilut
AF 8,24 Hours,3.4000000000000004,5,0,0,1,1,1,1,1,0.8333333333333334,1,1,1,1,1,Whipping Cream,AttuneDilut
AF 8,24 Hours,3.5000000000000004,5,0,0,1,1,1,1,1,0.8333333333333334,1,1,1,1,1,Whipping Cream,AttuneDilut
AF 8,24 Hours,3.6,5,0,0,1,1,1,1,1,0.8333333333333334,1,1,1,1,1,Whipping Cream,AttuneDilut
AF 8,24 Hours,3.7000000000000006,5,0,0,1,1,1,1,1,0.8333333333333334,1,1,1,1,1,Whipping Cream,AttuneDilut
AF 8,24 Hours,3.8000000000000003,5,0,0,1,1,1,1,1,0.8333333333333334,1,1,1,1,1,Whipping Cream,AttuneDilut
AF 8,24 Hours,3.9,5,0,0,1,1,1,1,1,0.8333333333333334,1,1,1,1,1,Whipping Cream,AttuneDilut
AF 8,24 Hours,4,5,0,0,1,1,1,1,1,0.8333333333333334,1,1,1,1,1,Whipping Cream,AttuneDilut
AF 8,24 Hours,4.1,5,0,0,1,1,1,1,1,0.8333333333333334,1,1,1,1,1,Whipping Cream,AttuneDilut
AF 8,24 Hours,4.2,3,0,2,1,0.6,1,1,0.3333333333333333,0.8333333333333334,0.6666666666666666,0.7499999999999999,0.6,0.44721359549995793,0.6000000000000001,Whipping Cream,AttuneDilut
AF 8,24 Hours,4.3,2,0,3,1,0.4,1,1,0.25,0.8333333333333334,0.5,0.5714285714285715,0.4,0.31622776601683794,0.3999999999999999,Whipping Cream,AttuneDilut
AF 8,24 Hours,4.4,2,0,3,1,0.4,1,1,0.25,0.8333333333333334,0.5,0.5714285714285715,0.4,0.31622776601683794,0.3999999999999999,Whipping Cream,AttuneDilut
AF 8,24 Hours,4.5,1,0,4,1,0.2,1,1,0.2,0.8333333333333334,0.3333333333333333,0.33333333333333337,0.2,0.2,0.19999999999999996,Whipping Cream,AttuneDilut
AF 8,24 Hours,4.6,1,0,4,1,0.2,1,1,0.2,0.8333333333333334,0.3333333333333333,0.33333333333333337,0.2,0.2,0.19999999999999996,Whipping Cream,AttuneDilut
AF 8,24 Hours,4.7,1,0,4,1,0.2,1,1,0.2,0.8333333333333334,0.3333333333333333,0.33333333333333337,0.2,0.2,0.19999999999999996,Whipping Cream,AttuneDilut
AF 8,24 Hours,4.8,1,0,4,1,0.2,1,1,0.2,0.8333333333333334,0.3333333333333333,0.33333333333333337,0.2,0.2,0.19999999999999996,Whipping Cream,AttuneDilut
AF 8,24 Hours,4.9,1,0,4,1,0.2,1,1,0.2,0.8333333333333334,0.3333333333333333,0.33333333333333337,0.2,0.2,0.19999999999999996,Whipping Cream,AttuneDilut
AF 8,24 Hours,5,1,0,4,1,0.2,1,1,0.2,0.8333333333333334,0.3333333333333333,0.33333333333333337,0.2,0.2,0.19999999999999996,Whipping Cream,AttuneDilut
AF 8,24 Hours,5.1,1,0,4,1,0.2,1,1,0.2,0.8333333333333334,0.3333333333333333,0.33333333333333337,0.2,0.2,0.19999999999999996,Whipping Cream,AttuneDilut
AF 8,24 Hours,5.2,1,0,4,1,0.2,1,1,0.2,0.8333333333333334,0.3333333333333333,0.33333333333333337,0.2,0.2,0.19999999999999996,Whipping Cream,AttuneDilut
AF 8,24 Hours,5.3,1,0,4,1,0.2,1,1,0.2,0.8333333333333334,0.3333333333333333,0.33333333333333337,0.2,0.2,0.19999999999999996,Whipping Cream,AttuneDilut
AF 8,24 Hours,5.4,1,0,4,1,0.2,1,1,0.2,0.8333333333333334,0.3333333333333333,0.33333333333333337,0.2,0.2,0.19999999999999996,Whipping Cream,AttuneDilut
AF 8,24 Hours,5.5,1,0,4,1,0.2,1,1,0.2,0.8333333333333334,0.3333333333333333,0.33333333333333337,0.2,0.2,0.19999999999999996,Whipping Cream,AttuneDilut
AF 8,24 Hours,5.6,1,0,4,1,0.2,1,1,0.2,0.8333333333333334,0.3333333333333333,0.33333333333333337,0.2,0.2,0.19999999999999996,Whipping Cream,AttuneDilut
AF 8,24 Hours,5.7,1,0,4,1,0.2,1,1,0.2,0.8333333333333334,0.3333333333333333,0.33333333333333337,0.2,0.2,0.19999999999999996,Whipping Cream,AttuneDilut
AF 8,24 Hours,5.8,0,0,5,1,0,1,NA,0.16666666666666666,0.8333333333333334,0.16666666666666666,NA,0,NA,0,Whipping Cream,AttuneDilut
AF 8,24 Hours,5.9,0,0,5,1,0,1,NA,0.16666666666666666,0.8333333333333334,0.16666666666666666,NA,0,NA,0,Whipping Cream,AttuneDilut
AF 8,24 Hours,6,0,0,5,1,0,1,NA,0.16666666666666666,0.8333333333333334,0.16666666666666666,NA,0,NA,0,Whipping Cream,AttuneDilut
AF 8,24 Hours,6.1,0,0,5,1,0,1,NA,0.16666666666666666,0.8333333333333334,0.16666666666666666,NA,0,NA,0,Whipping Cream,AttuneDilut
AF 8,24 Hours,6.2,0,0,5,1,0,1,NA,0.16666666666666666,0.8333333333333334,0.16666666666666666,NA,0,NA,0,Whipping Cream,AttuneDilut
AF 8,24 Hours,6.3,0,0,5,1,0,1,NA,0.16666666666666666,0.8333333333333334,0.16666666666666666,NA,0,NA,0,Whipping Cream,AttuneDilut
AF 8,24 Hours,6.4,0,0,5,1,0,1,NA,0.16666666666666666,0.8333333333333334,0.16666666666666666,NA,0,NA,0,Whipping Cream,AttuneDilut
AF 8,24 Hours,6.5,0,0,5,1,0,1,NA,0.16666666666666666,0.8333333333333334,0.16666666666666666,NA,0,NA,0,Whipping Cream,AttuneDilut
AF 8,24 Hours,6.6,0,0,5,1,0,1,NA,0.16666666666666666,0.8333333333333334,0.16666666666666666,NA,0,NA,0,Whipping Cream,AttuneDilut
AF 8,24 Hours,6.7,0,0,5,1,0,1,NA,0.16666666666666666,0.8333333333333334,0.16666666666666666,NA,0,NA,0,Whipping Cream,AttuneDilut
AF 8,24 Hours,6.8,0,0,5,1,0,1,NA,0.16666666666666666,0.8333333333333334,0.16666666666666666,NA,0,NA,0,Whipping Cream,AttuneDilut
AF 8,24 Hours,6.9,0,0,5,1,0,1,NA,0.16666666666666666,0.8333333333333334,0.16666666666666666,NA,0,NA,0,Whipping Cream,AttuneDilut
AF 8,24 Hours,7,0,0,5,1,0,1,NA,0.16666666666666666,0.8333333333333334,0.16666666666666666,NA,0,NA,0,Whipping Cream,AttuneDilut
AF 8,24 Hours,7.1,0,0,5,1,0,1,NA,0.16666666666666666,0.8333333333333334,0.16666666666666666,NA,0,NA,0,Whipping Cream,AttuneDilut
AF 8,24 Hours,7.2,0,0,5,1,0,1,NA,0.16666666666666666,0.8333333333333334,0.16666666666666666,NA,0,NA,0,Whipping Cream,AttuneDilut
AF 8,24 Hours,7.3,0,0,5,1,0,1,NA,0.16666666666666666,0.8333333333333334,0.16666666666666666,NA,0,NA,0,Whipping Cream,AttuneDilut
AF 8,24 Hours,7.4,0,0,5,1,0,1,NA,0.16666666666666666,0.8333333333333334,0.16666666666666666,NA,0,NA,0,Whipping Cream,AttuneDilut
AF 8,24 Hours,7.5,0,0,5,1,0,1,NA,0.16666666666666666,0.8333333333333334,0.16666666666666666,NA,0,NA,0,Whipping Cream,AttuneDilut
AF 8,24 Hours,7.6,0,0,5,1,0,1,NA,0.16666666666666666,0.8333333333333334,0.16666666666666666,NA,0,NA,0,Whipping Cream,AttuneDilut
AF 8,24 Hours,7.699999999999999,0,0,5,1,0,1,NA,0.16666666666666666,0.8333333333333334,0.16666666666666666,NA,0,NA,0,Whipping Cream,AttuneDilut
AF 8,24 Hours,7.8,0,0,5,1,0,1,NA,0.16666666666666666,0.8333333333333334,0.16666666666666666,NA,0,NA,0,Whipping Cream,AttuneDilut
AF 8,48 Hours,-0.4,5,1,0,0,1,0,0.8333333333333334,NA,0.8333333333333334,0.8333333333333334,0.9090909090909091,0.8333333333333334,NA,0,Whipping Cream,AttuneDilut
AF 8,48 Hours,-0.30000000000000004,5,0,0,1,1,1,1,1,0.8333333333333334,1,1,1,1,1,Whipping Cream,AttuneDilut
AF 8,48 Hours,-0.2,5,0,0,1,1,1,1,1,0.8333333333333334,1,1,1,1,1,Whipping Cream,AttuneDilut
AF 8,48 Hours,-0.09999999999999998,5,0,0,1,1,1,1,1,0.8333333333333334,1,1,1,1,1,Whipping Cream,AttuneDilut
AF 8,48 Hours,0,5,0,0,1,1,1,1,1,0.8333333333333334,1,1,1,1,1,Whipping Cream,AttuneDilut
AF 8,48 Hours,0.09999999999999998,5,0,0,1,1,1,1,1,0.8333333333333334,1,1,1,1,1,Whipping Cream,AttuneDilut
AF 8,48 Hours,0.20000000000000007,5,0,0,1,1,1,1,1,0.8333333333333334,1,1,1,1,1,Whipping Cream,AttuneDilut
AF 8,48 Hours,0.30000000000000004,5,0,0,1,1,1,1,1,0.8333333333333334,1,1,1,1,1,Whipping Cream,AttuneDilut
AF 8,48 Hours,0.4,5,0,0,1,1,1,1,1,0.8333333333333334,1,1,1,1,1,Whipping Cream,AttuneDilut
AF 8,48 Hours,0.5,5,0,0,1,1,1,1,1,0.8333333333333334,1,1,1,1,1,Whipping Cream,AttuneDilut
AF 8,48 Hours,0.6,5,0,0,1,1,1,1,1,0.8333333333333334,1,1,1,1,1,Whipping Cream,AttuneDilut
AF 8,48 Hours,0.7000000000000001,5,0,0,1,1,1,1,1,0.8333333333333334,1,1,1,1,1,Whipping Cream,AttuneDilut
AF 8,48 Hours,0.8000000000000002,5,0,0,1,1,1,1,1,0.8333333333333334,1,1,1,1,1,Whipping Cream,AttuneDilut
AF 8,48 Hours,0.9,5,0,0,1,1,1,1,1,0.8333333333333334,1,1,1,1,1,Whipping Cream,AttuneDilut
AF 8,48 Hours,1,5,0,0,1,1,1,1,1,0.8333333333333334,1,1,1,1,1,Whipping Cream,AttuneDilut
AF 8,48 Hours,1.1,5,0,0,1,1,1,1,1,0.8333333333333334,1,1,1,1,1,Whipping Cream,AttuneDilut
AF 8,48 Hours,1.2000000000000002,5,0,0,1,1,1,1,1,0.8333333333333334,1,1,1,1,1,Whipping Cream,AttuneDilut
AF 8,48 Hours,1.3000000000000003,5,0,0,1,1,1,1,1,0.8333333333333334,1,1,1,1,1,Whipping Cream,AttuneDilut
AF 8,48 Hours,1.4,5,0,0,1,1,1,1,1,0.8333333333333334,1,1,1,1,1,Whipping Cream,AttuneDilut
AF 8,48 Hours,1.5,5,0,0,1,1,1,1,1,0.8333333333333334,1,1,1,1,1,Whipping Cream,AttuneDilut
AF 8,48 Hours,1.6,5,0,0,1,1,1,1,1,0.8333333333333334,1,1,1,1,1,Whipping Cream,AttuneDilut
AF 8,48 Hours,1.7000000000000002,5,0,0,1,1,1,1,1,0.8333333333333334,1,1,1,1,1,Whipping Cream,AttuneDilut
AF 8,48 Hours,1.8000000000000003,5,0,0,1,1,1,1,1,0.8333333333333334,1,1,1,1,1,Whipping Cream,AttuneDilut
AF 8,48 Hours,1.9000000000000004,5,0,0,1,1,1,1,1,0.8333333333333334,1,1,1,1,1,Whipping Cream,AttuneDilut
AF 8,48 Hours,2.0000000000000004,5,0,0,1,1,1,1,1,0.8333333333333334,1,1,1,1,1,Whipping Cream,AttuneDilut
AF 8,48 Hours,2.1,5,0,0,1,1,1,1,1,0.8333333333333334,1,1,1,1,1,Whipping Cream,AttuneDilut
AF 8,48 Hours,2.2,5,0,0,1,1,1,1,1,0.8333333333333334,1,1,1,1,1,Whipping Cream,AttuneDilut
AF 8,48 Hours,2.3000000000000003,5,0,0,1,1,1,1,1,0.8333333333333334,1,1,1,1,1,Whipping Cream,AttuneDilut
AF 8,48 Hours,2.4000000000000004,5,0,0,1,1,1,1,1,0.8333333333333334,1,1,1,1,1,Whipping Cream,AttuneDilut
AF 8,48 Hours,2.5000000000000004,5,0,0,1,1,1,1,1,0.8333333333333334,1,1,1,1,1,Whipping Cream,AttuneDilut
AF 8,48 Hours,2.6,5,0,0,1,1,1,1,1,0.8333333333333334,1,1,1,1,1,Whipping Cream,AttuneDilut
AF 8,48 Hours,2.7,5,0,0,1,1,1,1,1,0.8333333333333334,1,1,1,1,1,Whipping Cream,AttuneDilut
AF 8,48 Hours,2.8000000000000003,5,0,0,1,1,1,1,1,0.8333333333333334,1,1,1,1,1,Whipping Cream,AttuneDilut
AF 8,48 Hours,2.9000000000000004,5,0,0,1,1,1,1,1,0.8333333333333334,1,1,1,1,1,Whipping Cream,AttuneDilut
AF 8,48 Hours,3.0000000000000004,5,0,0,1,1,1,1,1,0.8333333333333334,1,1,1,1,1,Whipping Cream,AttuneDilut
AF 8,48 Hours,3.1,5,0,0,1,1,1,1,1,0.8333333333333334,1,1,1,1,1,Whipping Cream,AttuneDilut
AF 8,48 Hours,3.2,5,0,0,1,1,1,1,1,0.8333333333333334,1,1,1,1,1,Whipping Cream,AttuneDilut
AF 8,48 Hours,3.3000000000000003,5,0,0,1,1,1,1,1,0.8333333333333334,1,1,1,1,1,Whipping Cream,AttuneDilut
AF 8,48 Hours,3.4000000000000004,5,0,0,1,1,1,1,1,0.8333333333333334,1,1,1,1,1,Whipping Cream,AttuneDilut
AF 8,48 Hours,3.5000000000000004,4,0,1,1,0.8,1,1,0.5,0.8333333333333334,0.8333333333333334,0.888888888888889,0.8,0.6324555320336759,0.8,Whipping Cream,AttuneDilut
AF 8,48 Hours,3.6,4,0,1,1,0.8,1,1,0.5,0.8333333333333334,0.8333333333333334,0.888888888888889,0.8,0.6324555320336759,0.8,Whipping Cream,AttuneDilut
AF 8,48 Hours,3.7000000000000006,4,0,1,1,0.8,1,1,0.5,0.8333333333333334,0.8333333333333334,0.888888888888889,0.8,0.6324555320336759,0.8,Whipping Cream,AttuneDilut
AF 8,48 Hours,3.8000000000000003,3,0,2,1,0.6,1,1,0.3333333333333333,0.8333333333333334,0.6666666666666666,0.7499999999999999,0.6,0.44721359549995793,0.6000000000000001,Whipping Cream,AttuneDilut
AF 8,48 Hours,3.9,3,0,2,1,0.6,1,1,0.3333333333333333,0.8333333333333334,0.6666666666666666,0.7499999999999999,0.6,0.44721359549995793,0.6000000000000001,Whipping Cream,AttuneDilut
AF 8,48 Hours,4,3,0,2,1,0.6,1,1,0.3333333333333333,0.8333333333333334,0.6666666666666666,0.7499999999999999,0.6,0.44721359549995793,0.6000000000000001,Whipping Cream,AttuneDilut
AF 8,48 Hours,4.1,3,0,2,1,0.6,1,1,0.3333333333333333,0.8333333333333334,0.6666666666666666,0.7499999999999999,0.6,0.44721359549995793,0.6000000000000001,Whipping Cream,AttuneDilut
AF 8,48 Hours,4.2,3,0,2,1,0.6,1,1,0.3333333333333333,0.8333333333333334,0.6666666666666666,0.7499999999999999,0.6,0.44721359549995793,0.6000000000000001,Whipping Cream,AttuneDilut
AF 8,48 Hours,4.3,2,0,3,1,0.4,1,1,0.25,0.8333333333333334,0.5,0.5714285714285715,0.4,0.31622776601683794,0.3999999999999999,Whipping Cream,AttuneDilut
AF 8,48 Hours,4.4,2,0,3,1,0.4,1,1,0.25,0.8333333333333334,0.5,0.5714285714285715,0.4,0.31622776601683794,0.3999999999999999,Whipping Cream,AttuneDilut
AF 8,48 Hours,4.5,2,0,3,1,0.4,1,1,0.25,0.8333333333333334,0.5,0.5714285714285715,0.4,0.31622776601683794,0.3999999999999999,Whipping Cream,AttuneDilut
AF 8,48 Hours,4.6,2,0,3,1,0.4,1,1,0.25,0.8333333333333334,0.5,0.5714285714285715,0.4,0.31622776601683794,0.3999999999999999,Whipping Cream,AttuneDilut
AF 8,48 Hours,4.7,1,0,4,1,0.2,1,1,0.2,0.8333333333333334,0.3333333333333333,0.33333333333333337,0.2,0.2,0.19999999999999996,Whipping Cream,AttuneDilut
AF 8,48 Hours,4.8,1,0,4,1,0.2,1,1,0.2,0.8333333333333334,0.3333333333333333,0.33333333333333337,0.2,0.2,0.19999999999999996,Whipping Cream,AttuneDilut
AF 8,48 Hours,4.9,1,0,4,1,0.2,1,1,0.2,0.8333333333333334,0.3333333333333333,0.33333333333333337,0.2,0.2,0.19999999999999996,Whipping Cream,AttuneDilut
AF 8,48 Hours,5,1,0,4,1,0.2,1,1,0.2,0.8333333333333334,0.3333333333333333,0.33333333333333337,0.2,0.2,0.19999999999999996,Whipping Cream,AttuneDilut
AF 8,48 Hours,5.1,1,0,4,1,0.2,1,1,0.2,0.8333333333333334,0.3333333333333333,0.33333333333333337,0.2,0.2,0.19999999999999996,Whipping Cream,AttuneDilut
AF 8,48 Hours,5.2,1,0,4,1,0.2,1,1,0.2,0.8333333333333334,0.3333333333333333,0.33333333333333337,0.2,0.2,0.19999999999999996,Whipping Cream,AttuneDilut
AF 8,48 Hours,5.3,1,0,4,1,0.2,1,1,0.2,0.8333333333333334,0.3333333333333333,0.33333333333333337,0.2,0.2,0.19999999999999996,Whipping Cream,AttuneDilut
AF 8,48 Hours,5.4,1,0,4,1,0.2,1,1,0.2,0.8333333333333334,0.3333333333333333,0.33333333333333337,0.2,0.2,0.19999999999999996,Whipping Cream,AttuneDilut
AF 8,48 Hours,5.5,1,0,4,1,0.2,1,1,0.2,0.8333333333333334,0.3333333333333333,0.33333333333333337,0.2,0.2,0.19999999999999996,Whipping Cream,AttuneDilut
AF 8,48 Hours,5.6,1,0,4,1,0.2,1,1,0.2,0.8333333333333334,0.3333333333333333,0.33333333333333337,0.2,0.2,0.19999999999999996,Whipping Cream,AttuneDilut
AF 8,48 Hours,5.7,1,0,4,1,0.2,1,1,0.2,0.8333333333333334,0.3333333333333333,0.33333333333333337,0.2,0.2,0.19999999999999996,Whipping Cream,AttuneDilut
AF 8,48 Hours,5.8,1,0,4,1,0.2,1,1,0.2,0.8333333333333334,0.3333333333333333,0.33333333333333337,0.2,0.2,0.19999999999999996,Whipping Cream,AttuneDilut
AF 8,48 Hours,5.9,1,0,4,1,0.2,1,1,0.2,0.8333333333333334,0.3333333333333333,0.33333333333333337,0.2,0.2,0.19999999999999996,Whipping Cream,AttuneDilut
AF 8,48 Hours,6,0,0,5,1,0,1,NA,0.16666666666666666,0.8333333333333334,0.16666666666666666,NA,0,NA,0,Whipping Cream,AttuneDilut
AF 8,48 Hours,6.1,0,0,5,1,0,1,NA,0.16666666666666666,0.8333333333333334,0.16666666666666666,NA,0,NA,0,Whipping Cream,AttuneDilut
AF 8,48 Hours,6.2,0,0,5,1,0,1,NA,0.16666666666666666,0.8333333333333334,0.16666666666666666,NA,0,NA,0,Whipping Cream,AttuneDilut
AF 8,48 Hours,6.3,0,0,5,1,0,1,NA,0.16666666666666666,0.8333333333333334,0.16666666666666666,NA,0,NA,0,Whipping Cream,AttuneDilut
AF 8,48 Hours,6.4,0,0,5,1,0,1,NA,0.16666666666666666,0.8333333333333334,0.16666666666666666,NA,0,NA,0,Whipping Cream,AttuneDilut
AF 8,48 Hours,6.5,0,0,5,1,0,1,NA,0.16666666666666666,0.8333333333333334,0.16666666666666666,NA,0,NA,0,Whipping Cream,AttuneDilut
AF 8,48 Hours,6.6,0,0,5,1,0,1,NA,0.16666666666666666,0.8333333333333334,0.16666666666666666,NA,0,NA,0,Whipping Cream,AttuneDilut
AF 8,48 Hours,6.7,0,0,5,1,0,1,NA,0.16666666666666666,0.8333333333333334,0.16666666666666666,NA,0,NA,0,Whipping Cream,AttuneDilut
AF 8,48 Hours,6.8,0,0,5,1,0,1,NA,0.16666666666666666,0.8333333333333334,0.16666666666666666,NA,0,NA,0,Whipping Cream,AttuneDilut
AF 8,48 Hours,6.9,0,0,5,1,0,1,NA,0.16666666666666666,0.8333333333333334,0.16666666666666666,NA,0,NA,0,Whipping Cream,AttuneDilut
AF 8,48 Hours,7,0,0,5,1,0,1,NA,0.16666666666666666,0.8333333333333334,0.16666666666666666,NA,0,NA,0,Whipping Cream,AttuneDilut
AF 8,48 Hours,7.1,0,0,5,1,0,1,NA,0.16666666666666666,0.8333333333333334,0.16666666666666666,NA,0,NA,0,Whipping Cream,AttuneDilut
AF 8,48 Hours,7.2,0,0,5,1,0,1,NA,0.16666666666666666,0.8333333333333334,0.16666666666666666,NA,0,NA,0,Whipping Cream,AttuneDilut
AF 8,48 Hours,7.3,0,0,5,1,0,1,NA,0.16666666666666666,0.8333333333333334,0.16666666666666666,NA,0,NA,0,Whipping Cream,AttuneDilut
AF 8,48 Hours,7.4,0,0,5,1,0,1,NA,0.16666666666666666,0.8333333333333334,0.16666666666666666,NA,0,NA,0,Whipping Cream,AttuneDilut
AF 8,48 Hours,7.5,0,0,5,1,0,1,NA,0.16666666666666666,0.8333333333333334,0.16666666666666666,NA,0,NA,0,Whipping Cream,AttuneDilut
AF 8,48 Hours,7.6,0,0,5,1,0,1,NA,0.16666666666666666,0.8333333333333334,0.16666666666666666,NA,0,NA,0,Whipping Cream,AttuneDilut
AF 8,48 Hours,7.699999999999999,0,0,5,1,0,1,NA,0.16666666666666666,0.8333333333333334,0.16666666666666666,NA,0,NA,0,Whipping Cream,AttuneDilut
AF 8,48 Hours,7.8,0,0,5,1,0,1,NA,0.16666666666666666,0.8333333333333334,0.16666666666666666,NA,0,NA,0,Whipping Cream,AttuneDilut
AF 8,72 Hours,-0.4,5,1,0,0,1,0,0.8333333333333334,NA,0.8333333333333334,0.8333333333333334,0.9090909090909091,0.8333333333333334,NA,0,Whipping Cream,AttuneDilut
AF 8,72 Hours,-0.30000000000000004,5,1,0,0,1,0,0.8333333333333334,NA,0.8333333333333334,0.8333333333333334,0.9090909090909091,0.8333333333333334,NA,0,Whipping Cream,AttuneDilut
AF 8,72 Hours,-0.2,5,1,0,0,1,0,0.8333333333333334,NA,0.8333333333333334,0.8333333333333334,0.9090909090909091,0.8333333333333334,NA,0,Whipping Cream,AttuneDilut
AF 8,72 Hours,-0.09999999999999998,5,1,0,0,1,0,0.8333333333333334,NA,0.8333333333333334,0.8333333333333334,0.9090909090909091,0.8333333333333334,NA,0,Whipping Cream,AttuneDilut
AF 8,72 Hours,0,5,1,0,0,1,0,0.8333333333333334,NA,0.8333333333333334,0.8333333333333334,0.9090909090909091,0.8333333333333334,NA,0,Whipping Cream,AttuneDilut
AF 8,72 Hours,0.09999999999999998,5,1,0,0,1,0,0.8333333333333334,NA,0.8333333333333334,0.8333333333333334,0.9090909090909091,0.8333333333333334,NA,0,Whipping Cream,AttuneDilut
AF 8,72 Hours,0.20000000000000007,5,1,0,0,1,0,0.8333333333333334,NA,0.8333333333333334,0.8333333333333334,0.9090909090909091,0.8333333333333334,NA,0,Whipping Cream,AttuneDilut
AF 8,72 Hours,0.30000000000000004,5,1,0,0,1,0,0.8333333333333334,NA,0.8333333333333334,0.8333333333333334,0.9090909090909091,0.8333333333333334,NA,0,Whipping Cream,AttuneDilut
AF 8,72 Hours,0.4,5,1,0,0,1,0,0.8333333333333334,NA,0.8333333333333334,0.8333333333333334,0.9090909090909091,0.8333333333333334,NA,0,Whipping Cream,AttuneDilut
AF 8,72 Hours,0.5,5,1,0,0,1,0,0.8333333333333334,NA,0.8333333333333334,0.8333333333333334,0.9090909090909091,0.8333333333333334,NA,0,Whipping Cream,AttuneDilut
AF 8,72 Hours,0.6,5,1,0,0,1,0,0.8333333333333334,NA,0.8333333333333334,0.8333333333333334,0.9090909090909091,0.8333333333333334,NA,0,Whipping Cream,AttuneDilut
AF 8,72 Hours,0.7000000000000001,5,1,0,0,1,0,0.8333333333333334,NA,0.8333333333333334,0.8333333333333334,0.9090909090909091,0.8333333333333334,NA,0,Whipping Cream,AttuneDilut
AF 8,72 Hours,0.8000000000000002,5,1,0,0,1,0,0.8333333333333334,NA,0.8333333333333334,0.8333333333333334,0.9090909090909091,0.8333333333333334,NA,0,Whipping Cream,AttuneDilut
AF 8,72 Hours,0.9,5,1,0,0,1,0,0.8333333333333334,NA,0.8333333333333334,0.8333333333333334,0.9090909090909091,0.8333333333333334,NA,0,Whipping Cream,AttuneDilut
AF 8,72 Hours,1,5,1,0,0,1,0,0.8333333333333334,NA,0.8333333333333334,0.8333333333333334,0.9090909090909091,0.8333333333333334,NA,0,Whipping Cream,AttuneDilut
AF 8,72 Hours,1.1,5,1,0,0,1,0,0.8333333333333334,NA,0.8333333333333334,0.8333333333333334,0.9090909090909091,0.8333333333333334,NA,0,Whipping Cream,AttuneDilut
AF 8,72 Hours,1.2000000000000002,5,1,0,0,1,0,0.8333333333333334,NA,0.8333333333333334,0.8333333333333334,0.9090909090909091,0.8333333333333334,NA,0,Whipping Cream,AttuneDilut
AF 8,72 Hours,1.3000000000000003,5,1,0,0,1,0,0.8333333333333334,NA,0.8333333333333334,0.8333333333333334,0.9090909090909091,0.8333333333333334,NA,0,Whipping Cream,AttuneDilut
AF 8,72 Hours,1.4,5,1,0,0,1,0,0.8333333333333334,NA,0.8333333333333334,0.8333333333333334,0.9090909090909091,0.8333333333333334,NA,0,Whipping Cream,AttuneDilut
AF 8,72 Hours,1.5,5,1,0,0,1,0,0.8333333333333334,NA,0.8333333333333334,0.8333333333333334,0.9090909090909091,0.8333333333333334,NA,0,Whipping Cream,AttuneDilut
AF 8,72 Hours,1.6,5,1,0,0,1,0,0.8333333333333334,NA,0.8333333333333334,0.8333333333333334,0.9090909090909091,0.8333333333333334,NA,0,Whipping Cream,AttuneDilut
AF 8,72 Hours,1.7000000000000002,5,1,0,0,1,0,0.8333333333333334,NA,0.8333333333333334,0.8333333333333334,0.9090909090909091,0.8333333333333334,NA,0,Whipping Cream,AttuneDilut
AF 8,72 Hours,1.8000000000000003,5,1,0,0,1,0,0.8333333333333334,NA,0.8333333333333334,0.8333333333333334,0.9090909090909091,0.8333333333333334,NA,0,Whipping Cream,AttuneDilut
AF 8,72 Hours,1.9000000000000004,5,1,0,0,1,0,0.8333333333333334,NA,0.8333333333333334,0.8333333333333334,0.9090909090909091,0.8333333333333334,NA,0,Whipping Cream,AttuneDilut
AF 8,72 Hours,2.0000000000000004,5,1,0,0,1,0,0.8333333333333334,NA,0.8333333333333334,0.8333333333333334,0.9090909090909091,0.8333333333333334,NA,0,Whipping Cream,AttuneDilut
AF 8,72 Hours,2.1,5,1,0,0,1,0,0.8333333333333334,NA,0.8333333333333334,0.8333333333333334,0.9090909090909091,0.8333333333333334,NA,0,Whipping Cream,AttuneDilut
AF 8,72 Hours,2.2,5,1,0,0,1,0,0.8333333333333334,NA,0.8333333333333334,0.8333333333333334,0.9090909090909091,0.8333333333333334,NA,0,Whipping Cream,AttuneDilut
AF 8,72 Hours,2.3000000000000003,5,1,0,0,1,0,0.8333333333333334,NA,0.8333333333333334,0.8333333333333334,0.9090909090909091,0.8333333333333334,NA,0,Whipping Cream,AttuneDilut
AF 8,72 Hours,2.4000000000000004,5,0,0,1,1,1,1,1,0.8333333333333334,1,1,1,1,1,Whipping Cream,AttuneDilut
AF 8,72 Hours,2.5000000000000004,5,0,0,1,1,1,1,1,0.8333333333333334,1,1,1,1,1,Whipping Cream,AttuneDilut
AF 8,72 Hours,2.6,5,0,0,1,1,1,1,1,0.8333333333333334,1,1,1,1,1,Whipping Cream,AttuneDilut
AF 8,72 Hours,2.7,5,0,0,1,1,1,1,1,0.8333333333333334,1,1,1,1,1,Whipping Cream,AttuneDilut
AF 8,72 Hours,2.8000000000000003,5,0,0,1,1,1,1,1,0.8333333333333334,1,1,1,1,1,Whipping Cream,AttuneDilut
AF 8,72 Hours,2.9000000000000004,5,0,0,1,1,1,1,1,0.8333333333333334,1,1,1,1,1,Whipping Cream,AttuneDilut
AF 8,72 Hours,3.0000000000000004,5,0,0,1,1,1,1,1,0.8333333333333334,1,1,1,1,1,Whipping Cream,AttuneDilut
AF 8,72 Hours,3.1,5,0,0,1,1,1,1,1,0.8333333333333334,1,1,1,1,1,Whipping Cream,AttuneDilut
AF 8,72 Hours,3.2,5,0,0,1,1,1,1,1,0.8333333333333334,1,1,1,1,1,Whipping Cream,AttuneDilut
AF 8,72 Hours,3.3000000000000003,5,0,0,1,1,1,1,1,0.8333333333333334,1,1,1,1,1,Whipping Cream,AttuneDilut
AF 8,72 Hours,3.4000000000000004,5,0,0,1,1,1,1,1,0.8333333333333334,1,1,1,1,1,Whipping Cream,AttuneDilut
AF 8,72 Hours,3.5000000000000004,5,0,0,1,1,1,1,1,0.8333333333333334,1,1,1,1,1,Whipping Cream,AttuneDilut
AF 8,72 Hours,3.6,5,0,0,1,1,1,1,1,0.8333333333333334,1,1,1,1,1,Whipping Cream,AttuneDilut
AF 8,72 Hours,3.7000000000000006,5,0,0,1,1,1,1,1,0.8333333333333334,1,1,1,1,1,Whipping Cream,AttuneDilut
AF 8,72 Hours,3.8000000000000003,5,0,0,1,1,1,1,1,0.8333333333333334,1,1,1,1,1,Whipping Cream,AttuneDilut
AF 8,72 Hours,3.9,4,0,1,1,0.8,1,1,0.5,0.8333333333333334,0.8333333333333334,0.888888888888889,0.8,0.6324555320336759,0.8,Whipping Cream,AttuneDilut
AF 8,72 Hours,4,4,0,1,1,0.8,1,1,0.5,0.8333333333333334,0.8333333333333334,0.888888888888889,0.8,0.6324555320336759,0.8,Whipping Cream,AttuneDilut
AF 8,72 Hours,4.1,4,0,1,1,0.8,1,1,0.5,0.8333333333333334,0.8333333333333334,0.888888888888889,0.8,0.6324555320336759,0.8,Whipping Cream,AttuneDilut
AF 8,72 Hours,4.2,2,0,3,1,0.4,1,1,0.25,0.8333333333333334,0.5,0.5714285714285715,0.4,0.31622776601683794,0.3999999999999999,Whipping Cream,AttuneDilut
AF 8,72 Hours,4.3,2,0,3,1,0.4,1,1,0.25,0.8333333333333334,0.5,0.5714285714285715,0.4,0.31622776601683794,0.3999999999999999,Whipping Cream,AttuneDilut
AF 8,72 Hours,4.4,2,0,3,1,0.4,1,1,0.25,0.8333333333333334,0.5,0.5714285714285715,0.4,0.31622776601683794,0.3999999999999999,Whipping Cream,AttuneDilut
AF 8,72 Hours,4.5,2,0,3,1,0.4,1,1,0.25,0.8333333333333334,0.5,0.5714285714285715,0.4,0.31622776601683794,0.3999999999999999,Whipping Cream,AttuneDilut
AF 8,72 Hours,4.6,1,0,4,1,0.2,1,1,0.2,0.8333333333333334,0.3333333333333333,0.33333333333333337,0.2,0.2,0.19999999999999996,Whipping Cream,AttuneDilut
AF 8,72 Hours,4.7,1,0,4,1,0.2,1,1,0.2,0.8333333333333334,0.3333333333333333,0.33333333333333337,0.2,0.2,0.19999999999999996,Whipping Cream,AttuneDilut
AF 8,72 Hours,4.8,1,0,4,1,0.2,1,1,0.2,0.8333333333333334,0.3333333333333333,0.33333333333333337,0.2,0.2,0.19999999999999996,Whipping Cream,AttuneDilut
AF 8,72 Hours,4.9,1,0,4,1,0.2,1,1,0.2,0.8333333333333334,0.3333333333333333,0.33333333333333337,0.2,0.2,0.19999999999999996,Whipping Cream,AttuneDilut
AF 8,72 Hours,5,1,0,4,1,0.2,1,1,0.2,0.8333333333333334,0.3333333333333333,0.33333333333333337,0.2,0.2,0.19999999999999996,Whipping Cream,AttuneDilut
AF 8,72 Hours,5.1,1,0,4,1,0.2,1,1,0.2,0.8333333333333334,0.3333333333333333,0.33333333333333337,0.2,0.2,0.19999999999999996,Whipping Cream,AttuneDilut
AF 8,72 Hours,5.2,1,0,4,1,0.2,1,1,0.2,0.8333333333333334,0.3333333333333333,0.33333333333333337,0.2,0.2,0.19999999999999996,Whipping Cream,AttuneDilut
AF 8,72 Hours,5.3,1,0,4,1,0.2,1,1,0.2,0.8333333333333334,0.3333333333333333,0.33333333333333337,0.2,0.2,0.19999999999999996,Whipping Cream,AttuneDilut
AF 8,72 Hours,5.4,1,0,4,1,0.2,1,1,0.2,0.8333333333333334,0.3333333333333333,0.33333333333333337,0.2,0.2,0.19999999999999996,Whipping Cream,AttuneDilut
AF 8,72 Hours,5.5,1,0,4,1,0.2,1,1,0.2,0.8333333333333334,0.3333333333333333,0.33333333333333337,0.2,0.2,0.19999999999999996,Whipping Cream,AttuneDilut
AF 8,72 Hours,5.6,1,0,4,1,0.2,1,1,0.2,0.8333333333333334,0.3333333333333333,0.33333333333333337,0.2,0.2,0.19999999999999996,Whipping Cream,AttuneDilut
AF 8,72 Hours,5.7,0,0,5,1,0,1,NA,0.16666666666666666,0.8333333333333334,0.16666666666666666,NA,0,NA,0,Whipping Cream,AttuneDilut
AF 8,72 Hours,5.8,0,0,5,1,0,1,NA,0.16666666666666666,0.8333333333333334,0.16666666666666666,NA,0,NA,0,Whipping Cream,AttuneDilut
AF 8,72 Hours,5.9,0,0,5,1,0,1,NA,0.16666666666666666,0.8333333333333334,0.16666666666666666,NA,0,NA,0,Whipping Cream,AttuneDilut
AF 8,72 Hours,6,0,0,5,1,0,1,NA,0.16666666666666666,0.8333333333333334,0.16666666666666666,NA,0,NA,0,Whipping Cream,AttuneDilut
AF 8,72 Hours,6.1,0,0,5,1,0,1,NA,0.16666666666666666,0.8333333333333334,0.16666666666666666,NA,0,NA,0,Whipping Cream,AttuneDilut
AF 8,72 Hours,6.2,0,0,5,1,0,1,NA,0.16666666666666666,0.8333333333333334,0.16666666666666666,NA,0,NA,0,Whipping Cream,AttuneDilut
AF 8,72 Hours,6.3,0,0,5,1,0,1,NA,0.16666666666666666,0.8333333333333334,0.16666666666666666,NA,0,NA,0,Whipping Cream,AttuneDilut
AF 8,72 Hours,6.4,0,0,5,1,0,1,NA,0.16666666666666666,0.8333333333333334,0.16666666666666666,NA,0,NA,0,Whipping Cream,AttuneDilut
AF 8,72 Hours,6.5,0,0,5,1,0,1,NA,0.16666666666666666,0.8333333333333334,0.16666666666666666,NA,0,NA,0,Whipping Cream,AttuneDilut
AF 8,72 Hours,6.6,0,0,5,1,0,1,NA,0.16666666666666666,0.8333333333333334,0.16666666666666666,NA,0,NA,0,Whipping Cream,AttuneDilut
AF 8,72 Hours,6.7,0,0,5,1,0,1,NA,0.16666666666666666,0.8333333333333334,0.16666666666666666,NA,0,NA,0,Whipping Cream,AttuneDilut
AF 8,72 Hours,6.8,0,0,5,1,0,1,NA,0.16666666666666666,0.8333333333333334,0.16666666666666666,NA,0,NA,0,Whipping Cream,AttuneDilut
AF 8,72 Hours,6.9,0,0,5,1,0,1,NA,0.16666666666666666,0.8333333333333334,0.16666666666666666,NA,0,NA,0,Whipping Cream,AttuneDilut
AF 8,72 Hours,7,0,0,5,1,0,1,NA,0.16666666666666666,0.8333333333333334,0.16666666666666666,NA,0,NA,0,Whipping Cream,AttuneDilut
AF 8,72 Hours,7.1,0,0,5,1,0,1,NA,0.16666666666666666,0.8333333333333334,0.16666666666666666,NA,0,NA,0,Whipping Cream,AttuneDilut
AF 8,72 Hours,7.2,0,0,5,1,0,1,NA,0.16666666666666666,0.8333333333333334,0.16666666666666666,NA,0,NA,0,Whipping Cream,AttuneDilut
AF 8,72 Hours,7.3,0,0,5,1,0,1,NA,0.16666666666666666,0.8333333333333334,0.16666666666666666,NA,0,NA,0,Whipping Cream,AttuneDilut
AF 8,72 Hours,7.4,0,0,5,1,0,1,NA,0.16666666666666666,0.8333333333333334,0.16666666666666666,NA,0,NA,0,Whipping Cream,AttuneDilut
AF 8,72 Hours,7.5,0,0,5,1,0,1,NA,0.16666666666666666,0.8333333333333334,0.16666666666666666,NA,0,NA,0,Whipping Cream,AttuneDilut
AF 8,72 Hours,7.6,0,0,5,1,0,1,NA,0.16666666666666666,0.8333333333333334,0.16666666666666666,NA,0,NA,0,Whipping Cream,AttuneDilut
AF 8,72 Hours,7.699999999999999,0,0,5,1,0,1,NA,0.16666666666666666,0.8333333333333334,0.16666666666666666,NA,0,NA,0,Whipping Cream,AttuneDilut
AF 8,72 Hours,7.8,0,0,5,1,0,1,NA,0.16666666666666666,0.8333333333333334,0.16666666666666666,NA,0,NA,0,Whipping Cream,AttuneDilut
