Bact,Time,log10_thresh,TP,FP,FN,TN,Sensitivity,Specificity,PPV,NPV,Prevalence,Accuracy,F1,Jaccard,MCC,Youden_J,Product,Test
Geo 1,12 Hours,0.3,5,1,0,0,1,0,0.8333333333333334,NA,0.8333333333333334,0.8333333333333334,0.9090909090909091,0.8333333333333334,NA,0,Whipping Cream,Charm
Geo 1,12 Hours,0.4,5,1,0,0,1,0,0.8333333333333334,NA,0.8333333333333334,0.8333333333333334,0.9090909090909091,0.8333333333333334,NA,0,Whipping Cream,Charm
Geo 1,12 Hours,0.5,5,0,0,1,1,1,1,1,0.8333333333333334,1,1,1,1,1,Whipping Cream,Charm
Geo 1,12 Hours,0.6000000000000001,5,0,0,1,1,1,1,1,0.8333333333333334,1,1,1,1,1,Whipping Cream,Charm
Geo 1,12 Hours,0.7,5,0,0,1,1,1,1,1,0.8333333333333334,1,1,1,1,1,Whipping Cream,Charm
Geo 1,12 Hours,0.8,5,0,0,1,1,1,1,1,0.8333333333333334,1,1,1,1,1,Whipping Cream,Charm
Geo 1,12 Hours,0.9000000000000001,5,0,0,1,1,1,1,1,0.8333333333333334,1,1,1,1,1,Whipping Cream,Charm
Geo 1,12 Hours,1,5,0,0,1,1,1,1,1,0.8333333333333334,1,1,1,1,1,Whipping Cream,Charm
Geo 1,12 Hours,1.1,5,0,0,1,1,1,1,1,0.8333333333333334,1,1,1,1,1,Whipping Cream,Charm
Geo 1,12 Hours,1.2,5,0,0,1,1,1,1,1,0.8333333333333334,1,1,1,1,1,Whipping Cream,Charm
Geo 1,12 Hours,1.3,5,0,0,1,1,1,1,1,0.8333333333333334,1,1,1,1,1,Whipping Cream,Charm
Geo 1,12 Hours,1.4000000000000001,5,0,0,1,1,1,1,1,0.8333333333333334,1,1,1,1,1,Whipping Cream,Charm
Geo 1,12 Hours,1.5000000000000002,5,0,0,1,1,1,1,1,0.8333333333333334,1,1,1,1,1,Whipping Cream,Charm
Geo 1,12 Hours,1.6,5,0,0,1,1,1,1,1,0.8333333333333334,1,1,1,1,1,Whipping Cream,Charm
Geo 1,12 Hours,1.7000000000000002,4,0,1,1,0.8,1,1,0.5,0.8333333333333334,0.8333333333333334,0.888888888888889,0.8,0.6324555320336759,0.8,Whipping Cream,Charm
Geo 1,12 Hours,1.8,4,0,1,1,0.8,1,1,0.5,0.8333333333333334,0.8333333333333334,0.888888888888889,0.8,0.6324555320336759,0.8,Whipping Cream,Charm
Geo 1,12 Hours,1.9000000000000001,4,0,1,1,0.8,1,1,0.5,0.8333333333333334,0.8333333333333334,0.888888888888889,0.8,0.6324555320336759,0.8,Whipping Cream,Charm
Geo 1,12 Hours,2,4,0,1,1,0.8,1,1,0.5,0.8333333333333334,0.8333333333333334,0.888888888888889,0.8,0.6324555320336759,0.8,Whipping Cream,Charm
Geo 1,12 Hours,2.1,4,0,1,1,0.8,1,1,0.5,0.8333333333333334,0.8333333333333334,0.888888888888889,0.8,0.6324555320336759,0.8,Whipping Cream,Charm
Geo 1,12 Hours,2.2,4,0,1,1,0.8,1,1,0.5,0.8333333333333334,0.8333333333333334,0.888888888888889,0.8,0.6324555320336759,0.8,Whipping Cream,Charm
Geo 1,12 Hours,2.3,4,0,1,1,0.8,1,1,0.5,0.8333333333333334,0.8333333333333334,0.888888888888889,0.8,0.6324555320336759,0.8,Whipping Cream,Charm
Geo 1,12 Hours,2.4,4,0,1,1,0.8,1,1,0.5,0.8333333333333334,0.8333333333333334,0.888888888888889,0.8,0.6324555320336759,0.8,Whipping Cream,Charm
Geo 1,12 Hours,2.5,2,0,3,1,0.4,1,1,0.25,0.8333333333333334,0.5,0.5714285714285715,0.4,0.31622776601683794,0.3999999999999999,Whipping Cream,Charm
Geo 1,12 Hours,2.6,2,0,3,1,0.4,1,1,0.25,0.8333333333333334,0.5,0.5714285714285715,0.4,0.31622776601683794,0.3999999999999999,Whipping Cream,Charm
Geo 1,12 Hours,2.7,2,0,3,1,0.4,1,1,0.25,0.8333333333333334,0.5,0.5714285714285715,0.4,0.31622776601683794,0.3999999999999999,Whipping Cream,Charm
Geo 1,12 Hours,2.8,1,0,4,1,0.2,1,1,0.2,0.8333333333333334,0.3333333333333333,0.33333333333333337,0.2,0.2,0.19999999999999996,Whipping Cream,Charm
Geo 1,12 Hours,2.9,1,0,4,1,0.2,1,1,0.2,0.8333333333333334,0.3333333333333333,0.33333333333333337,0.2,0.2,0.19999999999999996,Whipping Cream,Charm
Geo 1,12 Hours,3,1,0,4,1,0.2,1,1,0.2,0.8333333333333334,0.3333333333333333,0.33333333333333337,0.2,0.2,0.19999999999999996,Whipping Cream,Charm
Geo 1,12 Hours,3.1,0,0,5,1,0,1,NA,0.16666666666666666,0.8333333333333334,0.16666666666666666,NA,0,NA,0,Whipping Cream,Charm
Geo 1,12 Hours,3.2,0,0,5,1,0,1,NA,0.16666666666666666,0.8333333333333334,0.16666666666666666,NA,0,NA,0,Whipping Cream,Charm
Geo 1,12 Hours,3.3,0,0,5,1,0,1,NA,0.16666666666666666,0.8333333333333334,0.16666666666666666,NA,0,NA,0,Whipping Cream,Charm
Geo 1,12 Hours,3.4,0,0,5,1,0,1,NA,0.16666666666666666,0.8333333333333334,0.16666666666666666,NA,0,NA,0,Whipping Cream,Charm
Geo 1,12 Hours,3.5,0,0,5,1,0,1,NA,0.16666666666666666,0.8333333333333334,0.16666666666666666,NA,0,NA,0,Whipping Cream,Charm
Geo 1,12 Hours,3.6,0,0,5,1,0,1,NA,0.16666666666666666,0.8333333333333334,0.16666666666666666,NA,0,NA,0,Whipping Cream,Charm
Geo 1,12 Hours,3.7,0,0,5,1,0,1,NA,0.16666666666666666,0.8333333333333334,0.16666666666666666,NA,0,NA,0,Whipping Cream,Charm
Geo 1,12 Hours,3.8,0,0,5,1,0,1,NA,0.16666666666666666,0.8333333333333334,0.16666666666666666,NA,0,NA,0,Whipping Cream,Charm
Geo 1,12 Hours,3.9,0,0,5,1,0,1,NA,0.16666666666666666,0.8333333333333334,0.16666666666666666,NA,0,NA,0,Whipping Cream,Charm
Geo 1,12 Hours,4,0,0,5,1,0,1,NA,0.16666666666666666,0.8333333333333334,0.16666666666666666,NA,0,NA,0,Whipping Cream,Charm
Geo 1,12 Hours,4.1000000000000005,0,0,5,1,0,1,NA,0.16666666666666666,0.8333333333333334,0.16666666666666666,NA,0,NA,0,Whipping Cream,Charm
Geo 1,12 Hours,4.2,0,0,5,1,0,1,NA,0.16666666666666666,0.8333333333333334,0.16666666666666666,NA,0,NA,0,Whipping Cream,Charm
Geo 1,12 Hours,4.3,0,0,5,1,0,1,NA,0.16666666666666666,0.8333333333333334,0.16666666666666666,NA,0,NA,0,Whipping Cream,Charm
Geo 1,12 Hours,4.4,0,0,5,1,0,1,NA,0.16666666666666666,0.8333333333333334,0.16666666666666666,NA,0,NA,0,Whipping Cream,Charm
Geo 1,12 Hours,4.5,0,0,5,1,0,1,NA,0.16666666666666666,0.8333333333333334,0.16666666666666666,NA,0,NA,0,Whipping Cream,Charm
Geo 1,12 Hours,4.6,0,0,5,1,0,1,NA,0.16666666666666666,0.8333333333333334,0.16666666666666666,NA,0,NA,0,Whipping Cream,Charm
Geo 1,24 Hours,0.3,5,1,0,0,1,0,0.8333333333333334,NA,0.8333333333333334,0.8333333333333334,0.9090909090909091,0.8333333333333334,NA,0,Whipping Cream,Charm
Geo 1,24 Hours,0.4,5,1,0,0,1,0,0.8333333333333334,NA,0.8333333333333334,0.8333333333333334,0.9090909090909091,0.8333333333333334,NA,0,Whipping Cream,Charm
Geo 1,24 Hours,0.5,5,0,0,1,1,1,1,1,0.8333333333333334,1,1,1,1,1,Whipping Cream,Charm
Geo 1,24 Hours,0.6000000000000001,5,0,0,1,1,1,1,1,0.8333333333333334,1,1,1,1,1,Whipping Cream,Charm
Geo 1,24 Hours,0.7,5,0,0,1,1,1,1,1,0.8333333333333334,1,1,1,1,1,Whipping Cream,Charm
Geo 1,24 Hours,0.8,5,0,0,1,1,1,1,1,0.8333333333333334,1,1,1,1,1,Whipping Cream,Charm
Geo 1,24 Hours,0.9000000000000001,5,0,0,1,1,1,1,1,0.8333333333333334,1,1,1,1,1,Whipping Cream,Charm
Geo 1,24 Hours,1,5,0,0,1,1,1,1,1,0.8333333333333334,1,1,1,1,1,Whipping Cream,Charm
Geo 1,24 Hours,1.1,5,0,0,1,1,1,1,1,0.8333333333333334,1,1,1,1,1,Whipping Cream,Charm
Geo 1,24 Hours,1.2,5,0,0,1,1,1,1,1,0.8333333333333334,1,1,1,1,1,Whipping Cream,Charm
Geo 1,24 Hours,1.3,5,0,0,1,1,1,1,1,0.8333333333333334,1,1,1,1,1,Whipping Cream,Charm
Geo 1,24 Hours,1.4000000000000001,5,0,0,1,1,1,1,1,0.8333333333333334,1,1,1,1,1,Whipping Cream,Charm
Geo 1,24 Hours,1.5000000000000002,5,0,0,1,1,1,1,1,0.8333333333333334,1,1,1,1,1,Whipping Cream,Charm
Geo 1,24 Hours,1.6,5,0,0,1,1,1,1,1,0.8333333333333334,1,1,1,1,1,Whipping Cream,Charm
Geo 1,24 Hours,1.7000000000000002,5,0,0,1,1,1,1,1,0.8333333333333334,1,1,1,1,1,Whipping Cream,Charm
Geo 1,24 Hours,1.8,4,0,1,1,0.8,1,1,0.5,0.8333333333333334,0.8333333333333334,0.888888888888889,0.8,0.6324555320336759,0.8,Whipping Cream,Charm
Geo 1,24 Hours,1.9000000000000001,4,0,1,1,0.8,1,1,0.5,0.8333333333333334,0.8333333333333334,0.888888888888889,0.8,0.6324555320336759,0.8,Whipping Cream,Charm
Geo 1,24 Hours,2,4,0,1,1,0.8,1,1,0.5,0.8333333333333334,0.8333333333333334,0.888888888888889,0.8,0.6324555320336759,0.8,Whipping Cream,Charm
Geo 1,24 Hours,2.1,4,0,1,1,0.8,1,1,0.5,0.8333333333333334,0.8333333333333334,0.888888888888889,0.8,0.6324555320336759,0.8,Whipping Cream,Charm
Geo 1,24 Hours,2.2,4,0,1,1,0.8,1,1,0.5,0.8333333333333334,0.8333333333333334,0.888888888888889,0.8,0.6324555320336759,0.8,Whipping Cream,Charm
Geo 1,24 Hours,2.3,4,0,1,1,0.8,1,1,0.5,0.8333333333333334,0.8333333333333334,0.888888888888889,0.8,0.6324555320336759,0.8,Whipping Cream,Charm
Geo 1,24 Hours,2.4,4,0,1,1,0.8,1,1,0.5,0.8333333333333334,0.8333333333333334,0.888888888888889,0.8,0.6324555320336759,0.8,Whipping Cream,Charm
Geo 1,24 Hours,2.5,4,0,1,1,0.8,1,1,0.5,0.8333333333333334,0.8333333333333334,0.888888888888889,0.8,0.6324555320336759,0.8,Whipping Cream,Charm
Geo 1,24 Hours,2.6,4,0,1,1,0.8,1,1,0.5,0.8333333333333334,0.8333333333333334,0.888888888888889,0.8,0.6324555320336759,0.8,Whipping Cream,Charm
Geo 1,24 Hours,2.7,4,0,1,1,0.8,1,1,0.5,0.8333333333333334,0.8333333333333334,0.888888888888889,0.8,0.6324555320336759,0.8,Whipping Cream,Charm
Geo 1,24 Hours,2.8,4,0,1,1,0.8,1,1,0.5,0.8333333333333334,0.8333333333333334,0.888888888888889,0.8,0.6324555320336759,0.8,Whipping Cream,Charm
Geo 1,24 Hours,2.9,4,0,1,1,0.8,1,1,0.5,0.8333333333333334,0.8333333333333334,0.888888888888889,0.8,0.6324555320336759,0.8,Whipping Cream,Charm
Geo 1,24 Hours,3,4,0,1,1,0.8,1,1,0.5,0.8333333333333334,0.8333333333333334,0.888888888888889,0.8,0.6324555320336759,0.8,Whipping Cream,Charm
Geo 1,24 Hours,3.1,4,0,1,1,0.8,1,1,0.5,0.8333333333333334,0.8333333333333334,0.888888888888889,0.8,0.6324555320336759,0.8,Whipping Cream,Charm
Geo 1,24 Hours,3.2,4,0,1,1,0.8,1,1,0.5,0.8333333333333334,0.8333333333333334,0.888888888888889,0.8,0.6324555320336759,0.8,Whipping Cream,Charm
Geo 1,24 Hours,3.3,4,0,1,1,0.8,1,1,0.5,0.8333333333333334,0.8333333333333334,0.888888888888889,0.8,0.6324555320336759,0.8,Whipping Cream,Charm
Geo 1,24 Hours,3.4,4,0,1,1,0.8,1,1,0.5,0.8333333333333334,0.8333333333333334,0.888888888888889,0.8,0.6324555320336759,0.8,Whipping Cream,Charm
Geo 1,24 Hours,3.5,4,0,1,1,0.8,1,1,0.5,0.8333333333333334,0.8333333333333334,0.888888888888889,0.8,0.6324555320336759,0.8,Whipping Cream,Charm
Geo 1,24 Hours,3.6,4,0,1,1,0.8,1,1,0.5,0.8333333333333334,0.8333333333333334,0.888888888888889,0.8,0.6324555320336759,0.8,Whipping Cream,Charm
Geo 1,24 Hours,3.7,4,0,1,1,0.8,1,1,0.5,0.8333333333333334,0.8333333333333334,0.888888888888889,0.8,0.6324555320336759,0.8,Whipping Cream,Charm
Geo 1,24 Hours,3.8,4,0,1,1,0.8,1,1,0.5,0.8333333333333334,0.8333333333333334,0.888888888888889,0.8,0.6324555320336759,0.8,Whipping Cream,Charm
Geo 1,24 Hours,3.9,4,0,1,1,0.8,1,1,0.5,0.8333333333333334,0.8333333333333334,0.888888888888889,0.8,0.6324555320336759,0.8,Whipping Cream,Charm
Geo 1,24 Hours,4,4,0,1,1,0.8,1,1,0.5,0.8333333333333334,0.8333333333333334,0.888888888888889,0.8,0.6324555320336759,0.8,Whipping Cream,Charm
Geo 1,24 Hours,4.1000000000000005,3,0,2,1,0.6,1,1,0.3333333333333333,0.8333333333333334,0.6666666666666666,0.7499999999999999,0.6,0.44721359549995793,0.6000000000000001,Whipping Cream,Charm
Geo 1,24 Hours,4.2,3,0,2,1,0.6,1,1,0.3333333333333333,0.8333333333333334,0.6666666666666666,0.7499999999999999,0.6,0.44721359549995793,0.6000000000000001,Whipping Cream,Charm
Geo 1,24 Hours,4.3,3,0,2,1,0.6,1,1,0.3333333333333333,0.8333333333333334,0.6666666666666666,0.7499999999999999,0.6,0.44721359549995793,0.6000000000000001,Whipping Cream,Charm
Geo 1,24 Hours,4.4,3,0,2,1,0.6,1,1,0.3333333333333333,0.8333333333333334,0.6666666666666666,0.7499999999999999,0.6,0.44721359549995793,0.6000000000000001,Whipping Cream,Charm
Geo 1,24 Hours,4.5,1,0,4,1,0.2,1,1,0.2,0.8333333333333334,0.3333333333333333,0.33333333333333337,0.2,0.2,0.19999999999999996,Whipping Cream,Charm
Geo 1,24 Hours,4.6,0,0,5,1,0,1,NA,0.16666666666666666,0.8333333333333334,0.16666666666666666,NA,0,NA,0,Whipping Cream,Charm
Geo 1,48 Hours,0.3,5,1,0,0,1,0,0.8333333333333334,NA,0.8333333333333334,0.8333333333333334,0.9090909090909091,0.8333333333333334,NA,0,Whipping Cream,Charm
Geo 1,48 Hours,0.4,5,1,0,0,1,0,0.8333333333333334,NA,0.8333333333333334,0.8333333333333334,0.9090909090909091,0.8333333333333334,NA,0,Whipping Cream,Charm
Geo 1,48 Hours,0.5,5,1,0,0,1,0,0.8333333333333334,NA,0.8333333333333334,0.8333333333333334,0.9090909090909091,0.8333333333333334,NA,0,Whipping Cream,Charm
Geo 1,48 Hours,0.6000000000000001,5,1,0,0,1,0,0.8333333333333334,NA,0.8333333333333334,0.8333333333333334,0.9090909090909091,0.8333333333333334,NA,0,Whipping Cream,Charm
Geo 1,48 Hours,0.7,5,0,0,1,1,1,1,1,0.8333333333333334,1,1,1,1,1,Whipping Cream,Charm
Geo 1,48 Hours,0.8,4,0,1,1,0.8,1,1,0.5,0.8333333333333334,0.8333333333333334,0.888888888888889,0.8,0.6324555320336759,0.8,Whipping Cream,Charm
Geo 1,48 Hours,0.9000000000000001,4,0,1,1,0.8,1,1,0.5,0.8333333333333334,0.8333333333333334,0.888888888888889,0.8,0.6324555320336759,0.8,Whipping Cream,Charm
Geo 1,48 Hours,1,4,0,1,1,0.8,1,1,0.5,0.8333333333333334,0.8333333333333334,0.888888888888889,0.8,0.6324555320336759,0.8,Whipping Cream,Charm
Geo 1,48 Hours,1.1,3,0,2,1,0.6,1,1,0.3333333333333333,0.8333333333333334,0.6666666666666666,0.7499999999999999,0.6,0.44721359549995793,0.6000000000000001,Whipping Cream,Charm
Geo 1,48 Hours,1.2,3,0,2,1,0.6,1,1,0.3333333333333333,0.8333333333333334,0.6666666666666666,0.7499999999999999,0.6,0.44721359549995793,0.6000000000000001,Whipping Cream,Charm
Geo 1,48 Hours,1.3,3,0,2,1,0.6,1,1,0.3333333333333333,0.8333333333333334,0.6666666666666666,0.7499999999999999,0.6,0.44721359549995793,0.6000000000000001,Whipping Cream,Charm
Geo 1,48 Hours,1.4000000000000001,2,0,3,1,0.4,1,1,0.25,0.8333333333333334,0.5,0.5714285714285715,0.4,0.31622776601683794,0.3999999999999999,Whipping Cream,Charm
Geo 1,48 Hours,1.5000000000000002,1,0,4,1,0.2,1,1,0.2,0.8333333333333334,0.3333333333333333,0.33333333333333337,0.2,0.2,0.19999999999999996,Whipping Cream,Charm
Geo 1,48 Hours,1.6,0,0,5,1,0,1,NA,0.16666666666666666,0.8333333333333334,0.16666666666666666,NA,0,NA,0,Whipping Cream,Charm
Geo 1,48 Hours,1.7000000000000002,0,0,5,1,0,1,NA,0.16666666666666666,0.8333333333333334,0.16666666666666666,NA,0,NA,0,Whipping Cream,Charm
Geo 1,48 Hours,1.8,0,0,5,1,0,1,NA,0.16666666666666666,0.8333333333333334,0.16666666666666666,NA,0,NA,0,Whipping Cream,Charm
Geo 1,48 Hours,1.9000000000000001,0,0,5,1,0,1,NA,0.16666666666666666,0.8333333333333334,0.16666666666666666,NA,0,NA,0,Whipping Cream,Charm
Geo 1,48 Hours,2,0,0,5,1,0,1,NA,0.16666666666666666,0.8333333333333334,0.16666666666666666,NA,0,NA,0,Whipping Cream,Charm
Geo 1,48 Hours,2.1,0,0,5,1,0,1,NA,0.16666666666666666,0.8333333333333334,0.16666666666666666,NA,0,NA,0,Whipping Cream,Charm
Geo 1,48 Hours,2.2,0,0,5,1,0,1,NA,0.16666666666666666,0.8333333333333334,0.16666666666666666,NA,0,NA,0,Whipping Cream,Charm
Geo 1,48 Hours,2.3,0,0,5,1,0,1,NA,0.16666666666666666,0.8333333333333334,0.16666666666666666,NA,0,NA,0,Whipping Cream,Charm
Geo 1,48 Hours,2.4,0,0,5,1,0,1,NA,0.16666666666666666,0.8333333333333334,0.16666666666666666,NA,0,NA,0,Whipping Cream,Charm
Geo 1,48 Hours,2.5,0,0,5,1,0,1,NA,0.16666666666666666,0.8333333333333334,0.16666666666666666,NA,0,NA,0,Whipping Cream,Charm
Geo 1,48 Hours,2.6,0,0,5,1,0,1,NA,0.16666666666666666,0.8333333333333334,0.16666666666666666,NA,0,NA,0,Whipping Cream,Charm
Geo 1,48 Hours,2.7,0,0,5,1,0,1,NA,0.16666666666666666,0.8333333333333334,0.16666666666666666,NA,0,NA,0,Whipping Cream,Charm
Geo 1,48 Hours,2.8,0,0,5,1,0,1,NA,0.16666666666666666,0.8333333333333334,0.16666666666666666,NA,0,NA,0,Whipping Cream,Charm
Geo 1,48 Hours,2.9,0,0,5,1,0,1,NA,0.16666666666666666,0.8333333333333334,0.16666666666666666,NA,0,NA,0,Whipping Cream,Charm
Geo 1,48 Hours,3,0,0,5,1,0,1,NA,0.16666666666666666,0.8333333333333334,0.16666666666666666,NA,0,NA,0,Whipping Cream,Charm
Geo 1,48 Hours,3.1,0,0,5,1,0,1,NA,0.16666666666666666,0.8333333333333334,0.16666666666666666,NA,0,NA,0,Whipping Cream,Charm
Geo 1,48 Hours,3.2,0,0,5,1,0,1,NA,0.16666666666666666,0.8333333333333334,0.16666666666666666,NA,0,NA,0,Whipping Cream,Charm
Geo 1,48 Hours,3.3,0,0,5,1,0,1,NA,0.16666666666666666,0.8333333333333334,0.16666666666666666,NA,0,NA,0,Whipping Cream,Charm
Geo 1,48 Hours,3.4,0,0,5,1,0,1,NA,0.16666666666666666,0.8333333333333334,0.16666666666666666,NA,0,NA,0,Whipping Cream,Charm
Geo 1,48 Hours,3.5,0,0,5,1,0,1,NA,0.16666666666666666,0.8333333333333334,0.16666666666666666,NA,0,NA,0,Whipping Cream,Charm
Geo 1,48 Hours,3.6,0,0,5,1,0,1,NA,0.16666666666666666,0.8333333333333334,0.16666666666666666,NA,0,NA,0,Whipping Cream,Charm
Geo 1,48 Hours,3.7,0,0,5,1,0,1,NA,0.16666666666666666,0.8333333333333334,0.16666666666666666,NA,0,NA,0,Whipping Cream,Charm
Geo 1,48 Hours,3.8,0,0,5,1,0,1,NA,0.16666666666666666,0.8333333333333334,0.16666666666666666,NA,0,NA,0,Whipping Cream,Charm
Geo 1,48 Hours,3.9,0,0,5,1,0,1,NA,0.16666666666666666,0.8333333333333334,0.16666666666666666,NA,0,NA,0,Whipping Cream,Charm
Geo 1,48 Hours,4,0,0,5,1,0,1,NA,0.16666666666666666,0.8333333333333334,0.16666666666666666,NA,0,NA,0,Whipping Cream,Charm
Geo 1,48 Hours,4.1000000000000005,0,0,5,1,0,1,NA,0.16666666666666666,0.8333333333333334,0.16666666666666666,NA,0,NA,0,Whipping Cream,Charm
Geo 1,48 Hours,4.2,0,0,5,1,0,1,NA,0.16666666666666666,0.8333333333333334,0.16666666666666666,NA,0,NA,0,Whipping Cream,Charm
Geo 1,48 Hours,4.3,0,0,5,1,0,1,NA,0.16666666666666666,0.8333333333333334,0.16666666666666666,NA,0,NA,0,Whipping Cream,Charm
Geo 1,48 Hours,4.4,0,0,5,1,0,1,NA,0.16666666666666666,0.8333333333333334,0.16666666666666666,NA,0,NA,0,Whipping Cream,Charm
Geo 1,48 Hours,4.5,0,0,5,1,0,1,NA,0.16666666666666666,0.8333333333333334,0.16666666666666666,NA,0,NA,0,Whipping Cream,Charm
Geo 1,48 Hours,4.6,0,0,5,1,0,1,NA,0.16666666666666666,0.8333333333333334,0.16666666666666666,NA,0,NA,0,Whipping Cream,Charm
Geo 1,72 Hours,0.3,5,1,0,0,1,0,0.8333333333333334,NA,0.8333333333333334,0.8333333333333334,0.9090909090909091,0.8333333333333334,NA,0,Whipping Cream,Charm
Geo 1,72 Hours,0.4,5,1,0,0,1,0,0.8333333333333334,NA,0.8333333333333334,0.8333333333333334,0.9090909090909091,0.8333333333333334,NA,0,Whipping Cream,Charm
Geo 1,72 Hours,0.5,5,0,0,1,1,1,1,1,0.8333333333333334,1,1,1,1,1,Whipping Cream,Charm
Geo 1,72 Hours,0.6000000000000001,5,0,0,1,1,1,1,1,0.8333333333333334,1,1,1,1,1,Whipping Cream,Charm
Geo 1,72 Hours,0.7,3,0,2,1,0.6,1,1,0.3333333333333333,0.8333333333333334,0.6666666666666666,0.7499999999999999,0.6,0.44721359549995793,0.6000000000000001,Whipping Cream,Charm
Geo 1,72 Hours,0.8,2,0,3,1,0.4,1,1,0.25,0.8333333333333334,0.5,0.5714285714285715,0.4,0.31622776601683794,0.3999999999999999,Whipping Cream,Charm
Geo 1,72 Hours,0.9000000000000001,2,0,3,1,0.4,1,1,0.25,0.8333333333333334,0.5,0.5714285714285715,0.4,0.31622776601683794,0.3999999999999999,Whipping Cream,Charm
Geo 1,72 Hours,1,2,0,3,1,0.4,1,1,0.25,0.8333333333333334,0.5,0.5714285714285715,0.4,0.31622776601683794,0.3999999999999999,Whipping Cream,Charm
Geo 1,72 Hours,1.1,1,0,4,1,0.2,1,1,0.2,0.8333333333333334,0.3333333333333333,0.33333333333333337,0.2,0.2,0.19999999999999996,Whipping Cream,Charm
Geo 1,72 Hours,1.2,0,0,5,1,0,1,NA,0.16666666666666666,0.8333333333333334,0.16666666666666666,NA,0,NA,0,Whipping Cream,Charm
Geo 1,72 Hours,1.3,0,0,5,1,0,1,NA,0.16666666666666666,0.8333333333333334,0.16666666666666666,NA,0,NA,0,Whipping Cream,Charm
Geo 1,72 Hours,1.4000000000000001,0,0,5,1,0,1,NA,0.16666666666666666,0.8333333333333334,0.16666666666666666,NA,0,NA,0,Whipping Cream,Charm
Geo 1,72 Hours,1.5000000000000002,0,0,5,1,0,1,NA,0.16666666666666666,0.8333333333333334,0.16666666666666666,NA,0,NA,0,Whipping Cream,Charm
Geo 1,72 Hours,1.6,0,0,5,1,0,1,NA,0.16666666666666666,0.8333333333333334,0.16666666666666666,NA,0,NA,0,Whipping Cream,Charm
Geo 1,72 Hours,1.7000000000000002,0,0,5,1,0,1,NA,0.16666666666666666,0.8333333333333334,0.16666666666666666,NA,0,NA,0,Whipping Cream,Charm
Geo 1,72 Hours,1.8,0,0,5,1,0,1,NA,0.16666666666666666,0.8333333333333334,0.16666666666666666,NA,0,NA,0,Whipping Cream,Charm
Geo 1,72 Hours,1.9000000000000001,0,0,5,1,0,1,NA,0.16666666666666666,0.8333333333333334,0.16666666666666666,NA,0,NA,0,Whipping Cream,Charm
Geo 1,72 Hours,2,0,0,5,1,0,1,NA,0.16666666666666666,0.8333333333333334,0.16666666666666666,NA,0,NA,0,Whipping Cream,Charm
Geo 1,72 Hours,2.1,0,0,5,1,0,1,NA,0.16666666666666666,0.8333333333333334,0.16666666666666666,NA,0,NA,0,Whipping Cream,Charm
Geo 1,72 Hours,2.2,0,0,5,1,0,1,NA,0.16666666666666666,0.8333333333333334,0.16666666666666666,NA,0,NA,0,Whipping Cream,Charm
Geo 1,72 Hours,2.3,0,0,5,1,0,1,NA,0.16666666666666666,0.8333333333333334,0.16666666666666666,NA,0,NA,0,Whipping Cream,Charm
Geo 1,72 Hours,2.4,0,0,5,1,0,1,NA,0.16666666666666666,0.8333333333333334,0.16666666666666666,NA,0,NA,0,Whipping Cream,Charm
Geo 1,72 Hours,2.5,0,0,5,1,0,1,NA,0.16666666666666666,0.8333333333333334,0.16666666666666666,NA,0,NA,0,Whipping Cream,Charm
Geo 1,72 Hours,2.6,0,0,5,1,0,1,NA,0.16666666666666666,0.8333333333333334,0.16666666666666666,NA,0,NA,0,Whipping Cream,Charm
Geo 1,72 Hours,2.7,0,0,5,1,0,1,NA,0.16666666666666666,0.8333333333333334,0.16666666666666666,NA,0,NA,0,Whipping Cream,Charm
Geo 1,72 Hours,2.8,0,0,5,1,0,1,NA,0.16666666666666666,0.8333333333333334,0.16666666666666666,NA,0,NA,0,Whipping Cream,Charm
Geo 1,72 Hours,2.9,0,0,5,1,0,1,NA,0.16666666666666666,0.8333333333333334,0.16666666666666666,NA,0,NA,0,Whipping Cream,Charm
Geo 1,72 Hours,3,0,0,5,1,0,1,NA,0.16666666666666666,0.8333333333333334,0.16666666666666666,NA,0,NA,0,Whipping Cream,Charm
Geo 1,72 Hours,3.1,0,0,5,1,0,1,NA,0.16666666666666666,0.8333333333333334,0.16666666666666666,NA,0,NA,0,Whipping Cream,Charm
Geo 1,72 Hours,3.2,0,0,5,1,0,1,NA,0.16666666666666666,0.8333333333333334,0.16666666666666666,NA,0,NA,0,Whipping Cream,Charm
Geo 1,72 Hours,3.3,0,0,5,1,0,1,NA,0.16666666666666666,0.8333333333333334,0.16666666666666666,NA,0,NA,0,Whipping Cream,Charm
Geo 1,72 Hours,3.4,0,0,5,1,0,1,NA,0.16666666666666666,0.8333333333333334,0.16666666666666666,NA,0,NA,0,Whipping Cream,Charm
Geo 1,72 Hours,3.5,0,0,5,1,0,1,NA,0.16666666666666666,0.8333333333333334,0.16666666666666666,NA,0,NA,0,Whipping Cream,Charm
Geo 1,72 Hours,3.6,0,0,5,1,0,1,NA,0.16666666666666666,0.8333333333333334,0.16666666666666666,NA,0,NA,0,Whipping Cream,Charm
Geo 1,72 Hours,3.7,0,0,5,1,0,1,NA,0.16666666666666666,0.8333333333333334,0.16666666666666666,NA,0,NA,0,Whipping Cream,Charm
Geo 1,72 Hours,3.8,0,0,5,1,0,1,NA,0.16666666666666666,0.8333333333333334,0.16666666666666666,NA,0,NA,0,Whipping Cream,Charm
Geo 1,72 Hours,3.9,0,0,5,1,0,1,NA,0.16666666666666666,0.8333333333333334,0.16666666666666666,NA,0,NA,0,Whipping Cream,Charm
Geo 1,72 Hours,4,0,0,5,1,0,1,NA,0.16666666666666666,0.8333333333333334,0.16666666666666666,NA,0,NA,0,Whipping Cream,Charm
Geo 1,72 Hours,4.1000000000000005,0,0,5,1,0,1,NA,0.16666666666666666,0.8333333333333334,0.16666666666666666,NA,0,NA,0,Whipping Cream,Charm
Geo 1,72 Hours,4.2,0,0,5,1,0,1,NA,0.16666666666666666,0.8333333333333334,0.16666666666666666,NA,0,NA,0,Whipping Cream,Charm
Geo 1,72 Hours,4.3,0,0,5,1,0,1,NA,0.16666666666666666,0.8333333333333334,0.16666666666666666,NA,0,NA,0,Whipping Cream,Charm
Geo 1,72 Hours,4.4,0,0,5,1,0,1,NA,0.16666666666666666,0.8333333333333334,0.16666666666666666,NA,0,NA,0,Whipping Cream,Charm
Geo 1,72 Hours,4.5,0,0,5,1,0,1,NA,0.16666666666666666,0.8333333333333334,0.16666666666666666,NA,0,NA,0,Whipping Cream,Charm
Geo 1,72 Hours,4.6,0,0,5,1,0,1,NA,0.16666666666666666,0.8333333333333334,0.16666666666666666,NA,0,NA,0,Whipping Cream,Charm
Geo 2,12 Hours,0.3,5,1,0,0,1,0,0.8333333333333334,NA,0.8333333333333334,0.8333333333333334,0.9090909090909091,0.8333333333333334,NA,0,Whipping Cream,Charm
Geo 2,12 Hours,0.4,5,1,0,0,1,0,0.8333333333333334,NA,0.8333333333333334,0.8333333333333334,0.9090909090909091,0.8333333333333334,NA,0,Whipping Cream,Charm
Geo 2,12 Hours,0.5,5,1,0,0,1,0,0.8333333333333334,NA,0.8333333333333334,0.8333333333333334,0.9090909090909091,0.8333333333333334,NA,0,Whipping Cream,Charm
Geo 2,12 Hours,0.6000000000000001,5,1,0,0,1,0,0.8333333333333334,NA,0.8333333333333334,0.8333333333333334,0.9090909090909091,0.8333333333333334,NA,0,Whipping Cream,Charm
Geo 2,12 Hours,0.7,5,0,0,1,1,1,1,1,0.8333333333333334,1,1,1,1,1,Whipping Cream,Charm
Geo 2,12 Hours,0.8,5,0,0,1,1,1,1,1,0.8333333333333334,1,1,1,1,1,Whipping Cream,Charm
Geo 2,12 Hours,0.9000000000000001,5,0,0,1,1,1,1,1,0.8333333333333334,1,1,1,1,1,Whipping Cream,Charm
Geo 2,12 Hours,1,5,0,0,1,1,1,1,1,0.8333333333333334,1,1,1,1,1,Whipping Cream,Charm
Geo 2,12 Hours,1.1,5,0,0,1,1,1,1,1,0.8333333333333334,1,1,1,1,1,Whipping Cream,Charm
Geo 2,12 Hours,1.2,5,0,0,1,1,1,1,1,0.8333333333333334,1,1,1,1,1,Whipping Cream,Charm
Geo 2,12 Hours,1.3,5,0,0,1,1,1,1,1,0.8333333333333334,1,1,1,1,1,Whipping Cream,Charm
Geo 2,12 Hours,1.4000000000000001,5,0,0,1,1,1,1,1,0.8333333333333334,1,1,1,1,1,Whipping Cream,Charm
Geo 2,12 Hours,1.5000000000000002,5,0,0,1,1,1,1,1,0.8333333333333334,1,1,1,1,1,Whipping Cream,Charm
Geo 2,12 Hours,1.6,5,0,0,1,1,1,1,1,0.8333333333333334,1,1,1,1,1,Whipping Cream,Charm
Geo 2,12 Hours,1.7000000000000002,4,0,1,1,0.8,1,1,0.5,0.8333333333333334,0.8333333333333334,0.888888888888889,0.8,0.6324555320336759,0.8,Whipping Cream,Charm
Geo 2,12 Hours,1.8,3,0,2,1,0.6,1,1,0.3333333333333333,0.8333333333333334,0.6666666666666666,0.7499999999999999,0.6,0.44721359549995793,0.6000000000000001,Whipping Cream,Charm
Geo 2,12 Hours,1.9000000000000001,2,0,3,1,0.4,1,1,0.25,0.8333333333333334,0.5,0.5714285714285715,0.4,0.31622776601683794,0.3999999999999999,Whipping Cream,Charm
Geo 2,12 Hours,2,2,0,3,1,0.4,1,1,0.25,0.8333333333333334,0.5,0.5714285714285715,0.4,0.31622776601683794,0.3999999999999999,Whipping Cream,Charm
Geo 2,12 Hours,2.1,2,0,3,1,0.4,1,1,0.25,0.8333333333333334,0.5,0.5714285714285715,0.4,0.31622776601683794,0.3999999999999999,Whipping Cream,Charm
Geo 2,12 Hours,2.2,1,0,4,1,0.2,1,1,0.2,0.8333333333333334,0.3333333333333333,0.33333333333333337,0.2,0.2,0.19999999999999996,Whipping Cream,Charm
Geo 2,12 Hours,2.3,1,0,4,1,0.2,1,1,0.2,0.8333333333333334,0.3333333333333333,0.33333333333333337,0.2,0.2,0.19999999999999996,Whipping Cream,Charm
Geo 2,12 Hours,2.4,1,0,4,1,0.2,1,1,0.2,0.8333333333333334,0.3333333333333333,0.33333333333333337,0.2,0.2,0.19999999999999996,Whipping Cream,Charm
Geo 2,12 Hours,2.5,1,0,4,1,0.2,1,1,0.2,0.8333333333333334,0.3333333333333333,0.33333333333333337,0.2,0.2,0.19999999999999996,Whipping Cream,Charm
Geo 2,12 Hours,2.6,1,0,4,1,0.2,1,1,0.2,0.8333333333333334,0.3333333333333333,0.33333333333333337,0.2,0.2,0.19999999999999996,Whipping Cream,Charm
Geo 2,12 Hours,2.7,1,0,4,1,0.2,1,1,0.2,0.8333333333333334,0.3333333333333333,0.33333333333333337,0.2,0.2,0.19999999999999996,Whipping Cream,Charm
Geo 2,12 Hours,2.8,1,0,4,1,0.2,1,1,0.2,0.8333333333333334,0.3333333333333333,0.33333333333333337,0.2,0.2,0.19999999999999996,Whipping Cream,Charm
Geo 2,12 Hours,2.9,0,0,5,1,0,1,NA,0.16666666666666666,0.8333333333333334,0.16666666666666666,NA,0,NA,0,Whipping Cream,Charm
Geo 2,12 Hours,3,0,0,5,1,0,1,NA,0.16666666666666666,0.8333333333333334,0.16666666666666666,NA,0,NA,0,Whipping Cream,Charm
Geo 2,12 Hours,3.1,0,0,5,1,0,1,NA,0.16666666666666666,0.8333333333333334,0.16666666666666666,NA,0,NA,0,Whipping Cream,Charm
Geo 2,12 Hours,3.2,0,0,5,1,0,1,NA,0.16666666666666666,0.8333333333333334,0.16666666666666666,NA,0,NA,0,Whipping Cream,Charm
Geo 2,12 Hours,3.3,0,0,5,1,0,1,NA,0.16666666666666666,0.8333333333333334,0.16666666666666666,NA,0,NA,0,Whipping Cream,Charm
Geo 2,12 Hours,3.4,0,0,5,1,0,1,NA,0.16666666666666666,0.8333333333333334,0.16666666666666666,NA,0,NA,0,Whipping Cream,Charm
Geo 2,12 Hours,3.5,0,0,5,1,0,1,NA,0.16666666666666666,0.8333333333333334,0.16666666666666666,NA,0,NA,0,Whipping Cream,Charm
Geo 2,12 Hours,3.6,0,0,5,1,0,1,NA,0.16666666666666666,0.8333333333333334,0.16666666666666666,NA,0,NA,0,Whipping Cream,Charm
Geo 2,12 Hours,3.7,0,0,5,1,0,1,NA,0.16666666666666666,0.8333333333333334,0.16666666666666666,NA,0,NA,0,Whipping Cream,Charm
Geo 2,12 Hours,3.8,0,0,5,1,0,1,NA,0.16666666666666666,0.8333333333333334,0.16666666666666666,NA,0,NA,0,Whipping Cream,Charm
Geo 2,12 Hours,3.9,0,0,5,1,0,1,NA,0.16666666666666666,0.8333333333333334,0.16666666666666666,NA,0,NA,0,Whipping Cream,Charm
Geo 2,12 Hours,4,0,0,5,1,0,1,NA,0.16666666666666666,0.8333333333333334,0.16666666666666666,NA,0,NA,0,Whipping Cream,Charm
Geo 2,12 Hours,4.1000000000000005,0,0,5,1,0,1,NA,0.16666666666666666,0.8333333333333334,0.16666666666666666,NA,0,NA,0,Whipping Cream,Charm
Geo 2,12 Hours,4.2,0,0,5,1,0,1,NA,0.16666666666666666,0.8333333333333334,0.16666666666666666,NA,0,NA,0,Whipping Cream,Charm
Geo 2,12 Hours,4.3,0,0,5,1,0,1,NA,0.16666666666666666,0.8333333333333334,0.16666666666666666,NA,0,NA,0,Whipping Cream,Charm
Geo 2,12 Hours,4.4,0,0,5,1,0,1,NA,0.16666666666666666,0.8333333333333334,0.16666666666666666,NA,0,NA,0,Whipping Cream,Charm
Geo 2,12 Hours,4.5,0,0,5,1,0,1,NA,0.16666666666666666,0.8333333333333334,0.16666666666666666,NA,0,NA,0,Whipping Cream,Charm
Geo 2,12 Hours,4.6,0,0,5,1,0,1,NA,0.16666666666666666,0.8333333333333334,0.16666666666666666,NA,0,NA,0,Whipping Cream,Charm
Geo 2,24 Hours,0.3,5,1,0,0,1,0,0.8333333333333334,NA,0.8333333333333334,0.8333333333333334,0.9090909090909091,0.8333333333333334,NA,0,Whipping Cream,Charm
Geo 2,24 Hours,0.4,5,1,0,0,1,0,0.8333333333333334,NA,0.8333333333333334,0.8333333333333334,0.9090909090909091,0.8333333333333334,NA,0,Whipping Cream,Charm
Geo 2,24 Hours,0.5,5,1,0,0,1,0,0.8333333333333334,NA,0.8333333333333334,0.8333333333333334,0.9090909090909091,0.8333333333333334,NA,0,Whipping Cream,Charm
Geo 2,24 Hours,0.6000000000000001,5,1,0,0,1,0,0.8333333333333334,NA,0.8333333333333334,0.8333333333333334,0.9090909090909091,0.8333333333333334,NA,0,Whipping Cream,Charm
Geo 2,24 Hours,0.7,5,1,0,0,1,0,0.8333333333333334,NA,0.8333333333333334,0.8333333333333334,0.9090909090909091,0.8333333333333334,NA,0,Whipping Cream,Charm
Geo 2,24 Hours,0.8,5,0,0,1,1,1,1,1,0.8333333333333334,1,1,1,1,1,Whipping Cream,Charm
Geo 2,24 Hours,0.9000000000000001,5,0,0,1,1,1,1,1,0.8333333333333334,1,1,1,1,1,Whipping Cream,Charm
Geo 2,24 Hours,1,5,0,0,1,1,1,1,1,0.8333333333333334,1,1,1,1,1,Whipping Cream,Charm
Geo 2,24 Hours,1.1,5,0,0,1,1,1,1,1,0.8333333333333334,1,1,1,1,1,Whipping Cream,Charm
Geo 2,24 Hours,1.2,5,0,0,1,1,1,1,1,0.8333333333333334,1,1,1,1,1,Whipping Cream,Charm
Geo 2,24 Hours,1.3,5,0,0,1,1,1,1,1,0.8333333333333334,1,1,1,1,1,Whipping Cream,Charm
Geo 2,24 Hours,1.4000000000000001,5,0,0,1,1,1,1,1,0.8333333333333334,1,1,1,1,1,Whipping Cream,Charm
Geo 2,24 Hours,1.5000000000000002,5,0,0,1,1,1,1,1,0.8333333333333334,1,1,1,1,1,Whipping Cream,Charm
Geo 2,24 Hours,1.6,4,0,1,1,0.8,1,1,0.5,0.8333333333333334,0.8333333333333334,0.888888888888889,0.8,0.6324555320336759,0.8,Whipping Cream,Charm
Geo 2,24 Hours,1.7000000000000002,4,0,1,1,0.8,1,1,0.5,0.8333333333333334,0.8333333333333334,0.888888888888889,0.8,0.6324555320336759,0.8,Whipping Cream,Charm
Geo 2,24 Hours,1.8,4,0,1,1,0.8,1,1,0.5,0.8333333333333334,0.8333333333333334,0.888888888888889,0.8,0.6324555320336759,0.8,Whipping Cream,Charm
Geo 2,24 Hours,1.9000000000000001,4,0,1,1,0.8,1,1,0.5,0.8333333333333334,0.8333333333333334,0.888888888888889,0.8,0.6324555320336759,0.8,Whipping Cream,Charm
Geo 2,24 Hours,2,4,0,1,1,0.8,1,1,0.5,0.8333333333333334,0.8333333333333334,0.888888888888889,0.8,0.6324555320336759,0.8,Whipping Cream,Charm
Geo 2,24 Hours,2.1,4,0,1,1,0.8,1,1,0.5,0.8333333333333334,0.8333333333333334,0.888888888888889,0.8,0.6324555320336759,0.8,Whipping Cream,Charm
Geo 2,24 Hours,2.2,4,0,1,1,0.8,1,1,0.5,0.8333333333333334,0.8333333333333334,0.888888888888889,0.8,0.6324555320336759,0.8,Whipping Cream,Charm
Geo 2,24 Hours,2.3,4,0,1,1,0.8,1,1,0.5,0.8333333333333334,0.8333333333333334,0.888888888888889,0.8,0.6324555320336759,0.8,Whipping Cream,Charm
Geo 2,24 Hours,2.4,4,0,1,1,0.8,1,1,0.5,0.8333333333333334,0.8333333333333334,0.888888888888889,0.8,0.6324555320336759,0.8,Whipping Cream,Charm
Geo 2,24 Hours,2.5,4,0,1,1,0.8,1,1,0.5,0.8333333333333334,0.8333333333333334,0.888888888888889,0.8,0.6324555320336759,0.8,Whipping Cream,Charm
Geo 2,24 Hours,2.6,4,0,1,1,0.8,1,1,0.5,0.8333333333333334,0.8333333333333334,0.888888888888889,0.8,0.6324555320336759,0.8,Whipping Cream,Charm
Geo 2,24 Hours,2.7,4,0,1,1,0.8,1,1,0.5,0.8333333333333334,0.8333333333333334,0.888888888888889,0.8,0.6324555320336759,0.8,Whipping Cream,Charm
Geo 2,24 Hours,2.8,4,0,1,1,0.8,1,1,0.5,0.8333333333333334,0.8333333333333334,0.888888888888889,0.8,0.6324555320336759,0.8,Whipping Cream,Charm
Geo 2,24 Hours,2.9,4,0,1,1,0.8,1,1,0.5,0.8333333333333334,0.8333333333333334,0.888888888888889,0.8,0.6324555320336759,0.8,Whipping Cream,Charm
Geo 2,24 Hours,3,4,0,1,1,0.8,1,1,0.5,0.8333333333333334,0.8333333333333334,0.888888888888889,0.8,0.6324555320336759,0.8,Whipping Cream,Charm
Geo 2,24 Hours,3.1,4,0,1,1,0.8,1,1,0.5,0.8333333333333334,0.8333333333333334,0.888888888888889,0.8,0.6324555320336759,0.8,Whipping Cream,Charm
Geo 2,24 Hours,3.2,4,0,1,1,0.8,1,1,0.5,0.8333333333333334,0.8333333333333334,0.888888888888889,0.8,0.6324555320336759,0.8,Whipping Cream,Charm
Geo 2,24 Hours,3.3,3,0,2,1,0.6,1,1,0.3333333333333333,0.8333333333333334,0.6666666666666666,0.7499999999999999,0.6,0.44721359549995793,0.6000000000000001,Whipping Cream,Charm
Geo 2,24 Hours,3.4,3,0,2,1,0.6,1,1,0.3333333333333333,0.8333333333333334,0.6666666666666666,0.7499999999999999,0.6,0.44721359549995793,0.6000000000000001,Whipping Cream,Charm
Geo 2,24 Hours,3.5,3,0,2,1,0.6,1,1,0.3333333333333333,0.8333333333333334,0.6666666666666666,0.7499999999999999,0.6,0.44721359549995793,0.6000000000000001,Whipping Cream,Charm
Geo 2,24 Hours,3.6,2,0,3,1,0.4,1,1,0.25,0.8333333333333334,0.5,0.5714285714285715,0.4,0.31622776601683794,0.3999999999999999,Whipping Cream,Charm
Geo 2,24 Hours,3.7,2,0,3,1,0.4,1,1,0.25,0.8333333333333334,0.5,0.5714285714285715,0.4,0.31622776601683794,0.3999999999999999,Whipping Cream,Charm
Geo 2,24 Hours,3.8,2,0,3,1,0.4,1,1,0.25,0.8333333333333334,0.5,0.5714285714285715,0.4,0.31622776601683794,0.3999999999999999,Whipping Cream,Charm
Geo 2,24 Hours,3.9,2,0,3,1,0.4,1,1,0.25,0.8333333333333334,0.5,0.5714285714285715,0.4,0.31622776601683794,0.3999999999999999,Whipping Cream,Charm
Geo 2,24 Hours,4,2,0,3,1,0.4,1,1,0.25,0.8333333333333334,0.5,0.5714285714285715,0.4,0.31622776601683794,0.3999999999999999,Whipping Cream,Charm
Geo 2,24 Hours,4.1000000000000005,2,0,3,1,0.4,1,1,0.25,0.8333333333333334,0.5,0.5714285714285715,0.4,0.31622776601683794,0.3999999999999999,Whipping Cream,Charm
Geo 2,24 Hours,4.2,2,0,3,1,0.4,1,1,0.25,0.8333333333333334,0.5,0.5714285714285715,0.4,0.31622776601683794,0.3999999999999999,Whipping Cream,Charm
Geo 2,24 Hours,4.3,2,0,3,1,0.4,1,1,0.25,0.8333333333333334,0.5,0.5714285714285715,0.4,0.31622776601683794,0.3999999999999999,Whipping Cream,Charm
Geo 2,24 Hours,4.4,1,0,4,1,0.2,1,1,0.2,0.8333333333333334,0.3333333333333333,0.33333333333333337,0.2,0.2,0.19999999999999996,Whipping Cream,Charm
Geo 2,24 Hours,4.5,0,0,5,1,0,1,NA,0.16666666666666666,0.8333333333333334,0.16666666666666666,NA,0,NA,0,Whipping Cream,Charm
Geo 2,24 Hours,4.6,0,0,5,1,0,1,NA,0.16666666666666666,0.8333333333333334,0.16666666666666666,NA,0,NA,0,Whipping Cream,Charm
Geo 2,48 Hours,0.3,5,1,0,0,1,0,0.8333333333333334,NA,0.8333333333333334,0.8333333333333334,0.9090909090909091,0.8333333333333334,NA,0,Whipping Cream,Charm
Geo 2,48 Hours,0.4,5,1,0,0,1,0,0.8333333333333334,NA,0.8333333333333334,0.8333333333333334,0.9090909090909091,0.8333333333333334,NA,0,Whipping Cream,Charm
Geo 2,48 Hours,0.5,5,0,0,1,1,1,1,1,0.8333333333333334,1,1,1,1,1,Whipping Cream,Charm
Geo 2,48 Hours,0.6000000000000001,5,0,0,1,1,1,1,1,0.8333333333333334,1,1,1,1,1,Whipping Cream,Charm
Geo 2,48 Hours,0.7,4,0,1,1,0.8,1,1,0.5,0.8333333333333334,0.8333333333333334,0.888888888888889,0.8,0.6324555320336759,0.8,Whipping Cream,Charm
Geo 2,48 Hours,0.8,4,0,1,1,0.8,1,1,0.5,0.8333333333333334,0.8333333333333334,0.888888888888889,0.8,0.6324555320336759,0.8,Whipping Cream,Charm
Geo 2,48 Hours,0.9000000000000001,4,0,1,1,0.8,1,1,0.5,0.8333333333333334,0.8333333333333334,0.888888888888889,0.8,0.6324555320336759,0.8,Whipping Cream,Charm
Geo 2,48 Hours,1,2,0,3,1,0.4,1,1,0.25,0.8333333333333334,0.5,0.5714285714285715,0.4,0.31622776601683794,0.3999999999999999,Whipping Cream,Charm
Geo 2,48 Hours,1.1,2,0,3,1,0.4,1,1,0.25,0.8333333333333334,0.5,0.5714285714285715,0.4,0.31622776601683794,0.3999999999999999,Whipping Cream,Charm
Geo 2,48 Hours,1.2,2,0,3,1,0.4,1,1,0.25,0.8333333333333334,0.5,0.5714285714285715,0.4,0.31622776601683794,0.3999999999999999,Whipping Cream,Charm
Geo 2,48 Hours,1.3,1,0,4,1,0.2,1,1,0.2,0.8333333333333334,0.3333333333333333,0.33333333333333337,0.2,0.2,0.19999999999999996,Whipping Cream,Charm
Geo 2,48 Hours,1.4000000000000001,0,0,5,1,0,1,NA,0.16666666666666666,0.8333333333333334,0.16666666666666666,NA,0,NA,0,Whipping Cream,Charm
Geo 2,48 Hours,1.5000000000000002,0,0,5,1,0,1,NA,0.16666666666666666,0.8333333333333334,0.16666666666666666,NA,0,NA,0,Whipping Cream,Charm
Geo 2,48 Hours,1.6,0,0,5,1,0,1,NA,0.16666666666666666,0.8333333333333334,0.16666666666666666,NA,0,NA,0,Whipping Cream,Charm
Geo 2,48 Hours,1.7000000000000002,0,0,5,1,0,1,NA,0.16666666666666666,0.8333333333333334,0.16666666666666666,NA,0,NA,0,Whipping Cream,Charm
Geo 2,48 Hours,1.8,0,0,5,1,0,1,NA,0.16666666666666666,0.8333333333333334,0.16666666666666666,NA,0,NA,0,Whipping Cream,Charm
Geo 2,48 Hours,1.9000000000000001,0,0,5,1,0,1,NA,0.16666666666666666,0.8333333333333334,0.16666666666666666,NA,0,NA,0,Whipping Cream,Charm
Geo 2,48 Hours,2,0,0,5,1,0,1,NA,0.16666666666666666,0.8333333333333334,0.16666666666666666,NA,0,NA,0,Whipping Cream,Charm
Geo 2,48 Hours,2.1,0,0,5,1,0,1,NA,0.16666666666666666,0.8333333333333334,0.16666666666666666,NA,0,NA,0,Whipping Cream,Charm
Geo 2,48 Hours,2.2,0,0,5,1,0,1,NA,0.16666666666666666,0.8333333333333334,0.16666666666666666,NA,0,NA,0,Whipping Cream,Charm
Geo 2,48 Hours,2.3,0,0,5,1,0,1,NA,0.16666666666666666,0.8333333333333334,0.16666666666666666,NA,0,NA,0,Whipping Cream,Charm
Geo 2,48 Hours,2.4,0,0,5,1,0,1,NA,0.16666666666666666,0.8333333333333334,0.16666666666666666,NA,0,NA,0,Whipping Cream,Charm
Geo 2,48 Hours,2.5,0,0,5,1,0,1,NA,0.16666666666666666,0.8333333333333334,0.16666666666666666,NA,0,NA,0,Whipping Cream,Charm
Geo 2,48 Hours,2.6,0,0,5,1,0,1,NA,0.16666666666666666,0.8333333333333334,0.16666666666666666,NA,0,NA,0,Whipping Cream,Charm
Geo 2,48 Hours,2.7,0,0,5,1,0,1,NA,0.16666666666666666,0.8333333333333334,0.16666666666666666,NA,0,NA,0,Whipping Cream,Charm
Geo 2,48 Hours,2.8,0,0,5,1,0,1,NA,0.16666666666666666,0.8333333333333334,0.16666666666666666,NA,0,NA,0,Whipping Cream,Charm
Geo 2,48 Hours,2.9,0,0,5,1,0,1,NA,0.16666666666666666,0.8333333333333334,0.16666666666666666,NA,0,NA,0,Whipping Cream,Charm
Geo 2,48 Hours,3,0,0,5,1,0,1,NA,0.16666666666666666,0.8333333333333334,0.16666666666666666,NA,0,NA,0,Whipping Cream,Charm
Geo 2,48 Hours,3.1,0,0,5,1,0,1,NA,0.16666666666666666,0.8333333333333334,0.16666666666666666,NA,0,NA,0,Whipping Cream,Charm
Geo 2,48 Hours,3.2,0,0,5,1,0,1,NA,0.16666666666666666,0.8333333333333334,0.16666666666666666,NA,0,NA,0,Whipping Cream,Charm
Geo 2,48 Hours,3.3,0,0,5,1,0,1,NA,0.16666666666666666,0.8333333333333334,0.16666666666666666,NA,0,NA,0,Whipping Cream,Charm
Geo 2,48 Hours,3.4,0,0,5,1,0,1,NA,0.16666666666666666,0.8333333333333334,0.16666666666666666,NA,0,NA,0,Whipping Cream,Charm
Geo 2,48 Hours,3.5,0,0,5,1,0,1,NA,0.16666666666666666,0.8333333333333334,0.16666666666666666,NA,0,NA,0,Whipping Cream,Charm
Geo 2,48 Hours,3.6,0,0,5,1,0,1,NA,0.16666666666666666,0.8333333333333334,0.16666666666666666,NA,0,NA,0,Whipping Cream,Charm
Geo 2,48 Hours,3.7,0,0,5,1,0,1,NA,0.16666666666666666,0.8333333333333334,0.16666666666666666,NA,0,NA,0,Whipping Cream,Charm
Geo 2,48 Hours,3.8,0,0,5,1,0,1,NA,0.16666666666666666,0.8333333333333334,0.16666666666666666,NA,0,NA,0,Whipping Cream,Charm
Geo 2,48 Hours,3.9,0,0,5,1,0,1,NA,0.16666666666666666,0.8333333333333334,0.16666666666666666,NA,0,NA,0,Whipping Cream,Charm
Geo 2,48 Hours,4,0,0,5,1,0,1,NA,0.16666666666666666,0.8333333333333334,0.16666666666666666,NA,0,NA,0,Whipping Cream,Charm
Geo 2,48 Hours,4.1000000000000005,0,0,5,1,0,1,NA,0.16666666666666666,0.8333333333333334,0.16666666666666666,NA,0,NA,0,Whipping Cream,Charm
Geo 2,48 Hours,4.2,0,0,5,1,0,1,NA,0.16666666666666666,0.8333333333333334,0.16666666666666666,NA,0,NA,0,Whipping Cream,Charm
Geo 2,48 Hours,4.3,0,0,5,1,0,1,NA,0.16666666666666666,0.8333333333333334,0.16666666666666666,NA,0,NA,0,Whipping Cream,Charm
Geo 2,48 Hours,4.4,0,0,5,1,0,1,NA,0.16666666666666666,0.8333333333333334,0.16666666666666666,NA,0,NA,0,Whipping Cream,Charm
Geo 2,48 Hours,4.5,0,0,5,1,0,1,NA,0.16666666666666666,0.8333333333333334,0.16666666666666666,NA,0,NA,0,Whipping Cream,Charm
Geo 2,48 Hours,4.6,0,0,5,1,0,1,NA,0.16666666666666666,0.8333333333333334,0.16666666666666666,NA,0,NA,0,Whipping Cream,Charm
Geo 2,72 Hours,0.3,5,1,0,0,1,0,0.8333333333333334,NA,0.8333333333333334,0.8333333333333334,0.9090909090909091,0.8333333333333334,NA,0,Whipping Cream,Charm
Geo 2,72 Hours,0.4,5,1,0,0,1,0,0.8333333333333334,NA,0.8333333333333334,0.8333333333333334,0.9090909090909091,0.8333333333333334,NA,0,Whipping Cream,Charm
Geo 2,72 Hours,0.5,4,1,1,0,0.8,0,0.8,0,0.8333333333333334,0.6666666666666666,0.8000000000000002,0.6666666666666666,-0.2,-0.19999999999999996,Whipping Cream,Charm
Geo 2,72 Hours,0.6000000000000001,4,1,1,0,0.8,0,0.8,0,0.8333333333333334,0.6666666666666666,0.8000000000000002,0.6666666666666666,-0.2,-0.19999999999999996,Whipping Cream,Charm
Geo 2,72 Hours,0.7,1,0,4,1,0.2,1,1,0.2,0.8333333333333334,0.3333333333333333,0.33333333333333337,0.2,0.2,0.19999999999999996,Whipping Cream,Charm
Geo 2,72 Hours,0.8,1,0,4,1,0.2,1,1,0.2,0.8333333333333334,0.3333333333333333,0.33333333333333337,0.2,0.2,0.19999999999999996,Whipping Cream,Charm
Geo 2,72 Hours,0.9000000000000001,0,0,5,1,0,1,NA,0.16666666666666666,0.8333333333333334,0.16666666666666666,NA,0,NA,0,Whipping Cream,Charm
Geo 2,72 Hours,1,0,0,5,1,0,1,NA,0.16666666666666666,0.8333333333333334,0.16666666666666666,NA,0,NA,0,Whipping Cream,Charm
Geo 2,72 Hours,1.1,0,0,5,1,0,1,NA,0.16666666666666666,0.8333333333333334,0.16666666666666666,NA,0,NA,0,Whipping Cream,Charm
Geo 2,72 Hours,1.2,0,0,5,1,0,1,NA,0.16666666666666666,0.8333333333333334,0.16666666666666666,NA,0,NA,0,Whipping Cream,Charm
Geo 2,72 Hours,1.3,0,0,5,1,0,1,NA,0.16666666666666666,0.8333333333333334,0.16666666666666666,NA,0,NA,0,Whipping Cream,Charm
Geo 2,72 Hours,1.4000000000000001,0,0,5,1,0,1,NA,0.16666666666666666,0.8333333333333334,0.16666666666666666,NA,0,NA,0,Whipping Cream,Charm
Geo 2,72 Hours,1.5000000000000002,0,0,5,1,0,1,NA,0.16666666666666666,0.8333333333333334,0.16666666666666666,NA,0,NA,0,Whipping Cream,Charm
Geo 2,72 Hours,1.6,0,0,5,1,0,1,NA,0.16666666666666666,0.8333333333333334,0.16666666666666666,NA,0,NA,0,Whipping Cream,Charm
Geo 2,72 Hours,1.7000000000000002,0,0,5,1,0,1,NA,0.16666666666666666,0.8333333333333334,0.16666666666666666,NA,0,NA,0,Whipping Cream,Charm
Geo 2,72 Hours,1.8,0,0,5,1,0,1,NA,0.16666666666666666,0.8333333333333334,0.16666666666666666,NA,0,NA,0,Whipping Cream,Charm
Geo 2,72 Hours,1.9000000000000001,0,0,5,1,0,1,NA,0.16666666666666666,0.8333333333333334,0.16666666666666666,NA,0,NA,0,Whipping Cream,Charm
Geo 2,72 Hours,2,0,0,5,1,0,1,NA,0.16666666666666666,0.8333333333333334,0.16666666666666666,NA,0,NA,0,Whipping Cream,Charm
Geo 2,72 Hours,2.1,0,0,5,1,0,1,NA,0.16666666666666666,0.8333333333333334,0.16666666666666666,NA,0,NA,0,Whipping Cream,Charm
Geo 2,72 Hours,2.2,0,0,5,1,0,1,NA,0.16666666666666666,0.8333333333333334,0.16666666666666666,NA,0,NA,0,Whipping Cream,Charm
Geo 2,72 Hours,2.3,0,0,5,1,0,1,NA,0.16666666666666666,0.8333333333333334,0.16666666666666666,NA,0,NA,0,Whipping Cream,Charm
Geo 2,72 Hours,2.4,0,0,5,1,0,1,NA,0.16666666666666666,0.8333333333333334,0.16666666666666666,NA,0,NA,0,Whipping Cream,Charm
Geo 2,72 Hours,2.5,0,0,5,1,0,1,NA,0.16666666666666666,0.8333333333333334,0.16666666666666666,NA,0,NA,0,Whipping Cream,Charm
Geo 2,72 Hours,2.6,0,0,5,1,0,1,NA,0.16666666666666666,0.8333333333333334,0.16666666666666666,NA,0,NA,0,Whipping Cream,Charm
Geo 2,72 Hours,2.7,0,0,5,1,0,1,NA,0.16666666666666666,0.8333333333333334,0.16666666666666666,NA,0,NA,0,Whipping Cream,Charm
Geo 2,72 Hours,2.8,0,0,5,1,0,1,NA,0.16666666666666666,0.8333333333333334,0.16666666666666666,NA,0,NA,0,Whipping Cream,Charm
Geo 2,72 Hours,2.9,0,0,5,1,0,1,NA,0.16666666666666666,0.8333333333333334,0.16666666666666666,NA,0,NA,0,Whipping Cream,Charm
Geo 2,72 Hours,3,0,0,5,1,0,1,NA,0.16666666666666666,0.8333333333333334,0.16666666666666666,NA,0,NA,0,Whipping Cream,Charm
Geo 2,72 Hours,3.1,0,0,5,1,0,1,NA,0.16666666666666666,0.8333333333333334,0.16666666666666666,NA,0,NA,0,Whipping Cream,Charm
Geo 2,72 Hours,3.2,0,0,5,1,0,1,NA,0.16666666666666666,0.8333333333333334,0.16666666666666666,NA,0,NA,0,Whipping Cream,Charm
Geo 2,72 Hours,3.3,0,0,5,1,0,1,NA,0.16666666666666666,0.8333333333333334,0.16666666666666666,NA,0,NA,0,Whipping Cream,Charm
Geo 2,72 Hours,3.4,0,0,5,1,0,1,NA,0.16666666666666666,0.8333333333333334,0.16666666666666666,NA,0,NA,0,Whipping Cream,Charm
Geo 2,72 Hours,3.5,0,0,5,1,0,1,NA,0.16666666666666666,0.8333333333333334,0.16666666666666666,NA,0,NA,0,Whipping Cream,Charm
Geo 2,72 Hours,3.6,0,0,5,1,0,1,NA,0.16666666666666666,0.8333333333333334,0.16666666666666666,NA,0,NA,0,Whipping Cream,Charm
Geo 2,72 Hours,3.7,0,0,5,1,0,1,NA,0.16666666666666666,0.8333333333333334,0.16666666666666666,NA,0,NA,0,Whipping Cream,Charm
Geo 2,72 Hours,3.8,0,0,5,1,0,1,NA,0.16666666666666666,0.8333333333333334,0.16666666666666666,NA,0,NA,0,Whipping Cream,Charm
Geo 2,72 Hours,3.9,0,0,5,1,0,1,NA,0.16666666666666666,0.8333333333333334,0.16666666666666666,NA,0,NA,0,Whipping Cream,Charm
Geo 2,72 Hours,4,0,0,5,1,0,1,NA,0.16666666666666666,0.8333333333333334,0.16666666666666666,NA,0,NA,0,Whipping Cream,Charm
Geo 2,72 Hours,4.1000000000000005,0,0,5,1,0,1,NA,0.16666666666666666,0.8333333333333334,0.16666666666666666,NA,0,NA,0,Whipping Cream,Charm
Geo 2,72 Hours,4.2,0,0,5,1,0,1,NA,0.16666666666666666,0.8333333333333334,0.16666666666666666,NA,0,NA,0,Whipping Cream,Charm
Geo 2,72 Hours,4.3,0,0,5,1,0,1,NA,0.16666666666666666,0.8333333333333334,0.16666666666666666,NA,0,NA,0,Whipping Cream,Charm
Geo 2,72 Hours,4.4,0,0,5,1,0,1,NA,0.16666666666666666,0.8333333333333334,0.16666666666666666,NA,0,NA,0,Whipping Cream,Charm
Geo 2,72 Hours,4.5,0,0,5,1,0,1,NA,0.16666666666666666,0.8333333333333334,0.16666666666666666,NA,0,NA,0,Whipping Cream,Charm
Geo 2,72 Hours,4.6,0,0,5,1,0,1,NA,0.16666666666666666,0.8333333333333334,0.16666666666666666,NA,0,NA,0,Whipping Cream,Charm
Geo 3,12 Hours,0.3,4,2,0,0,1,0,0.6666666666666666,NA,0.6666666666666666,0.6666666666666666,0.8,0.6666666666666666,NA,0,Whipping Cream,Charm
Geo 3,12 Hours,0.4,4,2,0,0,1,0,0.6666666666666666,NA,0.6666666666666666,0.6666666666666666,0.8,0.6666666666666666,NA,0,Whipping Cream,Charm
Geo 3,12 Hours,0.5,4,1,0,1,1,0.5,0.8,1,0.6666666666666666,0.8333333333333334,0.888888888888889,0.8,0.6324555320336759,0.5,Whipping Cream,Charm
Geo 3,12 Hours,0.6000000000000001,4,1,0,1,1,0.5,0.8,1,0.6666666666666666,0.8333333333333334,0.888888888888889,0.8,0.6324555320336759,0.5,Whipping Cream,Charm
Geo 3,12 Hours,0.7,4,0,0,2,1,1,1,1,0.6666666666666666,1,1,1,1,1,Whipping Cream,Charm
Geo 3,12 Hours,0.8,4,0,0,2,1,1,1,1,0.6666666666666666,1,1,1,1,1,Whipping Cream,Charm
Geo 3,12 Hours,0.9000000000000001,4,0,0,2,1,1,1,1,0.6666666666666666,1,1,1,1,1,Whipping Cream,Charm
Geo 3,12 Hours,1,4,0,0,2,1,1,1,1,0.6666666666666666,1,1,1,1,1,Whipping Cream,Charm
Geo 3,12 Hours,1.1,4,0,0,2,1,1,1,1,0.6666666666666666,1,1,1,1,1,Whipping Cream,Charm
Geo 3,12 Hours,1.2,4,0,0,2,1,1,1,1,0.6666666666666666,1,1,1,1,1,Whipping Cream,Charm
Geo 3,12 Hours,1.3,4,0,0,2,1,1,1,1,0.6666666666666666,1,1,1,1,1,Whipping Cream,Charm
Geo 3,12 Hours,1.4000000000000001,4,0,0,2,1,1,1,1,0.6666666666666666,1,1,1,1,1,Whipping Cream,Charm
Geo 3,12 Hours,1.5000000000000002,4,0,0,2,1,1,1,1,0.6666666666666666,1,1,1,1,1,Whipping Cream,Charm
Geo 3,12 Hours,1.6,4,0,0,2,1,1,1,1,0.6666666666666666,1,1,1,1,1,Whipping Cream,Charm
Geo 3,12 Hours,1.7000000000000002,4,0,0,2,1,1,1,1,0.6666666666666666,1,1,1,1,1,Whipping Cream,Charm
Geo 3,12 Hours,1.8,3,0,1,2,0.75,1,1,0.6666666666666666,0.6666666666666666,0.8333333333333334,0.8571428571428571,0.75,0.7071067811865476,0.75,Whipping Cream,Charm
Geo 3,12 Hours,1.9000000000000001,3,0,1,2,0.75,1,1,0.6666666666666666,0.6666666666666666,0.8333333333333334,0.8571428571428571,0.75,0.7071067811865476,0.75,Whipping Cream,Charm
Geo 3,12 Hours,2,3,0,1,2,0.75,1,1,0.6666666666666666,0.6666666666666666,0.8333333333333334,0.8571428571428571,0.75,0.7071067811865476,0.75,Whipping Cream,Charm
Geo 3,12 Hours,2.1,2,0,2,2,0.5,1,1,0.5,0.6666666666666666,0.6666666666666666,0.6666666666666666,0.5,0.5,0.5,Whipping Cream,Charm
Geo 3,12 Hours,2.2,0,0,4,2,0,1,NA,0.3333333333333333,0.6666666666666666,0.3333333333333333,NA,0,NA,0,Whipping Cream,Charm
Geo 3,12 Hours,2.3,0,0,4,2,0,1,NA,0.3333333333333333,0.6666666666666666,0.3333333333333333,NA,0,NA,0,Whipping Cream,Charm
Geo 3,12 Hours,2.4,0,0,4,2,0,1,NA,0.3333333333333333,0.6666666666666666,0.3333333333333333,NA,0,NA,0,Whipping Cream,Charm
Geo 3,12 Hours,2.5,0,0,4,2,0,1,NA,0.3333333333333333,0.6666666666666666,0.3333333333333333,NA,0,NA,0,Whipping Cream,Charm
Geo 3,12 Hours,2.6,0,0,4,2,0,1,NA,0.3333333333333333,0.6666666666666666,0.3333333333333333,NA,0,NA,0,Whipping Cream,Charm
Geo 3,12 Hours,2.7,0,0,4,2,0,1,NA,0.3333333333333333,0.6666666666666666,0.3333333333333333,NA,0,NA,0,Whipping Cream,Charm
Geo 3,12 Hours,2.8,0,0,4,2,0,1,NA,0.3333333333333333,0.6666666666666666,0.3333333333333333,NA,0,NA,0,Whipping Cream,Charm
Geo 3,12 Hours,2.9,0,0,4,2,0,1,NA,0.3333333333333333,0.6666666666666666,0.3333333333333333,NA,0,NA,0,Whipping Cream,Charm
Geo 3,12 Hours,3,0,0,4,2,0,1,NA,0.3333333333333333,0.6666666666666666,0.3333333333333333,NA,0,NA,0,Whipping Cream,Charm
Geo 3,12 Hours,3.1,0,0,4,2,0,1,NA,0.3333333333333333,0.6666666666666666,0.3333333333333333,NA,0,NA,0,Whipping Cream,Charm
Geo 3,12 Hours,3.2,0,0,4,2,0,1,NA,0.3333333333333333,0.6666666666666666,0.3333333333333333,NA,0,NA,0,Whipping Cream,Charm
Geo 3,12 Hours,3.3,0,0,4,2,0,1,NA,0.3333333333333333,0.6666666666666666,0.3333333333333333,NA,0,NA,0,Whipping Cream,Charm
Geo 3,12 Hours,3.4,0,0,4,2,0,1,NA,0.3333333333333333,0.6666666666666666,0.3333333333333333,NA,0,NA,0,Whipping Cream,Charm
Geo 3,12 Hours,3.5,0,0,4,2,0,1,NA,0.3333333333333333,0.6666666666666666,0.3333333333333333,NA,0,NA,0,Whipping Cream,Charm
Geo 3,12 Hours,3.6,0,0,4,2,0,1,NA,0.3333333333333333,0.6666666666666666,0.3333333333333333,NA,0,NA,0,Whipping Cream,Charm
Geo 3,12 Hours,3.7,0,0,4,2,0,1,NA,0.3333333333333333,0.6666666666666666,0.3333333333333333,NA,0,NA,0,Whipping Cream,Charm
Geo 3,12 Hours,3.8,0,0,4,2,0,1,NA,0.3333333333333333,0.6666666666666666,0.3333333333333333,NA,0,NA,0,Whipping Cream,Charm
Geo 3,12 Hours,3.9,0,0,4,2,0,1,NA,0.3333333333333333,0.6666666666666666,0.3333333333333333,NA,0,NA,0,Whipping Cream,Charm
Geo 3,12 Hours,4,0,0,4,2,0,1,NA,0.3333333333333333,0.6666666666666666,0.3333333333333333,NA,0,NA,0,Whipping Cream,Charm
Geo 3,12 Hours,4.1000000000000005,0,0,4,2,0,1,NA,0.3333333333333333,0.6666666666666666,0.3333333333333333,NA,0,NA,0,Whipping Cream,Charm
Geo 3,12 Hours,4.2,0,0,4,2,0,1,NA,0.3333333333333333,0.6666666666666666,0.3333333333333333,NA,0,NA,0,Whipping Cream,Charm
Geo 3,12 Hours,4.3,0,0,4,2,0,1,NA,0.3333333333333333,0.6666666666666666,0.3333333333333333,NA,0,NA,0,Whipping Cream,Charm
Geo 3,12 Hours,4.4,0,0,4,2,0,1,NA,0.3333333333333333,0.6666666666666666,0.3333333333333333,NA,0,NA,0,Whipping Cream,Charm
Geo 3,12 Hours,4.5,0,0,4,2,0,1,NA,0.3333333333333333,0.6666666666666666,0.3333333333333333,NA,0,NA,0,Whipping Cream,Charm
Geo 3,12 Hours,4.6,0,0,4,2,0,1,NA,0.3333333333333333,0.6666666666666666,0.3333333333333333,NA,0,NA,0,Whipping Cream,Charm
Geo 3,24 Hours,0.3,5,1,0,0,1,0,0.8333333333333334,NA,0.8333333333333334,0.8333333333333334,0.9090909090909091,0.8333333333333334,NA,0,Whipping Cream,Charm
Geo 3,24 Hours,0.4,5,1,0,0,1,0,0.8333333333333334,NA,0.8333333333333334,0.8333333333333334,0.9090909090909091,0.8333333333333334,NA,0,Whipping Cream,Charm
Geo 3,24 Hours,0.5,5,1,0,0,1,0,0.8333333333333334,NA,0.8333333333333334,0.8333333333333334,0.9090909090909091,0.8333333333333334,NA,0,Whipping Cream,Charm
Geo 3,24 Hours,0.6000000000000001,5,1,0,0,1,0,0.8333333333333334,NA,0.8333333333333334,0.8333333333333334,0.9090909090909091,0.8333333333333334,NA,0,Whipping Cream,Charm
Geo 3,24 Hours,0.7,5,0,0,1,1,1,1,1,0.8333333333333334,1,1,1,1,1,Whipping Cream,Charm
Geo 3,24 Hours,0.8,5,0,0,1,1,1,1,1,0.8333333333333334,1,1,1,1,1,Whipping Cream,Charm
Geo 3,24 Hours,0.9000000000000001,5,0,0,1,1,1,1,1,0.8333333333333334,1,1,1,1,1,Whipping Cream,Charm
Geo 3,24 Hours,1,4,0,1,1,0.8,1,1,0.5,0.8333333333333334,0.8333333333333334,0.888888888888889,0.8,0.6324555320336759,0.8,Whipping Cream,Charm
Geo 3,24 Hours,1.1,3,0,2,1,0.6,1,1,0.3333333333333333,0.8333333333333334,0.6666666666666666,0.7499999999999999,0.6,0.44721359549995793,0.6000000000000001,Whipping Cream,Charm
Geo 3,24 Hours,1.2,2,0,3,1,0.4,1,1,0.25,0.8333333333333334,0.5,0.5714285714285715,0.4,0.31622776601683794,0.3999999999999999,Whipping Cream,Charm
Geo 3,24 Hours,1.3,0,0,5,1,0,1,NA,0.16666666666666666,0.8333333333333334,0.16666666666666666,NA,0,NA,0,Whipping Cream,Charm
Geo 3,24 Hours,1.4000000000000001,0,0,5,1,0,1,NA,0.16666666666666666,0.8333333333333334,0.16666666666666666,NA,0,NA,0,Whipping Cream,Charm
Geo 3,24 Hours,1.5000000000000002,0,0,5,1,0,1,NA,0.16666666666666666,0.8333333333333334,0.16666666666666666,NA,0,NA,0,Whipping Cream,Charm
Geo 3,24 Hours,1.6,0,0,5,1,0,1,NA,0.16666666666666666,0.8333333333333334,0.16666666666666666,NA,0,NA,0,Whipping Cream,Charm
Geo 3,24 Hours,1.7000000000000002,0,0,5,1,0,1,NA,0.16666666666666666,0.8333333333333334,0.16666666666666666,NA,0,NA,0,Whipping Cream,Charm
Geo 3,24 Hours,1.8,0,0,5,1,0,1,NA,0.16666666666666666,0.8333333333333334,0.16666666666666666,NA,0,NA,0,Whipping Cream,Charm
Geo 3,24 Hours,1.9000000000000001,0,0,5,1,0,1,NA,0.16666666666666666,0.8333333333333334,0.16666666666666666,NA,0,NA,0,Whipping Cream,Charm
Geo 3,24 Hours,2,0,0,5,1,0,1,NA,0.16666666666666666,0.8333333333333334,0.16666666666666666,NA,0,NA,0,Whipping Cream,Charm
Geo 3,24 Hours,2.1,0,0,5,1,0,1,NA,0.16666666666666666,0.8333333333333334,0.16666666666666666,NA,0,NA,0,Whipping Cream,Charm
Geo 3,24 Hours,2.2,0,0,5,1,0,1,NA,0.16666666666666666,0.8333333333333334,0.16666666666666666,NA,0,NA,0,Whipping Cream,Charm
Geo 3,24 Hours,2.3,0,0,5,1,0,1,NA,0.16666666666666666,0.8333333333333334,0.16666666666666666,NA,0,NA,0,Whipping Cream,Charm
Geo 3,24 Hours,2.4,0,0,5,1,0,1,NA,0.16666666666666666,0.8333333333333334,0.16666666666666666,NA,0,NA,0,Whipping Cream,Charm
Geo 3,24 Hours,2.5,0,0,5,1,0,1,NA,0.16666666666666666,0.8333333333333334,0.16666666666666666,NA,0,NA,0,Whipping Cream,Charm
Geo 3,24 Hours,2.6,0,0,5,1,0,1,NA,0.16666666666666666,0.8333333333333334,0.16666666666666666,NA,0,NA,0,Whipping Cream,Charm
Geo 3,24 Hours,2.7,0,0,5,1,0,1,NA,0.16666666666666666,0.8333333333333334,0.16666666666666666,NA,0,NA,0,Whipping Cream,Charm
Geo 3,24 Hours,2.8,0,0,5,1,0,1,NA,0.16666666666666666,0.8333333333333334,0.16666666666666666,NA,0,NA,0,Whipping Cream,Charm
Geo 3,24 Hours,2.9,0,0,5,1,0,1,NA,0.16666666666666666,0.8333333333333334,0.16666666666666666,NA,0,NA,0,Whipping Cream,Charm
Geo 3,24 Hours,3,0,0,5,1,0,1,NA,0.16666666666666666,0.8333333333333334,0.16666666666666666,NA,0,NA,0,Whipping Cream,Charm
Geo 3,24 Hours,3.1,0,0,5,1,0,1,NA,0.16666666666666666,0.8333333333333334,0.16666666666666666,NA,0,NA,0,Whipping Cream,Charm
Geo 3,24 Hours,3.2,0,0,5,1,0,1,NA,0.16666666666666666,0.8333333333333334,0.16666666666666666,NA,0,NA,0,Whipping Cream,Charm
Geo 3,24 Hours,3.3,0,0,5,1,0,1,NA,0.16666666666666666,0.8333333333333334,0.16666666666666666,NA,0,NA,0,Whipping Cream,Charm
Geo 3,24 Hours,3.4,0,0,5,1,0,1,NA,0.16666666666666666,0.8333333333333334,0.16666666666666666,NA,0,NA,0,Whipping Cream,Charm
Geo 3,24 Hours,3.5,0,0,5,1,0,1,NA,0.16666666666666666,0.8333333333333334,0.16666666666666666,NA,0,NA,0,Whipping Cream,Charm
Geo 3,24 Hours,3.6,0,0,5,1,0,1,NA,0.16666666666666666,0.8333333333333334,0.16666666666666666,NA,0,NA,0,Whipping Cream,Charm
Geo 3,24 Hours,3.7,0,0,5,1,0,1,NA,0.16666666666666666,0.8333333333333334,0.16666666666666666,NA,0,NA,0,Whipping Cream,Charm
Geo 3,24 Hours,3.8,0,0,5,1,0,1,NA,0.16666666666666666,0.8333333333333334,0.16666666666666666,NA,0,NA,0,Whipping Cream,Charm
Geo 3,24 Hours,3.9,0,0,5,1,0,1,NA,0.16666666666666666,0.8333333333333334,0.16666666666666666,NA,0,NA,0,Whipping Cream,Charm
Geo 3,24 Hours,4,0,0,5,1,0,1,NA,0.16666666666666666,0.8333333333333334,0.16666666666666666,NA,0,NA,0,Whipping Cream,Charm
Geo 3,24 Hours,4.1000000000000005,0,0,5,1,0,1,NA,0.16666666666666666,0.8333333333333334,0.16666666666666666,NA,0,NA,0,Whipping Cream,Charm
Geo 3,24 Hours,4.2,0,0,5,1,0,1,NA,0.16666666666666666,0.8333333333333334,0.16666666666666666,NA,0,NA,0,Whipping Cream,Charm
Geo 3,24 Hours,4.3,0,0,5,1,0,1,NA,0.16666666666666666,0.8333333333333334,0.16666666666666666,NA,0,NA,0,Whipping Cream,Charm
Geo 3,24 Hours,4.4,0,0,5,1,0,1,NA,0.16666666666666666,0.8333333333333334,0.16666666666666666,NA,0,NA,0,Whipping Cream,Charm
Geo 3,24 Hours,4.5,0,0,5,1,0,1,NA,0.16666666666666666,0.8333333333333334,0.16666666666666666,NA,0,NA,0,Whipping Cream,Charm
Geo 3,24 Hours,4.6,0,0,5,1,0,1,NA,0.16666666666666666,0.8333333333333334,0.16666666666666666,NA,0,NA,0,Whipping Cream,Charm
Geo 3,48 Hours,0.3,5,1,0,0,1,0,0.8333333333333334,NA,0.8333333333333334,0.8333333333333334,0.9090909090909091,0.8333333333333334,NA,0,Whipping Cream,Charm
Geo 3,48 Hours,0.4,5,0,0,1,1,1,1,1,0.8333333333333334,1,1,1,1,1,Whipping Cream,Charm
Geo 3,48 Hours,0.5,5,0,0,1,1,1,1,1,0.8333333333333334,1,1,1,1,1,Whipping Cream,Charm
Geo 3,48 Hours,0.6000000000000001,5,0,0,1,1,1,1,1,0.8333333333333334,1,1,1,1,1,Whipping Cream,Charm
Geo 3,48 Hours,0.7,5,0,0,1,1,1,1,1,0.8333333333333334,1,1,1,1,1,Whipping Cream,Charm
Geo 3,48 Hours,0.8,5,0,0,1,1,1,1,1,0.8333333333333334,1,1,1,1,1,Whipping Cream,Charm
Geo 3,48 Hours,0.9000000000000001,5,0,0,1,1,1,1,1,0.8333333333333334,1,1,1,1,1,Whipping Cream,Charm
Geo 3,48 Hours,1,4,0,1,1,0.8,1,1,0.5,0.8333333333333334,0.8333333333333334,0.888888888888889,0.8,0.6324555320336759,0.8,Whipping Cream,Charm
Geo 3,48 Hours,1.1,4,0,1,1,0.8,1,1,0.5,0.8333333333333334,0.8333333333333334,0.888888888888889,0.8,0.6324555320336759,0.8,Whipping Cream,Charm
Geo 3,48 Hours,1.2,3,0,2,1,0.6,1,1,0.3333333333333333,0.8333333333333334,0.6666666666666666,0.7499999999999999,0.6,0.44721359549995793,0.6000000000000001,Whipping Cream,Charm
Geo 3,48 Hours,1.3,2,0,3,1,0.4,1,1,0.25,0.8333333333333334,0.5,0.5714285714285715,0.4,0.31622776601683794,0.3999999999999999,Whipping Cream,Charm
Geo 3,48 Hours,1.4000000000000001,2,0,3,1,0.4,1,1,0.25,0.8333333333333334,0.5,0.5714285714285715,0.4,0.31622776601683794,0.3999999999999999,Whipping Cream,Charm
Geo 3,48 Hours,1.5000000000000002,1,0,4,1,0.2,1,1,0.2,0.8333333333333334,0.3333333333333333,0.33333333333333337,0.2,0.2,0.19999999999999996,Whipping Cream,Charm
Geo 3,48 Hours,1.6,1,0,4,1,0.2,1,1,0.2,0.8333333333333334,0.3333333333333333,0.33333333333333337,0.2,0.2,0.19999999999999996,Whipping Cream,Charm
Geo 3,48 Hours,1.7000000000000002,1,0,4,1,0.2,1,1,0.2,0.8333333333333334,0.3333333333333333,0.33333333333333337,0.2,0.2,0.19999999999999996,Whipping Cream,Charm
Geo 3,48 Hours,1.8,1,0,4,1,0.2,1,1,0.2,0.8333333333333334,0.3333333333333333,0.33333333333333337,0.2,0.2,0.19999999999999996,Whipping Cream,Charm
Geo 3,48 Hours,1.9000000000000001,1,0,4,1,0.2,1,1,0.2,0.8333333333333334,0.3333333333333333,0.33333333333333337,0.2,0.2,0.19999999999999996,Whipping Cream,Charm
Geo 3,48 Hours,2,0,0,5,1,0,1,NA,0.16666666666666666,0.8333333333333334,0.16666666666666666,NA,0,NA,0,Whipping Cream,Charm
Geo 3,48 Hours,2.1,0,0,5,1,0,1,NA,0.16666666666666666,0.8333333333333334,0.16666666666666666,NA,0,NA,0,Whipping Cream,Charm
Geo 3,48 Hours,2.2,0,0,5,1,0,1,NA,0.16666666666666666,0.8333333333333334,0.16666666666666666,NA,0,NA,0,Whipping Cream,Charm
Geo 3,48 Hours,2.3,0,0,5,1,0,1,NA,0.16666666666666666,0.8333333333333334,0.16666666666666666,NA,0,NA,0,Whipping Cream,Charm
Geo 3,48 Hours,2.4,0,0,5,1,0,1,NA,0.16666666666666666,0.8333333333333334,0.16666666666666666,NA,0,NA,0,Whipping Cream,Charm
Geo 3,48 Hours,2.5,0,0,5,1,0,1,NA,0.16666666666666666,0.8333333333333334,0.16666666666666666,NA,0,NA,0,Whipping Cream,Charm
Geo 3,48 Hours,2.6,0,0,5,1,0,1,NA,0.16666666666666666,0.8333333333333334,0.16666666666666666,NA,0,NA,0,Whipping Cream,Charm
Geo 3,48 Hours,2.7,0,0,5,1,0,1,NA,0.16666666666666666,0.8333333333333334,0.16666666666666666,NA,0,NA,0,Whipping Cream,Charm
Geo 3,48 Hours,2.8,0,0,5,1,0,1,NA,0.16666666666666666,0.8333333333333334,0.16666666666666666,NA,0,NA,0,Whipping Cream,Charm
Geo 3,48 Hours,2.9,0,0,5,1,0,1,NA,0.16666666666666666,0.8333333333333334,0.16666666666666666,NA,0,NA,0,Whipping Cream,Charm
Geo 3,48 Hours,3,0,0,5,1,0,1,NA,0.16666666666666666,0.8333333333333334,0.16666666666666666,NA,0,NA,0,Whipping Cream,Charm
Geo 3,48 Hours,3.1,0,0,5,1,0,1,NA,0.16666666666666666,0.8333333333333334,0.16666666666666666,NA,0,NA,0,Whipping Cream,Charm
Geo 3,48 Hours,3.2,0,0,5,1,0,1,NA,0.16666666666666666,0.8333333333333334,0.16666666666666666,NA,0,NA,0,Whipping Cream,Charm
Geo 3,48 Hours,3.3,0,0,5,1,0,1,NA,0.16666666666666666,0.8333333333333334,0.16666666666666666,NA,0,NA,0,Whipping Cream,Charm
Geo 3,48 Hours,3.4,0,0,5,1,0,1,NA,0.16666666666666666,0.8333333333333334,0.16666666666666666,NA,0,NA,0,Whipping Cream,Charm
Geo 3,48 Hours,3.5,0,0,5,1,0,1,NA,0.16666666666666666,0.8333333333333334,0.16666666666666666,NA,0,NA,0,Whipping Cream,Charm
Geo 3,48 Hours,3.6,0,0,5,1,0,1,NA,0.16666666666666666,0.8333333333333334,0.16666666666666666,NA,0,NA,0,Whipping Cream,Charm
Geo 3,48 Hours,3.7,0,0,5,1,0,1,NA,0.16666666666666666,0.8333333333333334,0.16666666666666666,NA,0,NA,0,Whipping Cream,Charm
Geo 3,48 Hours,3.8,0,0,5,1,0,1,NA,0.16666666666666666,0.8333333333333334,0.16666666666666666,NA,0,NA,0,Whipping Cream,Charm
Geo 3,48 Hours,3.9,0,0,5,1,0,1,NA,0.16666666666666666,0.8333333333333334,0.16666666666666666,NA,0,NA,0,Whipping Cream,Charm
Geo 3,48 Hours,4,0,0,5,1,0,1,NA,0.16666666666666666,0.8333333333333334,0.16666666666666666,NA,0,NA,0,Whipping Cream,Charm
Geo 3,48 Hours,4.1000000000000005,0,0,5,1,0,1,NA,0.16666666666666666,0.8333333333333334,0.16666666666666666,NA,0,NA,0,Whipping Cream,Charm
Geo 3,48 Hours,4.2,0,0,5,1,0,1,NA,0.16666666666666666,0.8333333333333334,0.16666666666666666,NA,0,NA,0,Whipping Cream,Charm
Geo 3,48 Hours,4.3,0,0,5,1,0,1,NA,0.16666666666666666,0.8333333333333334,0.16666666666666666,NA,0,NA,0,Whipping Cream,Charm
Geo 3,48 Hours,4.4,0,0,5,1,0,1,NA,0.16666666666666666,0.8333333333333334,0.16666666666666666,NA,0,NA,0,Whipping Cream,Charm
Geo 3,48 Hours,4.5,0,0,5,1,0,1,NA,0.16666666666666666,0.8333333333333334,0.16666666666666666,NA,0,NA,0,Whipping Cream,Charm
Geo 3,48 Hours,4.6,0,0,5,1,0,1,NA,0.16666666666666666,0.8333333333333334,0.16666666666666666,NA,0,NA,0,Whipping Cream,Charm
Geo 3,72 Hours,0.3,5,1,0,0,1,0,0.8333333333333334,NA,0.8333333333333334,0.8333333333333334,0.9090909090909091,0.8333333333333334,NA,0,Whipping Cream,Charm
Geo 3,72 Hours,0.4,5,1,0,0,1,0,0.8333333333333334,NA,0.8333333333333334,0.8333333333333334,0.9090909090909091,0.8333333333333334,NA,0,Whipping Cream,Charm
Geo 3,72 Hours,0.5,4,0,1,1,0.8,1,1,0.5,0.8333333333333334,0.8333333333333334,0.888888888888889,0.8,0.6324555320336759,0.8,Whipping Cream,Charm
Geo 3,72 Hours,0.6000000000000001,4,0,1,1,0.8,1,1,0.5,0.8333333333333334,0.8333333333333334,0.888888888888889,0.8,0.6324555320336759,0.8,Whipping Cream,Charm
Geo 3,72 Hours,0.7,1,0,4,1,0.2,1,1,0.2,0.8333333333333334,0.3333333333333333,0.33333333333333337,0.2,0.2,0.19999999999999996,Whipping Cream,Charm
Geo 3,72 Hours,0.8,0,0,5,1,0,1,NA,0.16666666666666666,0.8333333333333334,0.16666666666666666,NA,0,NA,0,Whipping Cream,Charm
Geo 3,72 Hours,0.9000000000000001,0,0,5,1,0,1,NA,0.16666666666666666,0.8333333333333334,0.16666666666666666,NA,0,NA,0,Whipping Cream,Charm
Geo 3,72 Hours,1,0,0,5,1,0,1,NA,0.16666666666666666,0.8333333333333334,0.16666666666666666,NA,0,NA,0,Whipping Cream,Charm
Geo 3,72 Hours,1.1,0,0,5,1,0,1,NA,0.16666666666666666,0.8333333333333334,0.16666666666666666,NA,0,NA,0,Whipping Cream,Charm
Geo 3,72 Hours,1.2,0,0,5,1,0,1,NA,0.16666666666666666,0.8333333333333334,0.16666666666666666,NA,0,NA,0,Whipping Cream,Charm
Geo 3,72 Hours,1.3,0,0,5,1,0,1,NA,0.16666666666666666,0.8333333333333334,0.16666666666666666,NA,0,NA,0,Whipping Cream,Charm
Geo 3,72 Hours,1.4000000000000001,0,0,5,1,0,1,NA,0.16666666666666666,0.8333333333333334,0.16666666666666666,NA,0,NA,0,Whipping Cream,Charm
Geo 3,72 Hours,1.5000000000000002,0,0,5,1,0,1,NA,0.16666666666666666,0.8333333333333334,0.16666666666666666,NA,0,NA,0,Whipping Cream,Charm
Geo 3,72 Hours,1.6,0,0,5,1,0,1,NA,0.16666666666666666,0.8333333333333334,0.16666666666666666,NA,0,NA,0,Whipping Cream,Charm
Geo 3,72 Hours,1.7000000000000002,0,0,5,1,0,1,NA,0.16666666666666666,0.8333333333333334,0.16666666666666666,NA,0,NA,0,Whipping Cream,Charm
Geo 3,72 Hours,1.8,0,0,5,1,0,1,NA,0.16666666666666666,0.8333333333333334,0.16666666666666666,NA,0,NA,0,Whipping Cream,Charm
Geo 3,72 Hours,1.9000000000000001,0,0,5,1,0,1,NA,0.16666666666666666,0.8333333333333334,0.16666666666666666,NA,0,NA,0,Whipping Cream,Charm
Geo 3,72 Hours,2,0,0,5,1,0,1,NA,0.16666666666666666,0.8333333333333334,0.16666666666666666,NA,0,NA,0,Whipping Cream,Charm
Geo 3,72 Hours,2.1,0,0,5,1,0,1,NA,0.16666666666666666,0.8333333333333334,0.16666666666666666,NA,0,NA,0,Whipping Cream,Charm
Geo 3,72 Hours,2.2,0,0,5,1,0,1,NA,0.16666666666666666,0.8333333333333334,0.16666666666666666,NA,0,NA,0,Whipping Cream,Charm
Geo 3,72 Hours,2.3,0,0,5,1,0,1,NA,0.16666666666666666,0.8333333333333334,0.16666666666666666,NA,0,NA,0,Whipping Cream,Charm
Geo 3,72 Hours,2.4,0,0,5,1,0,1,NA,0.16666666666666666,0.8333333333333334,0.16666666666666666,NA,0,NA,0,Whipping Cream,Charm
Geo 3,72 Hours,2.5,0,0,5,1,0,1,NA,0.16666666666666666,0.8333333333333334,0.16666666666666666,NA,0,NA,0,Whipping Cream,Charm
Geo 3,72 Hours,2.6,0,0,5,1,0,1,NA,0.16666666666666666,0.8333333333333334,0.16666666666666666,NA,0,NA,0,Whipping Cream,Charm
Geo 3,72 Hours,2.7,0,0,5,1,0,1,NA,0.16666666666666666,0.8333333333333334,0.16666666666666666,NA,0,NA,0,Whipping Cream,Charm
Geo 3,72 Hours,2.8,0,0,5,1,0,1,NA,0.16666666666666666,0.8333333333333334,0.16666666666666666,NA,0,NA,0,Whipping Cream,Charm
Geo 3,72 Hours,2.9,0,0,5,1,0,1,NA,0.16666666666666666,0.8333333333333334,0.16666666666666666,NA,0,NA,0,Whipping Cream,Charm
Geo 3,72 Hours,3,0,0,5,1,0,1,NA,0.16666666666666666,0.8333333333333334,0.16666666666666666,NA,0,NA,0,Whipping Cream,Charm
Geo 3,72 Hours,3.1,0,0,5,1,0,1,NA,0.16666666666666666,0.8333333333333334,0.16666666666666666,NA,0,NA,0,Whipping Cream,Charm
Geo 3,72 Hours,3.2,0,0,5,1,0,1,NA,0.16666666666666666,0.8333333333333334,0.16666666666666666,NA,0,NA,0,Whipping Cream,Charm
Geo 3,72 Hours,3.3,0,0,5,1,0,1,NA,0.16666666666666666,0.8333333333333334,0.16666666666666666,NA,0,NA,0,Whipping Cream,Charm
Geo 3,72 Hours,3.4,0,0,5,1,0,1,NA,0.16666666666666666,0.8333333333333334,0.16666666666666666,NA,0,NA,0,Whipping Cream,Charm
Geo 3,72 Hours,3.5,0,0,5,1,0,1,NA,0.16666666666666666,0.8333333333333334,0.16666666666666666,NA,0,NA,0,Whipping Cream,Charm
Geo 3,72 Hours,3.6,0,0,5,1,0,1,NA,0.16666666666666666,0.8333333333333334,0.16666666666666666,NA,0,NA,0,Whipping Cream,Charm
Geo 3,72 Hours,3.7,0,0,5,1,0,1,NA,0.16666666666666666,0.8333333333333334,0.16666666666666666,NA,0,NA,0,Whipping Cream,Charm
Geo 3,72 Hours,3.8,0,0,5,1,0,1,NA,0.16666666666666666,0.8333333333333334,0.16666666666666666,NA,0,NA,0,Whipping Cream,Charm
Geo 3,72 Hours,3.9,0,0,5,1,0,1,NA,0.16666666666666666,0.8333333333333334,0.16666666666666666,NA,0,NA,0,Whipping Cream,Charm
Geo 3,72 Hours,4,0,0,5,1,0,1,NA,0.16666666666666666,0.8333333333333334,0.16666666666666666,NA,0,NA,0,Whipping Cream,Charm
Geo 3,72 Hours,4.1000000000000005,0,0,5,1,0,1,NA,0.16666666666666666,0.8333333333333334,0.16666666666666666,NA,0,NA,0,Whipping Cream,Charm
Geo 3,72 Hours,4.2,0,0,5,1,0,1,NA,0.16666666666666666,0.8333333333333334,0.16666666666666666,NA,0,NA,0,Whipping Cream,Charm
Geo 3,72 Hours,4.3,0,0,5,1,0,1,NA,0.16666666666666666,0.8333333333333334,0.16666666666666666,NA,0,NA,0,Whipping Cream,Charm
Geo 3,72 Hours,4.4,0,0,5,1,0,1,NA,0.16666666666666666,0.8333333333333334,0.16666666666666666,NA,0,NA,0,Whipping Cream,Charm
Geo 3,72 Hours,4.5,0,0,5,1,0,1,NA,0.16666666666666666,0.8333333333333334,0.16666666666666666,NA,0,NA,0,Whipping Cream,Charm
Geo 3,72 Hours,4.6,0,0,5,1,0,1,NA,0.16666666666666666,0.8333333333333334,0.16666666666666666,NA,0,NA,0,Whipping Cream,Charm
Geo 4,12 Hours,0.3,1,5,0,0,1,0,0.16666666666666666,NA,0.16666666666666666,0.16666666666666666,0.2857142857142857,0.16666666666666666,NA,0,Whipping Cream,Charm
Geo 4,12 Hours,0.4,1,5,0,0,1,0,0.16666666666666666,NA,0.16666666666666666,0.16666666666666666,0.2857142857142857,0.16666666666666666,NA,0,Whipping Cream,Charm
Geo 4,12 Hours,0.5,1,4,0,1,1,0.2,0.2,1,0.16666666666666666,0.3333333333333333,0.33333333333333337,0.2,0.2,0.19999999999999996,Whipping Cream,Charm
Geo 4,12 Hours,0.6000000000000001,1,4,0,1,1,0.2,0.2,1,0.16666666666666666,0.3333333333333333,0.33333333333333337,0.2,0.2,0.19999999999999996,Whipping Cream,Charm
Geo 4,12 Hours,0.7,0,0,1,5,0,1,NA,0.8333333333333334,0.16666666666666666,0.8333333333333334,NA,0,NA,0,Whipping Cream,Charm
Geo 4,12 Hours,0.8,0,0,1,5,0,1,NA,0.8333333333333334,0.16666666666666666,0.8333333333333334,NA,0,NA,0,Whipping Cream,Charm
Geo 4,12 Hours,0.9000000000000001,0,0,1,5,0,1,NA,0.8333333333333334,0.16666666666666666,0.8333333333333334,NA,0,NA,0,Whipping Cream,Charm
Geo 4,12 Hours,1,0,0,1,5,0,1,NA,0.8333333333333334,0.16666666666666666,0.8333333333333334,NA,0,NA,0,Whipping Cream,Charm
Geo 4,12 Hours,1.1,0,0,1,5,0,1,NA,0.8333333333333334,0.16666666666666666,0.8333333333333334,NA,0,NA,0,Whipping Cream,Charm
Geo 4,12 Hours,1.2,0,0,1,5,0,1,NA,0.8333333333333334,0.16666666666666666,0.8333333333333334,NA,0,NA,0,Whipping Cream,Charm
Geo 4,12 Hours,1.3,0,0,1,5,0,1,NA,0.8333333333333334,0.16666666666666666,0.8333333333333334,NA,0,NA,0,Whipping Cream,Charm
Geo 4,12 Hours,1.4000000000000001,0,0,1,5,0,1,NA,0.8333333333333334,0.16666666666666666,0.8333333333333334,NA,0,NA,0,Whipping Cream,Charm
Geo 4,12 Hours,1.5000000000000002,0,0,1,5,0,1,NA,0.8333333333333334,0.16666666666666666,0.8333333333333334,NA,0,NA,0,Whipping Cream,Charm
Geo 4,12 Hours,1.6,0,0,1,5,0,1,NA,0.8333333333333334,0.16666666666666666,0.8333333333333334,NA,0,NA,0,Whipping Cream,Charm
Geo 4,12 Hours,1.7000000000000002,0,0,1,5,0,1,NA,0.8333333333333334,0.16666666666666666,0.8333333333333334,NA,0,NA,0,Whipping Cream,Charm
Geo 4,12 Hours,1.8,0,0,1,5,0,1,NA,0.8333333333333334,0.16666666666666666,0.8333333333333334,NA,0,NA,0,Whipping Cream,Charm
Geo 4,12 Hours,1.9000000000000001,0,0,1,5,0,1,NA,0.8333333333333334,0.16666666666666666,0.8333333333333334,NA,0,NA,0,Whipping Cream,Charm
Geo 4,12 Hours,2,0,0,1,5,0,1,NA,0.8333333333333334,0.16666666666666666,0.8333333333333334,NA,0,NA,0,Whipping Cream,Charm
Geo 4,12 Hours,2.1,0,0,1,5,0,1,NA,0.8333333333333334,0.16666666666666666,0.8333333333333334,NA,0,NA,0,Whipping Cream,Charm
Geo 4,12 Hours,2.2,0,0,1,5,0,1,NA,0.8333333333333334,0.16666666666666666,0.8333333333333334,NA,0,NA,0,Whipping Cream,Charm
Geo 4,12 Hours,2.3,0,0,1,5,0,1,NA,0.8333333333333334,0.16666666666666666,0.8333333333333334,NA,0,NA,0,Whipping Cream,Charm
Geo 4,12 Hours,2.4,0,0,1,5,0,1,NA,0.8333333333333334,0.16666666666666666,0.8333333333333334,NA,0,NA,0,Whipping Cream,Charm
Geo 4,12 Hours,2.5,0,0,1,5,0,1,NA,0.8333333333333334,0.16666666666666666,0.8333333333333334,NA,0,NA,0,Whipping Cream,Charm
Geo 4,12 Hours,2.6,0,0,1,5,0,1,NA,0.8333333333333334,0.16666666666666666,0.8333333333333334,NA,0,NA,0,Whipping Cream,Charm
Geo 4,12 Hours,2.7,0,0,1,5,0,1,NA,0.8333333333333334,0.16666666666666666,0.8333333333333334,NA,0,NA,0,Whipping Cream,Charm
Geo 4,12 Hours,2.8,0,0,1,5,0,1,NA,0.8333333333333334,0.16666666666666666,0.8333333333333334,NA,0,NA,0,Whipping Cream,Charm
Geo 4,12 Hours,2.9,0,0,1,5,0,1,NA,0.8333333333333334,0.16666666666666666,0.8333333333333334,NA,0,NA,0,Whipping Cream,Charm
Geo 4,12 Hours,3,0,0,1,5,0,1,NA,0.8333333333333334,0.16666666666666666,0.8333333333333334,NA,0,NA,0,Whipping Cream,Charm
Geo 4,12 Hours,3.1,0,0,1,5,0,1,NA,0.8333333333333334,0.16666666666666666,0.8333333333333334,NA,0,NA,0,Whipping Cream,Charm
Geo 4,12 Hours,3.2,0,0,1,5,0,1,NA,0.8333333333333334,0.16666666666666666,0.8333333333333334,NA,0,NA,0,Whipping Cream,Charm
Geo 4,12 Hours,3.3,0,0,1,5,0,1,NA,0.8333333333333334,0.16666666666666666,0.8333333333333334,NA,0,NA,0,Whipping Cream,Charm
Geo 4,12 Hours,3.4,0,0,1,5,0,1,NA,0.8333333333333334,0.16666666666666666,0.8333333333333334,NA,0,NA,0,Whipping Cream,Charm
Geo 4,12 Hours,3.5,0,0,1,5,0,1,NA,0.8333333333333334,0.16666666666666666,0.8333333333333334,NA,0,NA,0,Whipping Cream,Charm
Geo 4,12 Hours,3.6,0,0,1,5,0,1,NA,0.8333333333333334,0.16666666666666666,0.8333333333333334,NA,0,NA,0,Whipping Cream,Charm
Geo 4,12 Hours,3.7,0,0,1,5,0,1,NA,0.8333333333333334,0.16666666666666666,0.8333333333333334,NA,0,NA,0,Whipping Cream,Charm
Geo 4,12 Hours,3.8,0,0,1,5,0,1,NA,0.8333333333333334,0.16666666666666666,0.8333333333333334,NA,0,NA,0,Whipping Cream,Charm
Geo 4,12 Hours,3.9,0,0,1,5,0,1,NA,0.8333333333333334,0.16666666666666666,0.8333333333333334,NA,0,NA,0,Whipping Cream,Charm
Geo 4,12 Hours,4,0,0,1,5,0,1,NA,0.8333333333333334,0.16666666666666666,0.8333333333333334,NA,0,NA,0,Whipping Cream,Charm
Geo 4,12 Hours,4.1000000000000005,0,0,1,5,0,1,NA,0.8333333333333334,0.16666666666666666,0.8333333333333334,NA,0,NA,0,Whipping Cream,Charm
Geo 4,12 Hours,4.2,0,0,1,5,0,1,NA,0.8333333333333334,0.16666666666666666,0.8333333333333334,NA,0,NA,0,Whipping Cream,Charm
Geo 4,12 Hours,4.3,0,0,1,5,0,1,NA,0.8333333333333334,0.16666666666666666,0.8333333333333334,NA,0,NA,0,Whipping Cream,Charm
Geo 4,12 Hours,4.4,0,0,1,5,0,1,NA,0.8333333333333334,0.16666666666666666,0.8333333333333334,NA,0,NA,0,Whipping Cream,Charm
Geo 4,12 Hours,4.5,0,0,1,5,0,1,NA,0.8333333333333334,0.16666666666666666,0.8333333333333334,NA,0,NA,0,Whipping Cream,Charm
Geo 4,12 Hours,4.6,0,0,1,5,0,1,NA,0.8333333333333334,0.16666666666666666,0.8333333333333334,NA,0,NA,0,Whipping Cream,Charm
Geo 4,24 Hours,0.3,1,5,0,0,1,0,0.16666666666666666,NA,0.16666666666666666,0.16666666666666666,0.2857142857142857,0.16666666666666666,NA,0,Whipping Cream,Charm
Geo 4,24 Hours,0.4,1,5,0,0,1,0,0.16666666666666666,NA,0.16666666666666666,0.16666666666666666,0.2857142857142857,0.16666666666666666,NA,0,Whipping Cream,Charm
Geo 4,24 Hours,0.5,1,5,0,0,1,0,0.16666666666666666,NA,0.16666666666666666,0.16666666666666666,0.2857142857142857,0.16666666666666666,NA,0,Whipping Cream,Charm
Geo 4,24 Hours,0.6000000000000001,1,5,0,0,1,0,0.16666666666666666,NA,0.16666666666666666,0.16666666666666666,0.2857142857142857,0.16666666666666666,NA,0,Whipping Cream,Charm
Geo 4,24 Hours,0.7,1,3,0,2,1,0.4,0.25,1,0.16666666666666666,0.5,0.4,0.25,0.31622776601683794,0.3999999999999999,Whipping Cream,Charm
Geo 4,24 Hours,0.8,1,2,0,3,1,0.6,0.3333333333333333,1,0.16666666666666666,0.6666666666666666,0.5,0.3333333333333333,0.44721359549995793,0.6000000000000001,Whipping Cream,Charm
Geo 4,24 Hours,0.9000000000000001,1,2,0,3,1,0.6,0.3333333333333333,1,0.16666666666666666,0.6666666666666666,0.5,0.3333333333333333,0.44721359549995793,0.6000000000000001,Whipping Cream,Charm
Geo 4,24 Hours,1,1,1,0,4,1,0.8,0.5,1,0.16666666666666666,0.8333333333333334,0.6666666666666666,0.5,0.6324555320336759,0.8,Whipping Cream,Charm
Geo 4,24 Hours,1.1,1,0,0,5,1,1,1,1,0.16666666666666666,1,1,1,1,1,Whipping Cream,Charm
Geo 4,24 Hours,1.2,1,0,0,5,1,1,1,1,0.16666666666666666,1,1,1,1,1,Whipping Cream,Charm
Geo 4,24 Hours,1.3,1,0,0,5,1,1,1,1,0.16666666666666666,1,1,1,1,1,Whipping Cream,Charm
Geo 4,24 Hours,1.4000000000000001,1,0,0,5,1,1,1,1,0.16666666666666666,1,1,1,1,1,Whipping Cream,Charm
Geo 4,24 Hours,1.5000000000000002,1,0,0,5,1,1,1,1,0.16666666666666666,1,1,1,1,1,Whipping Cream,Charm
Geo 4,24 Hours,1.6,1,0,0,5,1,1,1,1,0.16666666666666666,1,1,1,1,1,Whipping Cream,Charm
Geo 4,24 Hours,1.7000000000000002,1,0,0,5,1,1,1,1,0.16666666666666666,1,1,1,1,1,Whipping Cream,Charm
Geo 4,24 Hours,1.8,0,0,1,5,0,1,NA,0.8333333333333334,0.16666666666666666,0.8333333333333334,NA,0,NA,0,Whipping Cream,Charm
Geo 4,24 Hours,1.9000000000000001,0,0,1,5,0,1,NA,0.8333333333333334,0.16666666666666666,0.8333333333333334,NA,0,NA,0,Whipping Cream,Charm
Geo 4,24 Hours,2,0,0,1,5,0,1,NA,0.8333333333333334,0.16666666666666666,0.8333333333333334,NA,0,NA,0,Whipping Cream,Charm
Geo 4,24 Hours,2.1,0,0,1,5,0,1,NA,0.8333333333333334,0.16666666666666666,0.8333333333333334,NA,0,NA,0,Whipping Cream,Charm
Geo 4,24 Hours,2.2,0,0,1,5,0,1,NA,0.8333333333333334,0.16666666666666666,0.8333333333333334,NA,0,NA,0,Whipping Cream,Charm
Geo 4,24 Hours,2.3,0,0,1,5,0,1,NA,0.8333333333333334,0.16666666666666666,0.8333333333333334,NA,0,NA,0,Whipping Cream,Charm
Geo 4,24 Hours,2.4,0,0,1,5,0,1,NA,0.8333333333333334,0.16666666666666666,0.8333333333333334,NA,0,NA,0,Whipping Cream,Charm
Geo 4,24 Hours,2.5,0,0,1,5,0,1,NA,0.8333333333333334,0.16666666666666666,0.8333333333333334,NA,0,NA,0,Whipping Cream,Charm
Geo 4,24 Hours,2.6,0,0,1,5,0,1,NA,0.8333333333333334,0.16666666666666666,0.8333333333333334,NA,0,NA,0,Whipping Cream,Charm
Geo 4,24 Hours,2.7,0,0,1,5,0,1,NA,0.8333333333333334,0.16666666666666666,0.8333333333333334,NA,0,NA,0,Whipping Cream,Charm
Geo 4,24 Hours,2.8,0,0,1,5,0,1,NA,0.8333333333333334,0.16666666666666666,0.8333333333333334,NA,0,NA,0,Whipping Cream,Charm
Geo 4,24 Hours,2.9,0,0,1,5,0,1,NA,0.8333333333333334,0.16666666666666666,0.8333333333333334,NA,0,NA,0,Whipping Cream,Charm
Geo 4,24 Hours,3,0,0,1,5,0,1,NA,0.8333333333333334,0.16666666666666666,0.8333333333333334,NA,0,NA,0,Whipping Cream,Charm
Geo 4,24 Hours,3.1,0,0,1,5,0,1,NA,0.8333333333333334,0.16666666666666666,0.8333333333333334,NA,0,NA,0,Whipping Cream,Charm
Geo 4,24 Hours,3.2,0,0,1,5,0,1,NA,0.8333333333333334,0.16666666666666666,0.8333333333333334,NA,0,NA,0,Whipping Cream,Charm
Geo 4,24 Hours,3.3,0,0,1,5,0,1,NA,0.8333333333333334,0.16666666666666666,0.8333333333333334,NA,0,NA,0,Whipping Cream,Charm
Geo 4,24 Hours,3.4,0,0,1,5,0,1,NA,0.8333333333333334,0.16666666666666666,0.8333333333333334,NA,0,NA,0,Whipping Cream,Charm
Geo 4,24 Hours,3.5,0,0,1,5,0,1,NA,0.8333333333333334,0.16666666666666666,0.8333333333333334,NA,0,NA,0,Whipping Cream,Charm
Geo 4,24 Hours,3.6,0,0,1,5,0,1,NA,0.8333333333333334,0.16666666666666666,0.8333333333333334,NA,0,NA,0,Whipping Cream,Charm
Geo 4,24 Hours,3.7,0,0,1,5,0,1,NA,0.8333333333333334,0.16666666666666666,0.8333333333333334,NA,0,NA,0,Whipping Cream,Charm
Geo 4,24 Hours,3.8,0,0,1,5,0,1,NA,0.8333333333333334,0.16666666666666666,0.8333333333333334,NA,0,NA,0,Whipping Cream,Charm
Geo 4,24 Hours,3.9,0,0,1,5,0,1,NA,0.8333333333333334,0.16666666666666666,0.8333333333333334,NA,0,NA,0,Whipping Cream,Charm
Geo 4,24 Hours,4,0,0,1,5,0,1,NA,0.8333333333333334,0.16666666666666666,0.8333333333333334,NA,0,NA,0,Whipping Cream,Charm
Geo 4,24 Hours,4.1000000000000005,0,0,1,5,0,1,NA,0.8333333333333334,0.16666666666666666,0.8333333333333334,NA,0,NA,0,Whipping Cream,Charm
Geo 4,24 Hours,4.2,0,0,1,5,0,1,NA,0.8333333333333334,0.16666666666666666,0.8333333333333334,NA,0,NA,0,Whipping Cream,Charm
Geo 4,24 Hours,4.3,0,0,1,5,0,1,NA,0.8333333333333334,0.16666666666666666,0.8333333333333334,NA,0,NA,0,Whipping Cream,Charm
Geo 4,24 Hours,4.4,0,0,1,5,0,1,NA,0.8333333333333334,0.16666666666666666,0.8333333333333334,NA,0,NA,0,Whipping Cream,Charm
Geo 4,24 Hours,4.5,0,0,1,5,0,1,NA,0.8333333333333334,0.16666666666666666,0.8333333333333334,NA,0,NA,0,Whipping Cream,Charm
Geo 4,24 Hours,4.6,0,0,1,5,0,1,NA,0.8333333333333334,0.16666666666666666,0.8333333333333334,NA,0,NA,0,Whipping Cream,Charm
Geo 4,48 Hours,0.3,3,3,0,0,1,0,0.5,NA,0.5,0.5,0.6666666666666666,0.5,NA,0,Whipping Cream,Charm
Geo 4,48 Hours,0.4,3,3,0,0,1,0,0.5,NA,0.5,0.5,0.6666666666666666,0.5,NA,0,Whipping Cream,Charm
Geo 4,48 Hours,0.5,3,1,0,2,1,0.6666666666666666,0.75,1,0.5,0.8333333333333334,0.8571428571428571,0.75,0.7071067811865476,0.6666666666666665,Whipping Cream,Charm
Geo 4,48 Hours,0.6000000000000001,3,1,0,2,1,0.6666666666666666,0.75,1,0.5,0.8333333333333334,0.8571428571428571,0.75,0.7071067811865476,0.6666666666666665,Whipping Cream,Charm
Geo 4,48 Hours,0.7,3,0,0,3,1,1,1,1,0.5,1,1,1,1,1,Whipping Cream,Charm
Geo 4,48 Hours,0.8,3,0,0,3,1,1,1,1,0.5,1,1,1,1,1,Whipping Cream,Charm
Geo 4,48 Hours,0.9000000000000001,3,0,0,3,1,1,1,1,0.5,1,1,1,1,1,Whipping Cream,Charm
Geo 4,48 Hours,1,3,0,0,3,1,1,1,1,0.5,1,1,1,1,1,Whipping Cream,Charm
Geo 4,48 Hours,1.1,3,0,0,3,1,1,1,1,0.5,1,1,1,1,1,Whipping Cream,Charm
Geo 4,48 Hours,1.2,3,0,0,3,1,1,1,1,0.5,1,1,1,1,1,Whipping Cream,Charm
Geo 4,48 Hours,1.3,3,0,0,3,1,1,1,1,0.5,1,1,1,1,1,Whipping Cream,Charm
Geo 4,48 Hours,1.4000000000000001,3,0,0,3,1,1,1,1,0.5,1,1,1,1,1,Whipping Cream,Charm
Geo 4,48 Hours,1.5000000000000002,3,0,0,3,1,1,1,1,0.5,1,1,1,1,1,Whipping Cream,Charm
Geo 4,48 Hours,1.6,3,0,0,3,1,1,1,1,0.5,1,1,1,1,1,Whipping Cream,Charm
Geo 4,48 Hours,1.7000000000000002,3,0,0,3,1,1,1,1,0.5,1,1,1,1,1,Whipping Cream,Charm
Geo 4,48 Hours,1.8,3,0,0,3,1,1,1,1,0.5,1,1,1,1,1,Whipping Cream,Charm
Geo 4,48 Hours,1.9000000000000001,3,0,0,3,1,1,1,1,0.5,1,1,1,1,1,Whipping Cream,Charm
Geo 4,48 Hours,2,2,0,1,3,0.6666666666666666,1,1,0.75,0.5,0.8333333333333334,0.8,0.6666666666666666,0.7071067811865476,0.6666666666666665,Whipping Cream,Charm
Geo 4,48 Hours,2.1,2,0,1,3,0.6666666666666666,1,1,0.75,0.5,0.8333333333333334,0.8,0.6666666666666666,0.7071067811865476,0.6666666666666665,Whipping Cream,Charm
Geo 4,48 Hours,2.2,2,0,1,3,0.6666666666666666,1,1,0.75,0.5,0.8333333333333334,0.8,0.6666666666666666,0.7071067811865476,0.6666666666666665,Whipping Cream,Charm
Geo 4,48 Hours,2.3,2,0,1,3,0.6666666666666666,1,1,0.75,0.5,0.8333333333333334,0.8,0.6666666666666666,0.7071067811865476,0.6666666666666665,Whipping Cream,Charm
Geo 4,48 Hours,2.4,2,0,1,3,0.6666666666666666,1,1,0.75,0.5,0.8333333333333334,0.8,0.6666666666666666,0.7071067811865476,0.6666666666666665,Whipping Cream,Charm
Geo 4,48 Hours,2.5,1,0,2,3,0.3333333333333333,1,1,0.6,0.5,0.6666666666666666,0.5,0.3333333333333333,0.44721359549995793,0.33333333333333326,Whipping Cream,Charm
Geo 4,48 Hours,2.6,1,0,2,3,0.3333333333333333,1,1,0.6,0.5,0.6666666666666666,0.5,0.3333333333333333,0.44721359549995793,0.33333333333333326,Whipping Cream,Charm
Geo 4,48 Hours,2.7,1,0,2,3,0.3333333333333333,1,1,0.6,0.5,0.6666666666666666,0.5,0.3333333333333333,0.44721359549995793,0.33333333333333326,Whipping Cream,Charm
Geo 4,48 Hours,2.8,1,0,2,3,0.3333333333333333,1,1,0.6,0.5,0.6666666666666666,0.5,0.3333333333333333,0.44721359549995793,0.33333333333333326,Whipping Cream,Charm
Geo 4,48 Hours,2.9,1,0,2,3,0.3333333333333333,1,1,0.6,0.5,0.6666666666666666,0.5,0.3333333333333333,0.44721359549995793,0.33333333333333326,Whipping Cream,Charm
Geo 4,48 Hours,3,1,0,2,3,0.3333333333333333,1,1,0.6,0.5,0.6666666666666666,0.5,0.3333333333333333,0.44721359549995793,0.33333333333333326,Whipping Cream,Charm
Geo 4,48 Hours,3.1,1,0,2,3,0.3333333333333333,1,1,0.6,0.5,0.6666666666666666,0.5,0.3333333333333333,0.44721359549995793,0.33333333333333326,Whipping Cream,Charm
Geo 4,48 Hours,3.2,1,0,2,3,0.3333333333333333,1,1,0.6,0.5,0.6666666666666666,0.5,0.3333333333333333,0.44721359549995793,0.33333333333333326,Whipping Cream,Charm
Geo 4,48 Hours,3.3,1,0,2,3,0.3333333333333333,1,1,0.6,0.5,0.6666666666666666,0.5,0.3333333333333333,0.44721359549995793,0.33333333333333326,Whipping Cream,Charm
Geo 4,48 Hours,3.4,1,0,2,3,0.3333333333333333,1,1,0.6,0.5,0.6666666666666666,0.5,0.3333333333333333,0.44721359549995793,0.33333333333333326,Whipping Cream,Charm
Geo 4,48 Hours,3.5,1,0,2,3,0.3333333333333333,1,1,0.6,0.5,0.6666666666666666,0.5,0.3333333333333333,0.44721359549995793,0.33333333333333326,Whipping Cream,Charm
Geo 4,48 Hours,3.6,1,0,2,3,0.3333333333333333,1,1,0.6,0.5,0.6666666666666666,0.5,0.3333333333333333,0.44721359549995793,0.33333333333333326,Whipping Cream,Charm
Geo 4,48 Hours,3.7,0,0,3,3,0,1,NA,0.5,0.5,0.5,NA,0,NA,0,Whipping Cream,Charm
Geo 4,48 Hours,3.8,0,0,3,3,0,1,NA,0.5,0.5,0.5,NA,0,NA,0,Whipping Cream,Charm
Geo 4,48 Hours,3.9,0,0,3,3,0,1,NA,0.5,0.5,0.5,NA,0,NA,0,Whipping Cream,Charm
Geo 4,48 Hours,4,0,0,3,3,0,1,NA,0.5,0.5,0.5,NA,0,NA,0,Whipping Cream,Charm
Geo 4,48 Hours,4.1000000000000005,0,0,3,3,0,1,NA,0.5,0.5,0.5,NA,0,NA,0,Whipping Cream,Charm
Geo 4,48 Hours,4.2,0,0,3,3,0,1,NA,0.5,0.5,0.5,NA,0,NA,0,Whipping Cream,Charm
Geo 4,48 Hours,4.3,0,0,3,3,0,1,NA,0.5,0.5,0.5,NA,0,NA,0,Whipping Cream,Charm
Geo 4,48 Hours,4.4,0,0,3,3,0,1,NA,0.5,0.5,0.5,NA,0,NA,0,Whipping Cream,Charm
Geo 4,48 Hours,4.5,0,0,3,3,0,1,NA,0.5,0.5,0.5,NA,0,NA,0,Whipping Cream,Charm
Geo 4,48 Hours,4.6,0,0,3,3,0,1,NA,0.5,0.5,0.5,NA,0,NA,0,Whipping Cream,Charm
Geo 4,72 Hours,0.3,3,3,0,0,1,0,0.5,NA,0.5,0.5,0.6666666666666666,0.5,NA,0,Whipping Cream,Charm
Geo 4,72 Hours,0.4,3,2,0,1,1,0.3333333333333333,0.6,1,0.5,0.6666666666666666,0.7499999999999999,0.6,0.44721359549995793,0.33333333333333326,Whipping Cream,Charm
Geo 4,72 Hours,0.5,3,1,0,2,1,0.6666666666666666,0.75,1,0.5,0.8333333333333334,0.8571428571428571,0.75,0.7071067811865476,0.6666666666666665,Whipping Cream,Charm
Geo 4,72 Hours,0.6000000000000001,3,1,0,2,1,0.6666666666666666,0.75,1,0.5,0.8333333333333334,0.8571428571428571,0.75,0.7071067811865476,0.6666666666666665,Whipping Cream,Charm
Geo 4,72 Hours,0.7,1,0,2,3,0.3333333333333333,1,1,0.6,0.5,0.6666666666666666,0.5,0.3333333333333333,0.44721359549995793,0.33333333333333326,Whipping Cream,Charm
Geo 4,72 Hours,0.8,1,0,2,3,0.3333333333333333,1,1,0.6,0.5,0.6666666666666666,0.5,0.3333333333333333,0.44721359549995793,0.33333333333333326,Whipping Cream,Charm
Geo 4,72 Hours,0.9000000000000001,1,0,2,3,0.3333333333333333,1,1,0.6,0.5,0.6666666666666666,0.5,0.3333333333333333,0.44721359549995793,0.33333333333333326,Whipping Cream,Charm
Geo 4,72 Hours,1,1,0,2,3,0.3333333333333333,1,1,0.6,0.5,0.6666666666666666,0.5,0.3333333333333333,0.44721359549995793,0.33333333333333326,Whipping Cream,Charm
Geo 4,72 Hours,1.1,1,0,2,3,0.3333333333333333,1,1,0.6,0.5,0.6666666666666666,0.5,0.3333333333333333,0.44721359549995793,0.33333333333333326,Whipping Cream,Charm
Geo 4,72 Hours,1.2,1,0,2,3,0.3333333333333333,1,1,0.6,0.5,0.6666666666666666,0.5,0.3333333333333333,0.44721359549995793,0.33333333333333326,Whipping Cream,Charm
Geo 4,72 Hours,1.3,1,0,2,3,0.3333333333333333,1,1,0.6,0.5,0.6666666666666666,0.5,0.3333333333333333,0.44721359549995793,0.33333333333333326,Whipping Cream,Charm
Geo 4,72 Hours,1.4000000000000001,1,0,2,3,0.3333333333333333,1,1,0.6,0.5,0.6666666666666666,0.5,0.3333333333333333,0.44721359549995793,0.33333333333333326,Whipping Cream,Charm
Geo 4,72 Hours,1.5000000000000002,1,0,2,3,0.3333333333333333,1,1,0.6,0.5,0.6666666666666666,0.5,0.3333333333333333,0.44721359549995793,0.33333333333333326,Whipping Cream,Charm
Geo 4,72 Hours,1.6,1,0,2,3,0.3333333333333333,1,1,0.6,0.5,0.6666666666666666,0.5,0.3333333333333333,0.44721359549995793,0.33333333333333326,Whipping Cream,Charm
Geo 4,72 Hours,1.7000000000000002,0,0,3,3,0,1,NA,0.5,0.5,0.5,NA,0,NA,0,Whipping Cream,Charm
Geo 4,72 Hours,1.8,0,0,3,3,0,1,NA,0.5,0.5,0.5,NA,0,NA,0,Whipping Cream,Charm
Geo 4,72 Hours,1.9000000000000001,0,0,3,3,0,1,NA,0.5,0.5,0.5,NA,0,NA,0,Whipping Cream,Charm
Geo 4,72 Hours,2,0,0,3,3,0,1,NA,0.5,0.5,0.5,NA,0,NA,0,Whipping Cream,Charm
Geo 4,72 Hours,2.1,0,0,3,3,0,1,NA,0.5,0.5,0.5,NA,0,NA,0,Whipping Cream,Charm
Geo 4,72 Hours,2.2,0,0,3,3,0,1,NA,0.5,0.5,0.5,NA,0,NA,0,Whipping Cream,Charm
Geo 4,72 Hours,2.3,0,0,3,3,0,1,NA,0.5,0.5,0.5,NA,0,NA,0,Whipping Cream,Charm
Geo 4,72 Hours,2.4,0,0,3,3,0,1,NA,0.5,0.5,0.5,NA,0,NA,0,Whipping Cream,Charm
Geo 4,72 Hours,2.5,0,0,3,3,0,1,NA,0.5,0.5,0.5,NA,0,NA,0,Whipping Cream,Charm
Geo 4,72 Hours,2.6,0,0,3,3,0,1,NA,0.5,0.5,0.5,NA,0,NA,0,Whipping Cream,Charm
Geo 4,72 Hours,2.7,0,0,3,3,0,1,NA,0.5,0.5,0.5,NA,0,NA,0,Whipping Cream,Charm
Geo 4,72 Hours,2.8,0,0,3,3,0,1,NA,0.5,0.5,0.5,NA,0,NA,0,Whipping Cream,Charm
Geo 4,72 Hours,2.9,0,0,3,3,0,1,NA,0.5,0.5,0.5,NA,0,NA,0,Whipping Cream,Charm
Geo 4,72 Hours,3,0,0,3,3,0,1,NA,0.5,0.5,0.5,NA,0,NA,0,Whipping Cream,Charm
Geo 4,72 Hours,3.1,0,0,3,3,0,1,NA,0.5,0.5,0.5,NA,0,NA,0,Whipping Cream,Charm
Geo 4,72 Hours,3.2,0,0,3,3,0,1,NA,0.5,0.5,0.5,NA,0,NA,0,Whipping Cream,Charm
Geo 4,72 Hours,3.3,0,0,3,3,0,1,NA,0.5,0.5,0.5,NA,0,NA,0,Whipping Cream,Charm
Geo 4,72 Hours,3.4,0,0,3,3,0,1,NA,0.5,0.5,0.5,NA,0,NA,0,Whipping Cream,Charm
Geo 4,72 Hours,3.5,0,0,3,3,0,1,NA,0.5,0.5,0.5,NA,0,NA,0,Whipping Cream,Charm
Geo 4,72 Hours,3.6,0,0,3,3,0,1,NA,0.5,0.5,0.5,NA,0,NA,0,Whipping Cream,Charm
Geo 4,72 Hours,3.7,0,0,3,3,0,1,NA,0.5,0.5,0.5,NA,0,NA,0,Whipping Cream,Charm
Geo 4,72 Hours,3.8,0,0,3,3,0,1,NA,0.5,0.5,0.5,NA,0,NA,0,Whipping Cream,Charm
Geo 4,72 Hours,3.9,0,0,3,3,0,1,NA,0.5,0.5,0.5,NA,0,NA,0,Whipping Cream,Charm
Geo 4,72 Hours,4,0,0,3,3,0,1,NA,0.5,0.5,0.5,NA,0,NA,0,Whipping Cream,Charm
Geo 4,72 Hours,4.1000000000000005,0,0,3,3,0,1,NA,0.5,0.5,0.5,NA,0,NA,0,Whipping Cream,Charm
Geo 4,72 Hours,4.2,0,0,3,3,0,1,NA,0.5,0.5,0.5,NA,0,NA,0,Whipping Cream,Charm
Geo 4,72 Hours,4.3,0,0,3,3,0,1,NA,0.5,0.5,0.5,NA,0,NA,0,Whipping Cream,Charm
Geo 4,72 Hours,4.4,0,0,3,3,0,1,NA,0.5,0.5,0.5,NA,0,NA,0,Whipping Cream,Charm
Geo 4,72 Hours,4.5,0,0,3,3,0,1,NA,0.5,0.5,0.5,NA,0,NA,0,Whipping Cream,Charm
Geo 4,72 Hours,4.6,0,0,3,3,0,1,NA,0.5,0.5,0.5,NA,0,NA,0,Whipping Cream,Charm
AF 5,12 Hours,0.3,5,1,0,0,1,0,0.8333333333333334,NA,0.8333333333333334,0.8333333333333334,0.9090909090909091,0.8333333333333334,NA,0,Whipping Cream,Charm
AF 5,12 Hours,0.4,5,1,0,0,1,0,0.8333333333333334,NA,0.8333333333333334,0.8333333333333334,0.9090909090909091,0.8333333333333334,NA,0,Whipping Cream,Charm
AF 5,12 Hours,0.5,4,0,1,1,0.8,1,1,0.5,0.8333333333333334,0.8333333333333334,0.888888888888889,0.8,0.6324555320336759,0.8,Whipping Cream,Charm
AF 5,12 Hours,0.6000000000000001,4,0,1,1,0.8,1,1,0.5,0.8333333333333334,0.8333333333333334,0.888888888888889,0.8,0.6324555320336759,0.8,Whipping Cream,Charm
AF 5,12 Hours,0.7,1,0,4,1,0.2,1,1,0.2,0.8333333333333334,0.3333333333333333,0.33333333333333337,0.2,0.2,0.19999999999999996,Whipping Cream,Charm
AF 5,12 Hours,0.8,1,0,4,1,0.2,1,1,0.2,0.8333333333333334,0.3333333333333333,0.33333333333333337,0.2,0.2,0.19999999999999996,Whipping Cream,Charm
AF 5,12 Hours,0.9000000000000001,1,0,4,1,0.2,1,1,0.2,0.8333333333333334,0.3333333333333333,0.33333333333333337,0.2,0.2,0.19999999999999996,Whipping Cream,Charm
AF 5,12 Hours,1,0,0,5,1,0,1,NA,0.16666666666666666,0.8333333333333334,0.16666666666666666,NA,0,NA,0,Whipping Cream,Charm
AF 5,12 Hours,1.1,0,0,5,1,0,1,NA,0.16666666666666666,0.8333333333333334,0.16666666666666666,NA,0,NA,0,Whipping Cream,Charm
AF 5,12 Hours,1.2,0,0,5,1,0,1,NA,0.16666666666666666,0.8333333333333334,0.16666666666666666,NA,0,NA,0,Whipping Cream,Charm
AF 5,12 Hours,1.3,0,0,5,1,0,1,NA,0.16666666666666666,0.8333333333333334,0.16666666666666666,NA,0,NA,0,Whipping Cream,Charm
AF 5,12 Hours,1.4000000000000001,0,0,5,1,0,1,NA,0.16666666666666666,0.8333333333333334,0.16666666666666666,NA,0,NA,0,Whipping Cream,Charm
AF 5,12 Hours,1.5000000000000002,0,0,5,1,0,1,NA,0.16666666666666666,0.8333333333333334,0.16666666666666666,NA,0,NA,0,Whipping Cream,Charm
AF 5,12 Hours,1.6,0,0,5,1,0,1,NA,0.16666666666666666,0.8333333333333334,0.16666666666666666,NA,0,NA,0,Whipping Cream,Charm
AF 5,12 Hours,1.7000000000000002,0,0,5,1,0,1,NA,0.16666666666666666,0.8333333333333334,0.16666666666666666,NA,0,NA,0,Whipping Cream,Charm
AF 5,12 Hours,1.8,0,0,5,1,0,1,NA,0.16666666666666666,0.8333333333333334,0.16666666666666666,NA,0,NA,0,Whipping Cream,Charm
AF 5,12 Hours,1.9000000000000001,0,0,5,1,0,1,NA,0.16666666666666666,0.8333333333333334,0.16666666666666666,NA,0,NA,0,Whipping Cream,Charm
AF 5,12 Hours,2,0,0,5,1,0,1,NA,0.16666666666666666,0.8333333333333334,0.16666666666666666,NA,0,NA,0,Whipping Cream,Charm
AF 5,12 Hours,2.1,0,0,5,1,0,1,NA,0.16666666666666666,0.8333333333333334,0.16666666666666666,NA,0,NA,0,Whipping Cream,Charm
AF 5,12 Hours,2.2,0,0,5,1,0,1,NA,0.16666666666666666,0.8333333333333334,0.16666666666666666,NA,0,NA,0,Whipping Cream,Charm
AF 5,12 Hours,2.3,0,0,5,1,0,1,NA,0.16666666666666666,0.8333333333333334,0.16666666666666666,NA,0,NA,0,Whipping Cream,Charm
AF 5,12 Hours,2.4,0,0,5,1,0,1,NA,0.16666666666666666,0.8333333333333334,0.16666666666666666,NA,0,NA,0,Whipping Cream,Charm
AF 5,12 Hours,2.5,0,0,5,1,0,1,NA,0.16666666666666666,0.8333333333333334,0.16666666666666666,NA,0,NA,0,Whipping Cream,Charm
AF 5,12 Hours,2.6,0,0,5,1,0,1,NA,0.16666666666666666,0.8333333333333334,0.16666666666666666,NA,0,NA,0,Whipping Cream,Charm
AF 5,12 Hours,2.7,0,0,5,1,0,1,NA,0.16666666666666666,0.8333333333333334,0.16666666666666666,NA,0,NA,0,Whipping Cream,Charm
AF 5,12 Hours,2.8,0,0,5,1,0,1,NA,0.16666666666666666,0.8333333333333334,0.16666666666666666,NA,0,NA,0,Whipping Cream,Charm
AF 5,12 Hours,2.9,0,0,5,1,0,1,NA,0.16666666666666666,0.8333333333333334,0.16666666666666666,NA,0,NA,0,Whipping Cream,Charm
AF 5,12 Hours,3,0,0,5,1,0,1,NA,0.16666666666666666,0.8333333333333334,0.16666666666666666,NA,0,NA,0,Whipping Cream,Charm
AF 5,12 Hours,3.1,0,0,5,1,0,1,NA,0.16666666666666666,0.8333333333333334,0.16666666666666666,NA,0,NA,0,Whipping Cream,Charm
AF 5,12 Hours,3.2,0,0,5,1,0,1,NA,0.16666666666666666,0.8333333333333334,0.16666666666666666,NA,0,NA,0,Whipping Cream,Charm
AF 5,12 Hours,3.3,0,0,5,1,0,1,NA,0.16666666666666666,0.8333333333333334,0.16666666666666666,NA,0,NA,0,Whipping Cream,Charm
AF 5,12 Hours,3.4,0,0,5,1,0,1,NA,0.16666666666666666,0.8333333333333334,0.16666666666666666,NA,0,NA,0,Whipping Cream,Charm
AF 5,12 Hours,3.5,0,0,5,1,0,1,NA,0.16666666666666666,0.8333333333333334,0.16666666666666666,NA,0,NA,0,Whipping Cream,Charm
AF 5,12 Hours,3.6,0,0,5,1,0,1,NA,0.16666666666666666,0.8333333333333334,0.16666666666666666,NA,0,NA,0,Whipping Cream,Charm
AF 5,12 Hours,3.7,0,0,5,1,0,1,NA,0.16666666666666666,0.8333333333333334,0.16666666666666666,NA,0,NA,0,Whipping Cream,Charm
AF 5,12 Hours,3.8,0,0,5,1,0,1,NA,0.16666666666666666,0.8333333333333334,0.16666666666666666,NA,0,NA,0,Whipping Cream,Charm
AF 5,12 Hours,3.9,0,0,5,1,0,1,NA,0.16666666666666666,0.8333333333333334,0.16666666666666666,NA,0,NA,0,Whipping Cream,Charm
AF 5,12 Hours,4,0,0,5,1,0,1,NA,0.16666666666666666,0.8333333333333334,0.16666666666666666,NA,0,NA,0,Whipping Cream,Charm
AF 5,12 Hours,4.1000000000000005,0,0,5,1,0,1,NA,0.16666666666666666,0.8333333333333334,0.16666666666666666,NA,0,NA,0,Whipping Cream,Charm
AF 5,12 Hours,4.2,0,0,5,1,0,1,NA,0.16666666666666666,0.8333333333333334,0.16666666666666666,NA,0,NA,0,Whipping Cream,Charm
AF 5,12 Hours,4.3,0,0,5,1,0,1,NA,0.16666666666666666,0.8333333333333334,0.16666666666666666,NA,0,NA,0,Whipping Cream,Charm
AF 5,12 Hours,4.4,0,0,5,1,0,1,NA,0.16666666666666666,0.8333333333333334,0.16666666666666666,NA,0,NA,0,Whipping Cream,Charm
AF 5,12 Hours,4.5,0,0,5,1,0,1,NA,0.16666666666666666,0.8333333333333334,0.16666666666666666,NA,0,NA,0,Whipping Cream,Charm
AF 5,12 Hours,4.6,0,0,5,1,0,1,NA,0.16666666666666666,0.8333333333333334,0.16666666666666666,NA,0,NA,0,Whipping Cream,Charm
AF 5,24 Hours,0.3,5,1,0,0,1,0,0.8333333333333334,NA,0.8333333333333334,0.8333333333333334,0.9090909090909091,0.8333333333333334,NA,0,Whipping Cream,Charm
AF 5,24 Hours,0.4,5,1,0,0,1,0,0.8333333333333334,NA,0.8333333333333334,0.8333333333333334,0.9090909090909091,0.8333333333333334,NA,0,Whipping Cream,Charm
AF 5,24 Hours,0.5,5,1,0,0,1,0,0.8333333333333334,NA,0.8333333333333334,0.8333333333333334,0.9090909090909091,0.8333333333333334,NA,0,Whipping Cream,Charm
AF 5,24 Hours,0.6000000000000001,5,1,0,0,1,0,0.8333333333333334,NA,0.8333333333333334,0.8333333333333334,0.9090909090909091,0.8333333333333334,NA,0,Whipping Cream,Charm
AF 5,24 Hours,0.7,5,0,0,1,1,1,1,1,0.8333333333333334,1,1,1,1,1,Whipping Cream,Charm
AF 5,24 Hours,0.8,5,0,0,1,1,1,1,1,0.8333333333333334,1,1,1,1,1,Whipping Cream,Charm
AF 5,24 Hours,0.9000000000000001,5,0,0,1,1,1,1,1,0.8333333333333334,1,1,1,1,1,Whipping Cream,Charm
AF 5,24 Hours,1,4,0,1,1,0.8,1,1,0.5,0.8333333333333334,0.8333333333333334,0.888888888888889,0.8,0.6324555320336759,0.8,Whipping Cream,Charm
AF 5,24 Hours,1.1,3,0,2,1,0.6,1,1,0.3333333333333333,0.8333333333333334,0.6666666666666666,0.7499999999999999,0.6,0.44721359549995793,0.6000000000000001,Whipping Cream,Charm
AF 5,24 Hours,1.2,2,0,3,1,0.4,1,1,0.25,0.8333333333333334,0.5,0.5714285714285715,0.4,0.31622776601683794,0.3999999999999999,Whipping Cream,Charm
AF 5,24 Hours,1.3,1,0,4,1,0.2,1,1,0.2,0.8333333333333334,0.3333333333333333,0.33333333333333337,0.2,0.2,0.19999999999999996,Whipping Cream,Charm
AF 5,24 Hours,1.4000000000000001,1,0,4,1,0.2,1,1,0.2,0.8333333333333334,0.3333333333333333,0.33333333333333337,0.2,0.2,0.19999999999999996,Whipping Cream,Charm
AF 5,24 Hours,1.5000000000000002,1,0,4,1,0.2,1,1,0.2,0.8333333333333334,0.3333333333333333,0.33333333333333337,0.2,0.2,0.19999999999999996,Whipping Cream,Charm
AF 5,24 Hours,1.6,1,0,4,1,0.2,1,1,0.2,0.8333333333333334,0.3333333333333333,0.33333333333333337,0.2,0.2,0.19999999999999996,Whipping Cream,Charm
AF 5,24 Hours,1.7000000000000002,0,0,5,1,0,1,NA,0.16666666666666666,0.8333333333333334,0.16666666666666666,NA,0,NA,0,Whipping Cream,Charm
AF 5,24 Hours,1.8,0,0,5,1,0,1,NA,0.16666666666666666,0.8333333333333334,0.16666666666666666,NA,0,NA,0,Whipping Cream,Charm
AF 5,24 Hours,1.9000000000000001,0,0,5,1,0,1,NA,0.16666666666666666,0.8333333333333334,0.16666666666666666,NA,0,NA,0,Whipping Cream,Charm
AF 5,24 Hours,2,0,0,5,1,0,1,NA,0.16666666666666666,0.8333333333333334,0.16666666666666666,NA,0,NA,0,Whipping Cream,Charm
AF 5,24 Hours,2.1,0,0,5,1,0,1,NA,0.16666666666666666,0.8333333333333334,0.16666666666666666,NA,0,NA,0,Whipping Cream,Charm
AF 5,24 Hours,2.2,0,0,5,1,0,1,NA,0.16666666666666666,0.8333333333333334,0.16666666666666666,NA,0,NA,0,Whipping Cream,Charm
AF 5,24 Hours,2.3,0,0,5,1,0,1,NA,0.16666666666666666,0.8333333333333334,0.16666666666666666,NA,0,NA,0,Whipping Cream,Charm
AF 5,24 Hours,2.4,0,0,5,1,0,1,NA,0.16666666666666666,0.8333333333333334,0.16666666666666666,NA,0,NA,0,Whipping Cream,Charm
AF 5,24 Hours,2.5,0,0,5,1,0,1,NA,0.16666666666666666,0.8333333333333334,0.16666666666666666,NA,0,NA,0,Whipping Cream,Charm
AF 5,24 Hours,2.6,0,0,5,1,0,1,NA,0.16666666666666666,0.8333333333333334,0.16666666666666666,NA,0,NA,0,Whipping Cream,Charm
AF 5,24 Hours,2.7,0,0,5,1,0,1,NA,0.16666666666666666,0.8333333333333334,0.16666666666666666,NA,0,NA,0,Whipping Cream,Charm
AF 5,24 Hours,2.8,0,0,5,1,0,1,NA,0.16666666666666666,0.8333333333333334,0.16666666666666666,NA,0,NA,0,Whipping Cream,Charm
AF 5,24 Hours,2.9,0,0,5,1,0,1,NA,0.16666666666666666,0.8333333333333334,0.16666666666666666,NA,0,NA,0,Whipping Cream,Charm
AF 5,24 Hours,3,0,0,5,1,0,1,NA,0.16666666666666666,0.8333333333333334,0.16666666666666666,NA,0,NA,0,Whipping Cream,Charm
AF 5,24 Hours,3.1,0,0,5,1,0,1,NA,0.16666666666666666,0.8333333333333334,0.16666666666666666,NA,0,NA,0,Whipping Cream,Charm
AF 5,24 Hours,3.2,0,0,5,1,0,1,NA,0.16666666666666666,0.8333333333333334,0.16666666666666666,NA,0,NA,0,Whipping Cream,Charm
AF 5,24 Hours,3.3,0,0,5,1,0,1,NA,0.16666666666666666,0.8333333333333334,0.16666666666666666,NA,0,NA,0,Whipping Cream,Charm
AF 5,24 Hours,3.4,0,0,5,1,0,1,NA,0.16666666666666666,0.8333333333333334,0.16666666666666666,NA,0,NA,0,Whipping Cream,Charm
AF 5,24 Hours,3.5,0,0,5,1,0,1,NA,0.16666666666666666,0.8333333333333334,0.16666666666666666,NA,0,NA,0,Whipping Cream,Charm
AF 5,24 Hours,3.6,0,0,5,1,0,1,NA,0.16666666666666666,0.8333333333333334,0.16666666666666666,NA,0,NA,0,Whipping Cream,Charm
AF 5,24 Hours,3.7,0,0,5,1,0,1,NA,0.16666666666666666,0.8333333333333334,0.16666666666666666,NA,0,NA,0,Whipping Cream,Charm
AF 5,24 Hours,3.8,0,0,5,1,0,1,NA,0.16666666666666666,0.8333333333333334,0.16666666666666666,NA,0,NA,0,Whipping Cream,Charm
AF 5,24 Hours,3.9,0,0,5,1,0,1,NA,0.16666666666666666,0.8333333333333334,0.16666666666666666,NA,0,NA,0,Whipping Cream,Charm
AF 5,24 Hours,4,0,0,5,1,0,1,NA,0.16666666666666666,0.8333333333333334,0.16666666666666666,NA,0,NA,0,Whipping Cream,Charm
AF 5,24 Hours,4.1000000000000005,0,0,5,1,0,1,NA,0.16666666666666666,0.8333333333333334,0.16666666666666666,NA,0,NA,0,Whipping Cream,Charm
AF 5,24 Hours,4.2,0,0,5,1,0,1,NA,0.16666666666666666,0.8333333333333334,0.16666666666666666,NA,0,NA,0,Whipping Cream,Charm
AF 5,24 Hours,4.3,0,0,5,1,0,1,NA,0.16666666666666666,0.8333333333333334,0.16666666666666666,NA,0,NA,0,Whipping Cream,Charm
AF 5,24 Hours,4.4,0,0,5,1,0,1,NA,0.16666666666666666,0.8333333333333334,0.16666666666666666,NA,0,NA,0,Whipping Cream,Charm
AF 5,24 Hours,4.5,0,0,5,1,0,1,NA,0.16666666666666666,0.8333333333333334,0.16666666666666666,NA,0,NA,0,Whipping Cream,Charm
AF 5,24 Hours,4.6,0,0,5,1,0,1,NA,0.16666666666666666,0.8333333333333334,0.16666666666666666,NA,0,NA,0,Whipping Cream,Charm
AF 5,48 Hours,0.3,5,1,0,0,1,0,0.8333333333333334,NA,0.8333333333333334,0.8333333333333334,0.9090909090909091,0.8333333333333334,NA,0,Whipping Cream,Charm
AF 5,48 Hours,0.4,5,1,0,0,1,0,0.8333333333333334,NA,0.8333333333333334,0.8333333333333334,0.9090909090909091,0.8333333333333334,NA,0,Whipping Cream,Charm
AF 5,48 Hours,0.5,5,1,0,0,1,0,0.8333333333333334,NA,0.8333333333333334,0.8333333333333334,0.9090909090909091,0.8333333333333334,NA,0,Whipping Cream,Charm
AF 5,48 Hours,0.6000000000000001,5,1,0,0,1,0,0.8333333333333334,NA,0.8333333333333334,0.8333333333333334,0.9090909090909091,0.8333333333333334,NA,0,Whipping Cream,Charm
AF 5,48 Hours,0.7,5,0,0,1,1,1,1,1,0.8333333333333334,1,1,1,1,1,Whipping Cream,Charm
AF 5,48 Hours,0.8,3,0,2,1,0.6,1,1,0.3333333333333333,0.8333333333333334,0.6666666666666666,0.7499999999999999,0.6,0.44721359549995793,0.6000000000000001,Whipping Cream,Charm
AF 5,48 Hours,0.9000000000000001,2,0,3,1,0.4,1,1,0.25,0.8333333333333334,0.5,0.5714285714285715,0.4,0.31622776601683794,0.3999999999999999,Whipping Cream,Charm
AF 5,48 Hours,1,2,0,3,1,0.4,1,1,0.25,0.8333333333333334,0.5,0.5714285714285715,0.4,0.31622776601683794,0.3999999999999999,Whipping Cream,Charm
AF 5,48 Hours,1.1,1,0,4,1,0.2,1,1,0.2,0.8333333333333334,0.3333333333333333,0.33333333333333337,0.2,0.2,0.19999999999999996,Whipping Cream,Charm
AF 5,48 Hours,1.2,0,0,5,1,0,1,NA,0.16666666666666666,0.8333333333333334,0.16666666666666666,NA,0,NA,0,Whipping Cream,Charm
AF 5,48 Hours,1.3,0,0,5,1,0,1,NA,0.16666666666666666,0.8333333333333334,0.16666666666666666,NA,0,NA,0,Whipping Cream,Charm
AF 5,48 Hours,1.4000000000000001,0,0,5,1,0,1,NA,0.16666666666666666,0.8333333333333334,0.16666666666666666,NA,0,NA,0,Whipping Cream,Charm
AF 5,48 Hours,1.5000000000000002,0,0,5,1,0,1,NA,0.16666666666666666,0.8333333333333334,0.16666666666666666,NA,0,NA,0,Whipping Cream,Charm
AF 5,48 Hours,1.6,0,0,5,1,0,1,NA,0.16666666666666666,0.8333333333333334,0.16666666666666666,NA,0,NA,0,Whipping Cream,Charm
AF 5,48 Hours,1.7000000000000002,0,0,5,1,0,1,NA,0.16666666666666666,0.8333333333333334,0.16666666666666666,NA,0,NA,0,Whipping Cream,Charm
AF 5,48 Hours,1.8,0,0,5,1,0,1,NA,0.16666666666666666,0.8333333333333334,0.16666666666666666,NA,0,NA,0,Whipping Cream,Charm
AF 5,48 Hours,1.9000000000000001,0,0,5,1,0,1,NA,0.16666666666666666,0.8333333333333334,0.16666666666666666,NA,0,NA,0,Whipping Cream,Charm
AF 5,48 Hours,2,0,0,5,1,0,1,NA,0.16666666666666666,0.8333333333333334,0.16666666666666666,NA,0,NA,0,Whipping Cream,Charm
AF 5,48 Hours,2.1,0,0,5,1,0,1,NA,0.16666666666666666,0.8333333333333334,0.16666666666666666,NA,0,NA,0,Whipping Cream,Charm
AF 5,48 Hours,2.2,0,0,5,1,0,1,NA,0.16666666666666666,0.8333333333333334,0.16666666666666666,NA,0,NA,0,Whipping Cream,Charm
AF 5,48 Hours,2.3,0,0,5,1,0,1,NA,0.16666666666666666,0.8333333333333334,0.16666666666666666,NA,0,NA,0,Whipping Cream,Charm
AF 5,48 Hours,2.4,0,0,5,1,0,1,NA,0.16666666666666666,0.8333333333333334,0.16666666666666666,NA,0,NA,0,Whipping Cream,Charm
AF 5,48 Hours,2.5,0,0,5,1,0,1,NA,0.16666666666666666,0.8333333333333334,0.16666666666666666,NA,0,NA,0,Whipping Cream,Charm
AF 5,48 Hours,2.6,0,0,5,1,0,1,NA,0.16666666666666666,0.8333333333333334,0.16666666666666666,NA,0,NA,0,Whipping Cream,Charm
AF 5,48 Hours,2.7,0,0,5,1,0,1,NA,0.16666666666666666,0.8333333333333334,0.16666666666666666,NA,0,NA,0,Whipping Cream,Charm
AF 5,48 Hours,2.8,0,0,5,1,0,1,NA,0.16666666666666666,0.8333333333333334,0.16666666666666666,NA,0,NA,0,Whipping Cream,Charm
AF 5,48 Hours,2.9,0,0,5,1,0,1,NA,0.16666666666666666,0.8333333333333334,0.16666666666666666,NA,0,NA,0,Whipping Cream,Charm
AF 5,48 Hours,3,0,0,5,1,0,1,NA,0.16666666666666666,0.8333333333333334,0.16666666666666666,NA,0,NA,0,Whipping Cream,Charm
AF 5,48 Hours,3.1,0,0,5,1,0,1,NA,0.16666666666666666,0.8333333333333334,0.16666666666666666,NA,0,NA,0,Whipping Cream,Charm
AF 5,48 Hours,3.2,0,0,5,1,0,1,NA,0.16666666666666666,0.8333333333333334,0.16666666666666666,NA,0,NA,0,Whipping Cream,Charm
AF 5,48 Hours,3.3,0,0,5,1,0,1,NA,0.16666666666666666,0.8333333333333334,0.16666666666666666,NA,0,NA,0,Whipping Cream,Charm
AF 5,48 Hours,3.4,0,0,5,1,0,1,NA,0.16666666666666666,0.8333333333333334,0.16666666666666666,NA,0,NA,0,Whipping Cream,Charm
AF 5,48 Hours,3.5,0,0,5,1,0,1,NA,0.16666666666666666,0.8333333333333334,0.16666666666666666,NA,0,NA,0,Whipping Cream,Charm
AF 5,48 Hours,3.6,0,0,5,1,0,1,NA,0.16666666666666666,0.8333333333333334,0.16666666666666666,NA,0,NA,0,Whipping Cream,Charm
AF 5,48 Hours,3.7,0,0,5,1,0,1,NA,0.16666666666666666,0.8333333333333334,0.16666666666666666,NA,0,NA,0,Whipping Cream,Charm
AF 5,48 Hours,3.8,0,0,5,1,0,1,NA,0.16666666666666666,0.8333333333333334,0.16666666666666666,NA,0,NA,0,Whipping Cream,Charm
AF 5,48 Hours,3.9,0,0,5,1,0,1,NA,0.16666666666666666,0.8333333333333334,0.16666666666666666,NA,0,NA,0,Whipping Cream,Charm
AF 5,48 Hours,4,0,0,5,1,0,1,NA,0.16666666666666666,0.8333333333333334,0.16666666666666666,NA,0,NA,0,Whipping Cream,Charm
AF 5,48 Hours,4.1000000000000005,0,0,5,1,0,1,NA,0.16666666666666666,0.8333333333333334,0.16666666666666666,NA,0,NA,0,Whipping Cream,Charm
AF 5,48 Hours,4.2,0,0,5,1,0,1,NA,0.16666666666666666,0.8333333333333334,0.16666666666666666,NA,0,NA,0,Whipping Cream,Charm
AF 5,48 Hours,4.3,0,0,5,1,0,1,NA,0.16666666666666666,0.8333333333333334,0.16666666666666666,NA,0,NA,0,Whipping Cream,Charm
AF 5,48 Hours,4.4,0,0,5,1,0,1,NA,0.16666666666666666,0.8333333333333334,0.16666666666666666,NA,0,NA,0,Whipping Cream,Charm
AF 5,48 Hours,4.5,0,0,5,1,0,1,NA,0.16666666666666666,0.8333333333333334,0.16666666666666666,NA,0,NA,0,Whipping Cream,Charm
AF 5,48 Hours,4.6,0,0,5,1,0,1,NA,0.16666666666666666,0.8333333333333334,0.16666666666666666,NA,0,NA,0,Whipping Cream,Charm
AF 5,72 Hours,0.3,5,1,0,0,1,0,0.8333333333333334,NA,0.8333333333333334,0.8333333333333334,0.9090909090909091,0.8333333333333334,NA,0,Whipping Cream,Charm
AF 5,72 Hours,0.4,5,1,0,0,1,0,0.8333333333333334,NA,0.8333333333333334,0.8333333333333334,0.9090909090909091,0.8333333333333334,NA,0,Whipping Cream,Charm
AF 5,72 Hours,0.5,5,1,0,0,1,0,0.8333333333333334,NA,0.8333333333333334,0.8333333333333334,0.9090909090909091,0.8333333333333334,NA,0,Whipping Cream,Charm
AF 5,72 Hours,0.6000000000000001,5,1,0,0,1,0,0.8333333333333334,NA,0.8333333333333334,0.8333333333333334,0.9090909090909091,0.8333333333333334,NA,0,Whipping Cream,Charm
AF 5,72 Hours,0.7,4,1,1,0,0.8,0,0.8,0,0.8333333333333334,0.6666666666666666,0.8000000000000002,0.6666666666666666,-0.2,-0.19999999999999996,Whipping Cream,Charm
AF 5,72 Hours,0.8,4,1,1,0,0.8,0,0.8,0,0.8333333333333334,0.6666666666666666,0.8000000000000002,0.6666666666666666,-0.2,-0.19999999999999996,Whipping Cream,Charm
AF 5,72 Hours,0.9000000000000001,4,1,1,0,0.8,0,0.8,0,0.8333333333333334,0.6666666666666666,0.8000000000000002,0.6666666666666666,-0.2,-0.19999999999999996,Whipping Cream,Charm
AF 5,72 Hours,1,4,0,1,1,0.8,1,1,0.5,0.8333333333333334,0.8333333333333334,0.888888888888889,0.8,0.6324555320336759,0.8,Whipping Cream,Charm
AF 5,72 Hours,1.1,4,0,1,1,0.8,1,1,0.5,0.8333333333333334,0.8333333333333334,0.888888888888889,0.8,0.6324555320336759,0.8,Whipping Cream,Charm
AF 5,72 Hours,1.2,3,0,2,1,0.6,1,1,0.3333333333333333,0.8333333333333334,0.6666666666666666,0.7499999999999999,0.6,0.44721359549995793,0.6000000000000001,Whipping Cream,Charm
AF 5,72 Hours,1.3,3,0,2,1,0.6,1,1,0.3333333333333333,0.8333333333333334,0.6666666666666666,0.7499999999999999,0.6,0.44721359549995793,0.6000000000000001,Whipping Cream,Charm
AF 5,72 Hours,1.4000000000000001,3,0,2,1,0.6,1,1,0.3333333333333333,0.8333333333333334,0.6666666666666666,0.7499999999999999,0.6,0.44721359549995793,0.6000000000000001,Whipping Cream,Charm
AF 5,72 Hours,1.5000000000000002,1,0,4,1,0.2,1,1,0.2,0.8333333333333334,0.3333333333333333,0.33333333333333337,0.2,0.2,0.19999999999999996,Whipping Cream,Charm
AF 5,72 Hours,1.6,1,0,4,1,0.2,1,1,0.2,0.8333333333333334,0.3333333333333333,0.33333333333333337,0.2,0.2,0.19999999999999996,Whipping Cream,Charm
AF 5,72 Hours,1.7000000000000002,0,0,5,1,0,1,NA,0.16666666666666666,0.8333333333333334,0.16666666666666666,NA,0,NA,0,Whipping Cream,Charm
AF 5,72 Hours,1.8,0,0,5,1,0,1,NA,0.16666666666666666,0.8333333333333334,0.16666666666666666,NA,0,NA,0,Whipping Cream,Charm
AF 5,72 Hours,1.9000000000000001,0,0,5,1,0,1,NA,0.16666666666666666,0.8333333333333334,0.16666666666666666,NA,0,NA,0,Whipping Cream,Charm
AF 5,72 Hours,2,0,0,5,1,0,1,NA,0.16666666666666666,0.8333333333333334,0.16666666666666666,NA,0,NA,0,Whipping Cream,Charm
AF 5,72 Hours,2.1,0,0,5,1,0,1,NA,0.16666666666666666,0.8333333333333334,0.16666666666666666,NA,0,NA,0,Whipping Cream,Charm
AF 5,72 Hours,2.2,0,0,5,1,0,1,NA,0.16666666666666666,0.8333333333333334,0.16666666666666666,NA,0,NA,0,Whipping Cream,Charm
AF 5,72 Hours,2.3,0,0,5,1,0,1,NA,0.16666666666666666,0.8333333333333334,0.16666666666666666,NA,0,NA,0,Whipping Cream,Charm
AF 5,72 Hours,2.4,0,0,5,1,0,1,NA,0.16666666666666666,0.8333333333333334,0.16666666666666666,NA,0,NA,0,Whipping Cream,Charm
AF 5,72 Hours,2.5,0,0,5,1,0,1,NA,0.16666666666666666,0.8333333333333334,0.16666666666666666,NA,0,NA,0,Whipping Cream,Charm
AF 5,72 Hours,2.6,0,0,5,1,0,1,NA,0.16666666666666666,0.8333333333333334,0.16666666666666666,NA,0,NA,0,Whipping Cream,Charm
AF 5,72 Hours,2.7,0,0,5,1,0,1,NA,0.16666666666666666,0.8333333333333334,0.16666666666666666,NA,0,NA,0,Whipping Cream,Charm
AF 5,72 Hours,2.8,0,0,5,1,0,1,NA,0.16666666666666666,0.8333333333333334,0.16666666666666666,NA,0,NA,0,Whipping Cream,Charm
AF 5,72 Hours,2.9,0,0,5,1,0,1,NA,0.16666666666666666,0.8333333333333334,0.16666666666666666,NA,0,NA,0,Whipping Cream,Charm
AF 5,72 Hours,3,0,0,5,1,0,1,NA,0.16666666666666666,0.8333333333333334,0.16666666666666666,NA,0,NA,0,Whipping Cream,Charm
AF 5,72 Hours,3.1,0,0,5,1,0,1,NA,0.16666666666666666,0.8333333333333334,0.16666666666666666,NA,0,NA,0,Whipping Cream,Charm
AF 5,72 Hours,3.2,0,0,5,1,0,1,NA,0.16666666666666666,0.8333333333333334,0.16666666666666666,NA,0,NA,0,Whipping Cream,Charm
AF 5,72 Hours,3.3,0,0,5,1,0,1,NA,0.16666666666666666,0.8333333333333334,0.16666666666666666,NA,0,NA,0,Whipping Cream,Charm
AF 5,72 Hours,3.4,0,0,5,1,0,1,NA,0.16666666666666666,0.8333333333333334,0.16666666666666666,NA,0,NA,0,Whipping Cream,Charm
AF 5,72 Hours,3.5,0,0,5,1,0,1,NA,0.16666666666666666,0.8333333333333334,0.16666666666666666,NA,0,NA,0,Whipping Cream,Charm
AF 5,72 Hours,3.6,0,0,5,1,0,1,NA,0.16666666666666666,0.8333333333333334,0.16666666666666666,NA,0,NA,0,Whipping Cream,Charm
AF 5,72 Hours,3.7,0,0,5,1,0,1,NA,0.16666666666666666,0.8333333333333334,0.16666666666666666,NA,0,NA,0,Whipping Cream,Charm
AF 5,72 Hours,3.8,0,0,5,1,0,1,NA,0.16666666666666666,0.8333333333333334,0.16666666666666666,NA,0,NA,0,Whipping Cream,Charm
AF 5,72 Hours,3.9,0,0,5,1,0,1,NA,0.16666666666666666,0.8333333333333334,0.16666666666666666,NA,0,NA,0,Whipping Cream,Charm
AF 5,72 Hours,4,0,0,5,1,0,1,NA,0.16666666666666666,0.8333333333333334,0.16666666666666666,NA,0,NA,0,Whipping Cream,Charm
AF 5,72 Hours,4.1000000000000005,0,0,5,1,0,1,NA,0.16666666666666666,0.8333333333333334,0.16666666666666666,NA,0,NA,0,Whipping Cream,Charm
AF 5,72 Hours,4.2,0,0,5,1,0,1,NA,0.16666666666666666,0.8333333333333334,0.16666666666666666,NA,0,NA,0,Whipping Cream,Charm
AF 5,72 Hours,4.3,0,0,5,1,0,1,NA,0.16666666666666666,0.8333333333333334,0.16666666666666666,NA,0,NA,0,Whipping Cream,Charm
AF 5,72 Hours,4.4,0,0,5,1,0,1,NA,0.16666666666666666,0.8333333333333334,0.16666666666666666,NA,0,NA,0,Whipping Cream,Charm
AF 5,72 Hours,4.5,0,0,5,1,0,1,NA,0.16666666666666666,0.8333333333333334,0.16666666666666666,NA,0,NA,0,Whipping Cream,Charm
AF 5,72 Hours,4.6,0,0,5,1,0,1,NA,0.16666666666666666,0.8333333333333334,0.16666666666666666,NA,0,NA,0,Whipping Cream,Charm
AF 6,12 Hours,0.3,5,1,0,0,1,0,0.8333333333333334,NA,0.8333333333333334,0.8333333333333334,0.9090909090909091,0.8333333333333334,NA,0,Whipping Cream,Charm
AF 6,12 Hours,0.4,5,1,0,0,1,0,0.8333333333333334,NA,0.8333333333333334,0.8333333333333334,0.9090909090909091,0.8333333333333334,NA,0,Whipping Cream,Charm
AF 6,12 Hours,0.5,5,1,0,0,1,0,0.8333333333333334,NA,0.8333333333333334,0.8333333333333334,0.9090909090909091,0.8333333333333334,NA,0,Whipping Cream,Charm
AF 6,12 Hours,0.6000000000000001,5,1,0,0,1,0,0.8333333333333334,NA,0.8333333333333334,0.8333333333333334,0.9090909090909091,0.8333333333333334,NA,0,Whipping Cream,Charm
AF 6,12 Hours,0.7,5,0,0,1,1,1,1,1,0.8333333333333334,1,1,1,1,1,Whipping Cream,Charm
AF 6,12 Hours,0.8,5,0,0,1,1,1,1,1,0.8333333333333334,1,1,1,1,1,Whipping Cream,Charm
AF 6,12 Hours,0.9000000000000001,5,0,0,1,1,1,1,1,0.8333333333333334,1,1,1,1,1,Whipping Cream,Charm
AF 6,12 Hours,1,5,0,0,1,1,1,1,1,0.8333333333333334,1,1,1,1,1,Whipping Cream,Charm
AF 6,12 Hours,1.1,5,0,0,1,1,1,1,1,0.8333333333333334,1,1,1,1,1,Whipping Cream,Charm
AF 6,12 Hours,1.2,5,0,0,1,1,1,1,1,0.8333333333333334,1,1,1,1,1,Whipping Cream,Charm
AF 6,12 Hours,1.3,4,0,1,1,0.8,1,1,0.5,0.8333333333333334,0.8333333333333334,0.888888888888889,0.8,0.6324555320336759,0.8,Whipping Cream,Charm
AF 6,12 Hours,1.4000000000000001,1,0,4,1,0.2,1,1,0.2,0.8333333333333334,0.3333333333333333,0.33333333333333337,0.2,0.2,0.19999999999999996,Whipping Cream,Charm
AF 6,12 Hours,1.5000000000000002,0,0,5,1,0,1,NA,0.16666666666666666,0.8333333333333334,0.16666666666666666,NA,0,NA,0,Whipping Cream,Charm
AF 6,12 Hours,1.6,0,0,5,1,0,1,NA,0.16666666666666666,0.8333333333333334,0.16666666666666666,NA,0,NA,0,Whipping Cream,Charm
AF 6,12 Hours,1.7000000000000002,0,0,5,1,0,1,NA,0.16666666666666666,0.8333333333333334,0.16666666666666666,NA,0,NA,0,Whipping Cream,Charm
AF 6,12 Hours,1.8,0,0,5,1,0,1,NA,0.16666666666666666,0.8333333333333334,0.16666666666666666,NA,0,NA,0,Whipping Cream,Charm
AF 6,12 Hours,1.9000000000000001,0,0,5,1,0,1,NA,0.16666666666666666,0.8333333333333334,0.16666666666666666,NA,0,NA,0,Whipping Cream,Charm
AF 6,12 Hours,2,0,0,5,1,0,1,NA,0.16666666666666666,0.8333333333333334,0.16666666666666666,NA,0,NA,0,Whipping Cream,Charm
AF 6,12 Hours,2.1,0,0,5,1,0,1,NA,0.16666666666666666,0.8333333333333334,0.16666666666666666,NA,0,NA,0,Whipping Cream,Charm
AF 6,12 Hours,2.2,0,0,5,1,0,1,NA,0.16666666666666666,0.8333333333333334,0.16666666666666666,NA,0,NA,0,Whipping Cream,Charm
AF 6,12 Hours,2.3,0,0,5,1,0,1,NA,0.16666666666666666,0.8333333333333334,0.16666666666666666,NA,0,NA,0,Whipping Cream,Charm
AF 6,12 Hours,2.4,0,0,5,1,0,1,NA,0.16666666666666666,0.8333333333333334,0.16666666666666666,NA,0,NA,0,Whipping Cream,Charm
AF 6,12 Hours,2.5,0,0,5,1,0,1,NA,0.16666666666666666,0.8333333333333334,0.16666666666666666,NA,0,NA,0,Whipping Cream,Charm
AF 6,12 Hours,2.6,0,0,5,1,0,1,NA,0.16666666666666666,0.8333333333333334,0.16666666666666666,NA,0,NA,0,Whipping Cream,Charm
AF 6,12 Hours,2.7,0,0,5,1,0,1,NA,0.16666666666666666,0.8333333333333334,0.16666666666666666,NA,0,NA,0,Whipping Cream,Charm
AF 6,12 Hours,2.8,0,0,5,1,0,1,NA,0.16666666666666666,0.8333333333333334,0.16666666666666666,NA,0,NA,0,Whipping Cream,Charm
AF 6,12 Hours,2.9,0,0,5,1,0,1,NA,0.16666666666666666,0.8333333333333334,0.16666666666666666,NA,0,NA,0,Whipping Cream,Charm
AF 6,12 Hours,3,0,0,5,1,0,1,NA,0.16666666666666666,0.8333333333333334,0.16666666666666666,NA,0,NA,0,Whipping Cream,Charm
AF 6,12 Hours,3.1,0,0,5,1,0,1,NA,0.16666666666666666,0.8333333333333334,0.16666666666666666,NA,0,NA,0,Whipping Cream,Charm
AF 6,12 Hours,3.2,0,0,5,1,0,1,NA,0.16666666666666666,0.8333333333333334,0.16666666666666666,NA,0,NA,0,Whipping Cream,Charm
AF 6,12 Hours,3.3,0,0,5,1,0,1,NA,0.16666666666666666,0.8333333333333334,0.16666666666666666,NA,0,NA,0,Whipping Cream,Charm
AF 6,12 Hours,3.4,0,0,5,1,0,1,NA,0.16666666666666666,0.8333333333333334,0.16666666666666666,NA,0,NA,0,Whipping Cream,Charm
AF 6,12 Hours,3.5,0,0,5,1,0,1,NA,0.16666666666666666,0.8333333333333334,0.16666666666666666,NA,0,NA,0,Whipping Cream,Charm
AF 6,12 Hours,3.6,0,0,5,1,0,1,NA,0.16666666666666666,0.8333333333333334,0.16666666666666666,NA,0,NA,0,Whipping Cream,Charm
AF 6,12 Hours,3.7,0,0,5,1,0,1,NA,0.16666666666666666,0.8333333333333334,0.16666666666666666,NA,0,NA,0,Whipping Cream,Charm
AF 6,12 Hours,3.8,0,0,5,1,0,1,NA,0.16666666666666666,0.8333333333333334,0.16666666666666666,NA,0,NA,0,Whipping Cream,Charm
AF 6,12 Hours,3.9,0,0,5,1,0,1,NA,0.16666666666666666,0.8333333333333334,0.16666666666666666,NA,0,NA,0,Whipping Cream,Charm
AF 6,12 Hours,4,0,0,5,1,0,1,NA,0.16666666666666666,0.8333333333333334,0.16666666666666666,NA,0,NA,0,Whipping Cream,Charm
AF 6,12 Hours,4.1000000000000005,0,0,5,1,0,1,NA,0.16666666666666666,0.8333333333333334,0.16666666666666666,NA,0,NA,0,Whipping Cream,Charm
AF 6,12 Hours,4.2,0,0,5,1,0,1,NA,0.16666666666666666,0.8333333333333334,0.16666666666666666,NA,0,NA,0,Whipping Cream,Charm
AF 6,12 Hours,4.3,0,0,5,1,0,1,NA,0.16666666666666666,0.8333333333333334,0.16666666666666666,NA,0,NA,0,Whipping Cream,Charm
AF 6,12 Hours,4.4,0,0,5,1,0,1,NA,0.16666666666666666,0.8333333333333334,0.16666666666666666,NA,0,NA,0,Whipping Cream,Charm
AF 6,12 Hours,4.5,0,0,5,1,0,1,NA,0.16666666666666666,0.8333333333333334,0.16666666666666666,NA,0,NA,0,Whipping Cream,Charm
AF 6,12 Hours,4.6,0,0,5,1,0,1,NA,0.16666666666666666,0.8333333333333334,0.16666666666666666,NA,0,NA,0,Whipping Cream,Charm
AF 6,24 Hours,0.3,5,1,0,0,1,0,0.8333333333333334,NA,0.8333333333333334,0.8333333333333334,0.9090909090909091,0.8333333333333334,NA,0,Whipping Cream,Charm
AF 6,24 Hours,0.4,5,1,0,0,1,0,0.8333333333333334,NA,0.8333333333333334,0.8333333333333334,0.9090909090909091,0.8333333333333334,NA,0,Whipping Cream,Charm
AF 6,24 Hours,0.5,5,1,0,0,1,0,0.8333333333333334,NA,0.8333333333333334,0.8333333333333334,0.9090909090909091,0.8333333333333334,NA,0,Whipping Cream,Charm
AF 6,24 Hours,0.6000000000000001,5,1,0,0,1,0,0.8333333333333334,NA,0.8333333333333334,0.8333333333333334,0.9090909090909091,0.8333333333333334,NA,0,Whipping Cream,Charm
AF 6,24 Hours,0.7,5,1,0,0,1,0,0.8333333333333334,NA,0.8333333333333334,0.8333333333333334,0.9090909090909091,0.8333333333333334,NA,0,Whipping Cream,Charm
AF 6,24 Hours,0.8,5,1,0,0,1,0,0.8333333333333334,NA,0.8333333333333334,0.8333333333333334,0.9090909090909091,0.8333333333333334,NA,0,Whipping Cream,Charm
AF 6,24 Hours,0.9000000000000001,5,0,0,1,1,1,1,1,0.8333333333333334,1,1,1,1,1,Whipping Cream,Charm
AF 6,24 Hours,1,5,0,0,1,1,1,1,1,0.8333333333333334,1,1,1,1,1,Whipping Cream,Charm
AF 6,24 Hours,1.1,5,0,0,1,1,1,1,1,0.8333333333333334,1,1,1,1,1,Whipping Cream,Charm
AF 6,24 Hours,1.2,5,0,0,1,1,1,1,1,0.8333333333333334,1,1,1,1,1,Whipping Cream,Charm
AF 6,24 Hours,1.3,5,0,0,1,1,1,1,1,0.8333333333333334,1,1,1,1,1,Whipping Cream,Charm
AF 6,24 Hours,1.4000000000000001,3,0,2,1,0.6,1,1,0.3333333333333333,0.8333333333333334,0.6666666666666666,0.7499999999999999,0.6,0.44721359549995793,0.6000000000000001,Whipping Cream,Charm
AF 6,24 Hours,1.5000000000000002,3,0,2,1,0.6,1,1,0.3333333333333333,0.8333333333333334,0.6666666666666666,0.7499999999999999,0.6,0.44721359549995793,0.6000000000000001,Whipping Cream,Charm
AF 6,24 Hours,1.6,2,0,3,1,0.4,1,1,0.25,0.8333333333333334,0.5,0.5714285714285715,0.4,0.31622776601683794,0.3999999999999999,Whipping Cream,Charm
AF 6,24 Hours,1.7000000000000002,1,0,4,1,0.2,1,1,0.2,0.8333333333333334,0.3333333333333333,0.33333333333333337,0.2,0.2,0.19999999999999996,Whipping Cream,Charm
AF 6,24 Hours,1.8,0,0,5,1,0,1,NA,0.16666666666666666,0.8333333333333334,0.16666666666666666,NA,0,NA,0,Whipping Cream,Charm
AF 6,24 Hours,1.9000000000000001,0,0,5,1,0,1,NA,0.16666666666666666,0.8333333333333334,0.16666666666666666,NA,0,NA,0,Whipping Cream,Charm
AF 6,24 Hours,2,0,0,5,1,0,1,NA,0.16666666666666666,0.8333333333333334,0.16666666666666666,NA,0,NA,0,Whipping Cream,Charm
AF 6,24 Hours,2.1,0,0,5,1,0,1,NA,0.16666666666666666,0.8333333333333334,0.16666666666666666,NA,0,NA,0,Whipping Cream,Charm
AF 6,24 Hours,2.2,0,0,5,1,0,1,NA,0.16666666666666666,0.8333333333333334,0.16666666666666666,NA,0,NA,0,Whipping Cream,Charm
AF 6,24 Hours,2.3,0,0,5,1,0,1,NA,0.16666666666666666,0.8333333333333334,0.16666666666666666,NA,0,NA,0,Whipping Cream,Charm
AF 6,24 Hours,2.4,0,0,5,1,0,1,NA,0.16666666666666666,0.8333333333333334,0.16666666666666666,NA,0,NA,0,Whipping Cream,Charm
AF 6,24 Hours,2.5,0,0,5,1,0,1,NA,0.16666666666666666,0.8333333333333334,0.16666666666666666,NA,0,NA,0,Whipping Cream,Charm
AF 6,24 Hours,2.6,0,0,5,1,0,1,NA,0.16666666666666666,0.8333333333333334,0.16666666666666666,NA,0,NA,0,Whipping Cream,Charm
AF 6,24 Hours,2.7,0,0,5,1,0,1,NA,0.16666666666666666,0.8333333333333334,0.16666666666666666,NA,0,NA,0,Whipping Cream,Charm
AF 6,24 Hours,2.8,0,0,5,1,0,1,NA,0.16666666666666666,0.8333333333333334,0.16666666666666666,NA,0,NA,0,Whipping Cream,Charm
AF 6,24 Hours,2.9,0,0,5,1,0,1,NA,0.16666666666666666,0.8333333333333334,0.16666666666666666,NA,0,NA,0,Whipping Cream,Charm
AF 6,24 Hours,3,0,0,5,1,0,1,NA,0.16666666666666666,0.8333333333333334,0.16666666666666666,NA,0,NA,0,Whipping Cream,Charm
AF 6,24 Hours,3.1,0,0,5,1,0,1,NA,0.16666666666666666,0.8333333333333334,0.16666666666666666,NA,0,NA,0,Whipping Cream,Charm
AF 6,24 Hours,3.2,0,0,5,1,0,1,NA,0.16666666666666666,0.8333333333333334,0.16666666666666666,NA,0,NA,0,Whipping Cream,Charm
AF 6,24 Hours,3.3,0,0,5,1,0,1,NA,0.16666666666666666,0.8333333333333334,0.16666666666666666,NA,0,NA,0,Whipping Cream,Charm
AF 6,24 Hours,3.4,0,0,5,1,0,1,NA,0.16666666666666666,0.8333333333333334,0.16666666666666666,NA,0,NA,0,Whipping Cream,Charm
AF 6,24 Hours,3.5,0,0,5,1,0,1,NA,0.16666666666666666,0.8333333333333334,0.16666666666666666,NA,0,NA,0,Whipping Cream,Charm
AF 6,24 Hours,3.6,0,0,5,1,0,1,NA,0.16666666666666666,0.8333333333333334,0.16666666666666666,NA,0,NA,0,Whipping Cream,Charm
AF 6,24 Hours,3.7,0,0,5,1,0,1,NA,0.16666666666666666,0.8333333333333334,0.16666666666666666,NA,0,NA,0,Whipping Cream,Charm
AF 6,24 Hours,3.8,0,0,5,1,0,1,NA,0.16666666666666666,0.8333333333333334,0.16666666666666666,NA,0,NA,0,Whipping Cream,Charm
AF 6,24 Hours,3.9,0,0,5,1,0,1,NA,0.16666666666666666,0.8333333333333334,0.16666666666666666,NA,0,NA,0,Whipping Cream,Charm
AF 6,24 Hours,4,0,0,5,1,0,1,NA,0.16666666666666666,0.8333333333333334,0.16666666666666666,NA,0,NA,0,Whipping Cream,Charm
AF 6,24 Hours,4.1000000000000005,0,0,5,1,0,1,NA,0.16666666666666666,0.8333333333333334,0.16666666666666666,NA,0,NA,0,Whipping Cream,Charm
AF 6,24 Hours,4.2,0,0,5,1,0,1,NA,0.16666666666666666,0.8333333333333334,0.16666666666666666,NA,0,NA,0,Whipping Cream,Charm
AF 6,24 Hours,4.3,0,0,5,1,0,1,NA,0.16666666666666666,0.8333333333333334,0.16666666666666666,NA,0,NA,0,Whipping Cream,Charm
AF 6,24 Hours,4.4,0,0,5,1,0,1,NA,0.16666666666666666,0.8333333333333334,0.16666666666666666,NA,0,NA,0,Whipping Cream,Charm
AF 6,24 Hours,4.5,0,0,5,1,0,1,NA,0.16666666666666666,0.8333333333333334,0.16666666666666666,NA,0,NA,0,Whipping Cream,Charm
AF 6,24 Hours,4.6,0,0,5,1,0,1,NA,0.16666666666666666,0.8333333333333334,0.16666666666666666,NA,0,NA,0,Whipping Cream,Charm
AF 6,48 Hours,0.3,5,1,0,0,1,0,0.8333333333333334,NA,0.8333333333333334,0.8333333333333334,0.9090909090909091,0.8333333333333334,NA,0,Whipping Cream,Charm
AF 6,48 Hours,0.4,5,1,0,0,1,0,0.8333333333333334,NA,0.8333333333333334,0.8333333333333334,0.9090909090909091,0.8333333333333334,NA,0,Whipping Cream,Charm
AF 6,48 Hours,0.5,5,0,0,1,1,1,1,1,0.8333333333333334,1,1,1,1,1,Whipping Cream,Charm
AF 6,48 Hours,0.6000000000000001,5,0,0,1,1,1,1,1,0.8333333333333334,1,1,1,1,1,Whipping Cream,Charm
AF 6,48 Hours,0.7,5,0,0,1,1,1,1,1,0.8333333333333334,1,1,1,1,1,Whipping Cream,Charm
AF 6,48 Hours,0.8,5,0,0,1,1,1,1,1,0.8333333333333334,1,1,1,1,1,Whipping Cream,Charm
AF 6,48 Hours,0.9000000000000001,4,0,1,1,0.8,1,1,0.5,0.8333333333333334,0.8333333333333334,0.888888888888889,0.8,0.6324555320336759,0.8,Whipping Cream,Charm
AF 6,48 Hours,1,4,0,1,1,0.8,1,1,0.5,0.8333333333333334,0.8333333333333334,0.888888888888889,0.8,0.6324555320336759,0.8,Whipping Cream,Charm
AF 6,48 Hours,1.1,4,0,1,1,0.8,1,1,0.5,0.8333333333333334,0.8333333333333334,0.888888888888889,0.8,0.6324555320336759,0.8,Whipping Cream,Charm
AF 6,48 Hours,1.2,4,0,1,1,0.8,1,1,0.5,0.8333333333333334,0.8333333333333334,0.888888888888889,0.8,0.6324555320336759,0.8,Whipping Cream,Charm
AF 6,48 Hours,1.3,4,0,1,1,0.8,1,1,0.5,0.8333333333333334,0.8333333333333334,0.888888888888889,0.8,0.6324555320336759,0.8,Whipping Cream,Charm
AF 6,48 Hours,1.4000000000000001,3,0,2,1,0.6,1,1,0.3333333333333333,0.8333333333333334,0.6666666666666666,0.7499999999999999,0.6,0.44721359549995793,0.6000000000000001,Whipping Cream,Charm
AF 6,48 Hours,1.5000000000000002,2,0,3,1,0.4,1,1,0.25,0.8333333333333334,0.5,0.5714285714285715,0.4,0.31622776601683794,0.3999999999999999,Whipping Cream,Charm
AF 6,48 Hours,1.6,1,0,4,1,0.2,1,1,0.2,0.8333333333333334,0.3333333333333333,0.33333333333333337,0.2,0.2,0.19999999999999996,Whipping Cream,Charm
AF 6,48 Hours,1.7000000000000002,1,0,4,1,0.2,1,1,0.2,0.8333333333333334,0.3333333333333333,0.33333333333333337,0.2,0.2,0.19999999999999996,Whipping Cream,Charm
AF 6,48 Hours,1.8,1,0,4,1,0.2,1,1,0.2,0.8333333333333334,0.3333333333333333,0.33333333333333337,0.2,0.2,0.19999999999999996,Whipping Cream,Charm
AF 6,48 Hours,1.9000000000000001,1,0,4,1,0.2,1,1,0.2,0.8333333333333334,0.3333333333333333,0.33333333333333337,0.2,0.2,0.19999999999999996,Whipping Cream,Charm
AF 6,48 Hours,2,1,0,4,1,0.2,1,1,0.2,0.8333333333333334,0.3333333333333333,0.33333333333333337,0.2,0.2,0.19999999999999996,Whipping Cream,Charm
AF 6,48 Hours,2.1,1,0,4,1,0.2,1,1,0.2,0.8333333333333334,0.3333333333333333,0.33333333333333337,0.2,0.2,0.19999999999999996,Whipping Cream,Charm
AF 6,48 Hours,2.2,1,0,4,1,0.2,1,1,0.2,0.8333333333333334,0.3333333333333333,0.33333333333333337,0.2,0.2,0.19999999999999996,Whipping Cream,Charm
AF 6,48 Hours,2.3,1,0,4,1,0.2,1,1,0.2,0.8333333333333334,0.3333333333333333,0.33333333333333337,0.2,0.2,0.19999999999999996,Whipping Cream,Charm
AF 6,48 Hours,2.4,1,0,4,1,0.2,1,1,0.2,0.8333333333333334,0.3333333333333333,0.33333333333333337,0.2,0.2,0.19999999999999996,Whipping Cream,Charm
AF 6,48 Hours,2.5,0,0,5,1,0,1,NA,0.16666666666666666,0.8333333333333334,0.16666666666666666,NA,0,NA,0,Whipping Cream,Charm
AF 6,48 Hours,2.6,0,0,5,1,0,1,NA,0.16666666666666666,0.8333333333333334,0.16666666666666666,NA,0,NA,0,Whipping Cream,Charm
AF 6,48 Hours,2.7,0,0,5,1,0,1,NA,0.16666666666666666,0.8333333333333334,0.16666666666666666,NA,0,NA,0,Whipping Cream,Charm
AF 6,48 Hours,2.8,0,0,5,1,0,1,NA,0.16666666666666666,0.8333333333333334,0.16666666666666666,NA,0,NA,0,Whipping Cream,Charm
AF 6,48 Hours,2.9,0,0,5,1,0,1,NA,0.16666666666666666,0.8333333333333334,0.16666666666666666,NA,0,NA,0,Whipping Cream,Charm
AF 6,48 Hours,3,0,0,5,1,0,1,NA,0.16666666666666666,0.8333333333333334,0.16666666666666666,NA,0,NA,0,Whipping Cream,Charm
AF 6,48 Hours,3.1,0,0,5,1,0,1,NA,0.16666666666666666,0.8333333333333334,0.16666666666666666,NA,0,NA,0,Whipping Cream,Charm
AF 6,48 Hours,3.2,0,0,5,1,0,1,NA,0.16666666666666666,0.8333333333333334,0.16666666666666666,NA,0,NA,0,Whipping Cream,Charm
AF 6,48 Hours,3.3,0,0,5,1,0,1,NA,0.16666666666666666,0.8333333333333334,0.16666666666666666,NA,0,NA,0,Whipping Cream,Charm
AF 6,48 Hours,3.4,0,0,5,1,0,1,NA,0.16666666666666666,0.8333333333333334,0.16666666666666666,NA,0,NA,0,Whipping Cream,Charm
AF 6,48 Hours,3.5,0,0,5,1,0,1,NA,0.16666666666666666,0.8333333333333334,0.16666666666666666,NA,0,NA,0,Whipping Cream,Charm
AF 6,48 Hours,3.6,0,0,5,1,0,1,NA,0.16666666666666666,0.8333333333333334,0.16666666666666666,NA,0,NA,0,Whipping Cream,Charm
AF 6,48 Hours,3.7,0,0,5,1,0,1,NA,0.16666666666666666,0.8333333333333334,0.16666666666666666,NA,0,NA,0,Whipping Cream,Charm
AF 6,48 Hours,3.8,0,0,5,1,0,1,NA,0.16666666666666666,0.8333333333333334,0.16666666666666666,NA,0,NA,0,Whipping Cream,Charm
AF 6,48 Hours,3.9,0,0,5,1,0,1,NA,0.16666666666666666,0.8333333333333334,0.16666666666666666,NA,0,NA,0,Whipping Cream,Charm
AF 6,48 Hours,4,0,0,5,1,0,1,NA,0.16666666666666666,0.8333333333333334,0.16666666666666666,NA,0,NA,0,Whipping Cream,Charm
AF 6,48 Hours,4.1000000000000005,0,0,5,1,0,1,NA,0.16666666666666666,0.8333333333333334,0.16666666666666666,NA,0,NA,0,Whipping Cream,Charm
AF 6,48 Hours,4.2,0,0,5,1,0,1,NA,0.16666666666666666,0.8333333333333334,0.16666666666666666,NA,0,NA,0,Whipping Cream,Charm
AF 6,48 Hours,4.3,0,0,5,1,0,1,NA,0.16666666666666666,0.8333333333333334,0.16666666666666666,NA,0,NA,0,Whipping Cream,Charm
AF 6,48 Hours,4.4,0,0,5,1,0,1,NA,0.16666666666666666,0.8333333333333334,0.16666666666666666,NA,0,NA,0,Whipping Cream,Charm
AF 6,48 Hours,4.5,0,0,5,1,0,1,NA,0.16666666666666666,0.8333333333333334,0.16666666666666666,NA,0,NA,0,Whipping Cream,Charm
AF 6,48 Hours,4.6,0,0,5,1,0,1,NA,0.16666666666666666,0.8333333333333334,0.16666666666666666,NA,0,NA,0,Whipping Cream,Charm
AF 6,72 Hours,0.3,5,1,0,0,1,0,0.8333333333333334,NA,0.8333333333333334,0.8333333333333334,0.9090909090909091,0.8333333333333334,NA,0,Whipping Cream,Charm
AF 6,72 Hours,0.4,5,0,0,1,1,1,1,1,0.8333333333333334,1,1,1,1,1,Whipping Cream,Charm
AF 6,72 Hours,0.5,5,0,0,1,1,1,1,1,0.8333333333333334,1,1,1,1,1,Whipping Cream,Charm
AF 6,72 Hours,0.6000000000000001,5,0,0,1,1,1,1,1,0.8333333333333334,1,1,1,1,1,Whipping Cream,Charm
AF 6,72 Hours,0.7,5,0,0,1,1,1,1,1,0.8333333333333334,1,1,1,1,1,Whipping Cream,Charm
AF 6,72 Hours,0.8,5,0,0,1,1,1,1,1,0.8333333333333334,1,1,1,1,1,Whipping Cream,Charm
AF 6,72 Hours,0.9000000000000001,5,0,0,1,1,1,1,1,0.8333333333333334,1,1,1,1,1,Whipping Cream,Charm
AF 6,72 Hours,1,5,0,0,1,1,1,1,1,0.8333333333333334,1,1,1,1,1,Whipping Cream,Charm
AF 6,72 Hours,1.1,4,0,1,1,0.8,1,1,0.5,0.8333333333333334,0.8333333333333334,0.888888888888889,0.8,0.6324555320336759,0.8,Whipping Cream,Charm
AF 6,72 Hours,1.2,4,0,1,1,0.8,1,1,0.5,0.8333333333333334,0.8333333333333334,0.888888888888889,0.8,0.6324555320336759,0.8,Whipping Cream,Charm
AF 6,72 Hours,1.3,3,0,2,1,0.6,1,1,0.3333333333333333,0.8333333333333334,0.6666666666666666,0.7499999999999999,0.6,0.44721359549995793,0.6000000000000001,Whipping Cream,Charm
AF 6,72 Hours,1.4000000000000001,3,0,2,1,0.6,1,1,0.3333333333333333,0.8333333333333334,0.6666666666666666,0.7499999999999999,0.6,0.44721359549995793,0.6000000000000001,Whipping Cream,Charm
AF 6,72 Hours,1.5000000000000002,3,0,2,1,0.6,1,1,0.3333333333333333,0.8333333333333334,0.6666666666666666,0.7499999999999999,0.6,0.44721359549995793,0.6000000000000001,Whipping Cream,Charm
AF 6,72 Hours,1.6,3,0,2,1,0.6,1,1,0.3333333333333333,0.8333333333333334,0.6666666666666666,0.7499999999999999,0.6,0.44721359549995793,0.6000000000000001,Whipping Cream,Charm
AF 6,72 Hours,1.7000000000000002,3,0,2,1,0.6,1,1,0.3333333333333333,0.8333333333333334,0.6666666666666666,0.7499999999999999,0.6,0.44721359549995793,0.6000000000000001,Whipping Cream,Charm
AF 6,72 Hours,1.8,3,0,2,1,0.6,1,1,0.3333333333333333,0.8333333333333334,0.6666666666666666,0.7499999999999999,0.6,0.44721359549995793,0.6000000000000001,Whipping Cream,Charm
AF 6,72 Hours,1.9000000000000001,3,0,2,1,0.6,1,1,0.3333333333333333,0.8333333333333334,0.6666666666666666,0.7499999999999999,0.6,0.44721359549995793,0.6000000000000001,Whipping Cream,Charm
AF 6,72 Hours,2,2,0,3,1,0.4,1,1,0.25,0.8333333333333334,0.5,0.5714285714285715,0.4,0.31622776601683794,0.3999999999999999,Whipping Cream,Charm
AF 6,72 Hours,2.1,2,0,3,1,0.4,1,1,0.25,0.8333333333333334,0.5,0.5714285714285715,0.4,0.31622776601683794,0.3999999999999999,Whipping Cream,Charm
AF 6,72 Hours,2.2,2,0,3,1,0.4,1,1,0.25,0.8333333333333334,0.5,0.5714285714285715,0.4,0.31622776601683794,0.3999999999999999,Whipping Cream,Charm
AF 6,72 Hours,2.3,2,0,3,1,0.4,1,1,0.25,0.8333333333333334,0.5,0.5714285714285715,0.4,0.31622776601683794,0.3999999999999999,Whipping Cream,Charm
AF 6,72 Hours,2.4,2,0,3,1,0.4,1,1,0.25,0.8333333333333334,0.5,0.5714285714285715,0.4,0.31622776601683794,0.3999999999999999,Whipping Cream,Charm
AF 6,72 Hours,2.5,2,0,3,1,0.4,1,1,0.25,0.8333333333333334,0.5,0.5714285714285715,0.4,0.31622776601683794,0.3999999999999999,Whipping Cream,Charm
AF 6,72 Hours,2.6,2,0,3,1,0.4,1,1,0.25,0.8333333333333334,0.5,0.5714285714285715,0.4,0.31622776601683794,0.3999999999999999,Whipping Cream,Charm
AF 6,72 Hours,2.7,2,0,3,1,0.4,1,1,0.25,0.8333333333333334,0.5,0.5714285714285715,0.4,0.31622776601683794,0.3999999999999999,Whipping Cream,Charm
AF 6,72 Hours,2.8,1,0,4,1,0.2,1,1,0.2,0.8333333333333334,0.3333333333333333,0.33333333333333337,0.2,0.2,0.19999999999999996,Whipping Cream,Charm
AF 6,72 Hours,2.9,1,0,4,1,0.2,1,1,0.2,0.8333333333333334,0.3333333333333333,0.33333333333333337,0.2,0.2,0.19999999999999996,Whipping Cream,Charm
AF 6,72 Hours,3,0,0,5,1,0,1,NA,0.16666666666666666,0.8333333333333334,0.16666666666666666,NA,0,NA,0,Whipping Cream,Charm
AF 6,72 Hours,3.1,0,0,5,1,0,1,NA,0.16666666666666666,0.8333333333333334,0.16666666666666666,NA,0,NA,0,Whipping Cream,Charm
AF 6,72 Hours,3.2,0,0,5,1,0,1,NA,0.16666666666666666,0.8333333333333334,0.16666666666666666,NA,0,NA,0,Whipping Cream,Charm
AF 6,72 Hours,3.3,0,0,5,1,0,1,NA,0.16666666666666666,0.8333333333333334,0.16666666666666666,NA,0,NA,0,Whipping Cream,Charm
AF 6,72 Hours,3.4,0,0,5,1,0,1,NA,0.16666666666666666,0.8333333333333334,0.16666666666666666,NA,0,NA,0,Whipping Cream,Charm
AF 6,72 Hours,3.5,0,0,5,1,0,1,NA,0.16666666666666666,0.8333333333333334,0.16666666666666666,NA,0,NA,0,Whipping Cream,Charm
AF 6,72 Hours,3.6,0,0,5,1,0,1,NA,0.16666666666666666,0.8333333333333334,0.16666666666666666,NA,0,NA,0,Whipping Cream,Charm
AF 6,72 Hours,3.7,0,0,5,1,0,1,NA,0.16666666666666666,0.8333333333333334,0.16666666666666666,NA,0,NA,0,Whipping Cream,Charm
AF 6,72 Hours,3.8,0,0,5,1,0,1,NA,0.16666666666666666,0.8333333333333334,0.16666666666666666,NA,0,NA,0,Whipping Cream,Charm
AF 6,72 Hours,3.9,0,0,5,1,0,1,NA,0.16666666666666666,0.8333333333333334,0.16666666666666666,NA,0,NA,0,Whipping Cream,Charm
AF 6,72 Hours,4,0,0,5,1,0,1,NA,0.16666666666666666,0.8333333333333334,0.16666666666666666,NA,0,NA,0,Whipping Cream,Charm
AF 6,72 Hours,4.1000000000000005,0,0,5,1,0,1,NA,0.16666666666666666,0.8333333333333334,0.16666666666666666,NA,0,NA,0,Whipping Cream,Charm
AF 6,72 Hours,4.2,0,0,5,1,0,1,NA,0.16666666666666666,0.8333333333333334,0.16666666666666666,NA,0,NA,0,Whipping Cream,Charm
AF 6,72 Hours,4.3,0,0,5,1,0,1,NA,0.16666666666666666,0.8333333333333334,0.16666666666666666,NA,0,NA,0,Whipping Cream,Charm
AF 6,72 Hours,4.4,0,0,5,1,0,1,NA,0.16666666666666666,0.8333333333333334,0.16666666666666666,NA,0,NA,0,Whipping Cream,Charm
AF 6,72 Hours,4.5,0,0,5,1,0,1,NA,0.16666666666666666,0.8333333333333334,0.16666666666666666,NA,0,NA,0,Whipping Cream,Charm
AF 6,72 Hours,4.6,0,0,5,1,0,1,NA,0.16666666666666666,0.8333333333333334,0.16666666666666666,NA,0,NA,0,Whipping Cream,Charm
AF 7,12 Hours,0.3,5,1,0,0,1,0,0.8333333333333334,NA,0.8333333333333334,0.8333333333333334,0.9090909090909091,0.8333333333333334,NA,0,Whipping Cream,Charm
AF 7,12 Hours,0.4,5,1,0,0,1,0,0.8333333333333334,NA,0.8333333333333334,0.8333333333333334,0.9090909090909091,0.8333333333333334,NA,0,Whipping Cream,Charm
AF 7,12 Hours,0.5,5,0,0,1,1,1,1,1,0.8333333333333334,1,1,1,1,1,Whipping Cream,Charm
AF 7,12 Hours,0.6000000000000001,5,0,0,1,1,1,1,1,0.8333333333333334,1,1,1,1,1,Whipping Cream,Charm
AF 7,12 Hours,0.7,5,0,0,1,1,1,1,1,0.8333333333333334,1,1,1,1,1,Whipping Cream,Charm
AF 7,12 Hours,0.8,5,0,0,1,1,1,1,1,0.8333333333333334,1,1,1,1,1,Whipping Cream,Charm
AF 7,12 Hours,0.9000000000000001,5,0,0,1,1,1,1,1,0.8333333333333334,1,1,1,1,1,Whipping Cream,Charm
AF 7,12 Hours,1,5,0,0,1,1,1,1,1,0.8333333333333334,1,1,1,1,1,Whipping Cream,Charm
AF 7,12 Hours,1.1,5,0,0,1,1,1,1,1,0.8333333333333334,1,1,1,1,1,Whipping Cream,Charm
AF 7,12 Hours,1.2,5,0,0,1,1,1,1,1,0.8333333333333334,1,1,1,1,1,Whipping Cream,Charm
AF 7,12 Hours,1.3,3,0,2,1,0.6,1,1,0.3333333333333333,0.8333333333333334,0.6666666666666666,0.7499999999999999,0.6,0.44721359549995793,0.6000000000000001,Whipping Cream,Charm
AF 7,12 Hours,1.4000000000000001,2,0,3,1,0.4,1,1,0.25,0.8333333333333334,0.5,0.5714285714285715,0.4,0.31622776601683794,0.3999999999999999,Whipping Cream,Charm
AF 7,12 Hours,1.5000000000000002,0,0,5,1,0,1,NA,0.16666666666666666,0.8333333333333334,0.16666666666666666,NA,0,NA,0,Whipping Cream,Charm
AF 7,12 Hours,1.6,0,0,5,1,0,1,NA,0.16666666666666666,0.8333333333333334,0.16666666666666666,NA,0,NA,0,Whipping Cream,Charm
AF 7,12 Hours,1.7000000000000002,0,0,5,1,0,1,NA,0.16666666666666666,0.8333333333333334,0.16666666666666666,NA,0,NA,0,Whipping Cream,Charm
AF 7,12 Hours,1.8,0,0,5,1,0,1,NA,0.16666666666666666,0.8333333333333334,0.16666666666666666,NA,0,NA,0,Whipping Cream,Charm
AF 7,12 Hours,1.9000000000000001,0,0,5,1,0,1,NA,0.16666666666666666,0.8333333333333334,0.16666666666666666,NA,0,NA,0,Whipping Cream,Charm
AF 7,12 Hours,2,0,0,5,1,0,1,NA,0.16666666666666666,0.8333333333333334,0.16666666666666666,NA,0,NA,0,Whipping Cream,Charm
AF 7,12 Hours,2.1,0,0,5,1,0,1,NA,0.16666666666666666,0.8333333333333334,0.16666666666666666,NA,0,NA,0,Whipping Cream,Charm
AF 7,12 Hours,2.2,0,0,5,1,0,1,NA,0.16666666666666666,0.8333333333333334,0.16666666666666666,NA,0,NA,0,Whipping Cream,Charm
AF 7,12 Hours,2.3,0,0,5,1,0,1,NA,0.16666666666666666,0.8333333333333334,0.16666666666666666,NA,0,NA,0,Whipping Cream,Charm
AF 7,12 Hours,2.4,0,0,5,1,0,1,NA,0.16666666666666666,0.8333333333333334,0.16666666666666666,NA,0,NA,0,Whipping Cream,Charm
AF 7,12 Hours,2.5,0,0,5,1,0,1,NA,0.16666666666666666,0.8333333333333334,0.16666666666666666,NA,0,NA,0,Whipping Cream,Charm
AF 7,12 Hours,2.6,0,0,5,1,0,1,NA,0.16666666666666666,0.8333333333333334,0.16666666666666666,NA,0,NA,0,Whipping Cream,Charm
AF 7,12 Hours,2.7,0,0,5,1,0,1,NA,0.16666666666666666,0.8333333333333334,0.16666666666666666,NA,0,NA,0,Whipping Cream,Charm
AF 7,12 Hours,2.8,0,0,5,1,0,1,NA,0.16666666666666666,0.8333333333333334,0.16666666666666666,NA,0,NA,0,Whipping Cream,Charm
AF 7,12 Hours,2.9,0,0,5,1,0,1,NA,0.16666666666666666,0.8333333333333334,0.16666666666666666,NA,0,NA,0,Whipping Cream,Charm
AF 7,12 Hours,3,0,0,5,1,0,1,NA,0.16666666666666666,0.8333333333333334,0.16666666666666666,NA,0,NA,0,Whipping Cream,Charm
AF 7,12 Hours,3.1,0,0,5,1,0,1,NA,0.16666666666666666,0.8333333333333334,0.16666666666666666,NA,0,NA,0,Whipping Cream,Charm
AF 7,12 Hours,3.2,0,0,5,1,0,1,NA,0.16666666666666666,0.8333333333333334,0.16666666666666666,NA,0,NA,0,Whipping Cream,Charm
AF 7,12 Hours,3.3,0,0,5,1,0,1,NA,0.16666666666666666,0.8333333333333334,0.16666666666666666,NA,0,NA,0,Whipping Cream,Charm
AF 7,12 Hours,3.4,0,0,5,1,0,1,NA,0.16666666666666666,0.8333333333333334,0.16666666666666666,NA,0,NA,0,Whipping Cream,Charm
AF 7,12 Hours,3.5,0,0,5,1,0,1,NA,0.16666666666666666,0.8333333333333334,0.16666666666666666,NA,0,NA,0,Whipping Cream,Charm
AF 7,12 Hours,3.6,0,0,5,1,0,1,NA,0.16666666666666666,0.8333333333333334,0.16666666666666666,NA,0,NA,0,Whipping Cream,Charm
AF 7,12 Hours,3.7,0,0,5,1,0,1,NA,0.16666666666666666,0.8333333333333334,0.16666666666666666,NA,0,NA,0,Whipping Cream,Charm
AF 7,12 Hours,3.8,0,0,5,1,0,1,NA,0.16666666666666666,0.8333333333333334,0.16666666666666666,NA,0,NA,0,Whipping Cream,Charm
AF 7,12 Hours,3.9,0,0,5,1,0,1,NA,0.16666666666666666,0.8333333333333334,0.16666666666666666,NA,0,NA,0,Whipping Cream,Charm
AF 7,12 Hours,4,0,0,5,1,0,1,NA,0.16666666666666666,0.8333333333333334,0.16666666666666666,NA,0,NA,0,Whipping Cream,Charm
AF 7,12 Hours,4.1000000000000005,0,0,5,1,0,1,NA,0.16666666666666666,0.8333333333333334,0.16666666666666666,NA,0,NA,0,Whipping Cream,Charm
AF 7,12 Hours,4.2,0,0,5,1,0,1,NA,0.16666666666666666,0.8333333333333334,0.16666666666666666,NA,0,NA,0,Whipping Cream,Charm
AF 7,12 Hours,4.3,0,0,5,1,0,1,NA,0.16666666666666666,0.8333333333333334,0.16666666666666666,NA,0,NA,0,Whipping Cream,Charm
AF 7,12 Hours,4.4,0,0,5,1,0,1,NA,0.16666666666666666,0.8333333333333334,0.16666666666666666,NA,0,NA,0,Whipping Cream,Charm
AF 7,12 Hours,4.5,0,0,5,1,0,1,NA,0.16666666666666666,0.8333333333333334,0.16666666666666666,NA,0,NA,0,Whipping Cream,Charm
AF 7,12 Hours,4.6,0,0,5,1,0,1,NA,0.16666666666666666,0.8333333333333334,0.16666666666666666,NA,0,NA,0,Whipping Cream,Charm
AF 7,24 Hours,0.3,5,1,0,0,1,0,0.8333333333333334,NA,0.8333333333333334,0.8333333333333334,0.9090909090909091,0.8333333333333334,NA,0,Whipping Cream,Charm
AF 7,24 Hours,0.4,5,1,0,0,1,0,0.8333333333333334,NA,0.8333333333333334,0.8333333333333334,0.9090909090909091,0.8333333333333334,NA,0,Whipping Cream,Charm
AF 7,24 Hours,0.5,5,0,0,1,1,1,1,1,0.8333333333333334,1,1,1,1,1,Whipping Cream,Charm
AF 7,24 Hours,0.6000000000000001,5,0,0,1,1,1,1,1,0.8333333333333334,1,1,1,1,1,Whipping Cream,Charm
AF 7,24 Hours,0.7,5,0,0,1,1,1,1,1,0.8333333333333334,1,1,1,1,1,Whipping Cream,Charm
AF 7,24 Hours,0.8,5,0,0,1,1,1,1,1,0.8333333333333334,1,1,1,1,1,Whipping Cream,Charm
AF 7,24 Hours,0.9000000000000001,5,0,0,1,1,1,1,1,0.8333333333333334,1,1,1,1,1,Whipping Cream,Charm
AF 7,24 Hours,1,5,0,0,1,1,1,1,1,0.8333333333333334,1,1,1,1,1,Whipping Cream,Charm
AF 7,24 Hours,1.1,5,0,0,1,1,1,1,1,0.8333333333333334,1,1,1,1,1,Whipping Cream,Charm
AF 7,24 Hours,1.2,5,0,0,1,1,1,1,1,0.8333333333333334,1,1,1,1,1,Whipping Cream,Charm
AF 7,24 Hours,1.3,5,0,0,1,1,1,1,1,0.8333333333333334,1,1,1,1,1,Whipping Cream,Charm
AF 7,24 Hours,1.4000000000000001,5,0,0,1,1,1,1,1,0.8333333333333334,1,1,1,1,1,Whipping Cream,Charm
AF 7,24 Hours,1.5000000000000002,5,0,0,1,1,1,1,1,0.8333333333333334,1,1,1,1,1,Whipping Cream,Charm
AF 7,24 Hours,1.6,5,0,0,1,1,1,1,1,0.8333333333333334,1,1,1,1,1,Whipping Cream,Charm
AF 7,24 Hours,1.7000000000000002,5,0,0,1,1,1,1,1,0.8333333333333334,1,1,1,1,1,Whipping Cream,Charm
AF 7,24 Hours,1.8,3,0,2,1,0.6,1,1,0.3333333333333333,0.8333333333333334,0.6666666666666666,0.7499999999999999,0.6,0.44721359549995793,0.6000000000000001,Whipping Cream,Charm
AF 7,24 Hours,1.9000000000000001,3,0,2,1,0.6,1,1,0.3333333333333333,0.8333333333333334,0.6666666666666666,0.7499999999999999,0.6,0.44721359549995793,0.6000000000000001,Whipping Cream,Charm
AF 7,24 Hours,2,2,0,3,1,0.4,1,1,0.25,0.8333333333333334,0.5,0.5714285714285715,0.4,0.31622776601683794,0.3999999999999999,Whipping Cream,Charm
AF 7,24 Hours,2.1,1,0,4,1,0.2,1,1,0.2,0.8333333333333334,0.3333333333333333,0.33333333333333337,0.2,0.2,0.19999999999999996,Whipping Cream,Charm
AF 7,24 Hours,2.2,1,0,4,1,0.2,1,1,0.2,0.8333333333333334,0.3333333333333333,0.33333333333333337,0.2,0.2,0.19999999999999996,Whipping Cream,Charm
AF 7,24 Hours,2.3,0,0,5,1,0,1,NA,0.16666666666666666,0.8333333333333334,0.16666666666666666,NA,0,NA,0,Whipping Cream,Charm
AF 7,24 Hours,2.4,0,0,5,1,0,1,NA,0.16666666666666666,0.8333333333333334,0.16666666666666666,NA,0,NA,0,Whipping Cream,Charm
AF 7,24 Hours,2.5,0,0,5,1,0,1,NA,0.16666666666666666,0.8333333333333334,0.16666666666666666,NA,0,NA,0,Whipping Cream,Charm
AF 7,24 Hours,2.6,0,0,5,1,0,1,NA,0.16666666666666666,0.8333333333333334,0.16666666666666666,NA,0,NA,0,Whipping Cream,Charm
AF 7,24 Hours,2.7,0,0,5,1,0,1,NA,0.16666666666666666,0.8333333333333334,0.16666666666666666,NA,0,NA,0,Whipping Cream,Charm
AF 7,24 Hours,2.8,0,0,5,1,0,1,NA,0.16666666666666666,0.8333333333333334,0.16666666666666666,NA,0,NA,0,Whipping Cream,Charm
AF 7,24 Hours,2.9,0,0,5,1,0,1,NA,0.16666666666666666,0.8333333333333334,0.16666666666666666,NA,0,NA,0,Whipping Cream,Charm
AF 7,24 Hours,3,0,0,5,1,0,1,NA,0.16666666666666666,0.8333333333333334,0.16666666666666666,NA,0,NA,0,Whipping Cream,Charm
AF 7,24 Hours,3.1,0,0,5,1,0,1,NA,0.16666666666666666,0.8333333333333334,0.16666666666666666,NA,0,NA,0,Whipping Cream,Charm
AF 7,24 Hours,3.2,0,0,5,1,0,1,NA,0.16666666666666666,0.8333333333333334,0.16666666666666666,NA,0,NA,0,Whipping Cream,Charm
AF 7,24 Hours,3.3,0,0,5,1,0,1,NA,0.16666666666666666,0.8333333333333334,0.16666666666666666,NA,0,NA,0,Whipping Cream,Charm
AF 7,24 Hours,3.4,0,0,5,1,0,1,NA,0.16666666666666666,0.8333333333333334,0.16666666666666666,NA,0,NA,0,Whipping Cream,Charm
AF 7,24 Hours,3.5,0,0,5,1,0,1,NA,0.16666666666666666,0.8333333333333334,0.16666666666666666,NA,0,NA,0,Whipping Cream,Charm
AF 7,24 Hours,3.6,0,0,5,1,0,1,NA,0.16666666666666666,0.8333333333333334,0.16666666666666666,NA,0,NA,0,Whipping Cream,Charm
AF 7,24 Hours,3.7,0,0,5,1,0,1,NA,0.16666666666666666,0.8333333333333334,0.16666666666666666,NA,0,NA,0,Whipping Cream,Charm
AF 7,24 Hours,3.8,0,0,5,1,0,1,NA,0.16666666666666666,0.8333333333333334,0.16666666666666666,NA,0,NA,0,Whipping Cream,Charm
AF 7,24 Hours,3.9,0,0,5,1,0,1,NA,0.16666666666666666,0.8333333333333334,0.16666666666666666,NA,0,NA,0,Whipping Cream,Charm
AF 7,24 Hours,4,0,0,5,1,0,1,NA,0.16666666666666666,0.8333333333333334,0.16666666666666666,NA,0,NA,0,Whipping Cream,Charm
AF 7,24 Hours,4.1000000000000005,0,0,5,1,0,1,NA,0.16666666666666666,0.8333333333333334,0.16666666666666666,NA,0,NA,0,Whipping Cream,Charm
AF 7,24 Hours,4.2,0,0,5,1,0,1,NA,0.16666666666666666,0.8333333333333334,0.16666666666666666,NA,0,NA,0,Whipping Cream,Charm
AF 7,24 Hours,4.3,0,0,5,1,0,1,NA,0.16666666666666666,0.8333333333333334,0.16666666666666666,NA,0,NA,0,Whipping Cream,Charm
AF 7,24 Hours,4.4,0,0,5,1,0,1,NA,0.16666666666666666,0.8333333333333334,0.16666666666666666,NA,0,NA,0,Whipping Cream,Charm
AF 7,24 Hours,4.5,0,0,5,1,0,1,NA,0.16666666666666666,0.8333333333333334,0.16666666666666666,NA,0,NA,0,Whipping Cream,Charm
AF 7,24 Hours,4.6,0,0,5,1,0,1,NA,0.16666666666666666,0.8333333333333334,0.16666666666666666,NA,0,NA,0,Whipping Cream,Charm
AF 7,48 Hours,0.3,5,1,0,0,1,0,0.8333333333333334,NA,0.8333333333333334,0.8333333333333334,0.9090909090909091,0.8333333333333334,NA,0,Whipping Cream,Charm
AF 7,48 Hours,0.4,5,1,0,0,1,0,0.8333333333333334,NA,0.8333333333333334,0.8333333333333334,0.9090909090909091,0.8333333333333334,NA,0,Whipping Cream,Charm
AF 7,48 Hours,0.5,5,1,0,0,1,0,0.8333333333333334,NA,0.8333333333333334,0.8333333333333334,0.9090909090909091,0.8333333333333334,NA,0,Whipping Cream,Charm
AF 7,48 Hours,0.6000000000000001,5,1,0,0,1,0,0.8333333333333334,NA,0.8333333333333334,0.8333333333333334,0.9090909090909091,0.8333333333333334,NA,0,Whipping Cream,Charm
AF 7,48 Hours,0.7,5,0,0,1,1,1,1,1,0.8333333333333334,1,1,1,1,1,Whipping Cream,Charm
AF 7,48 Hours,0.8,5,0,0,1,1,1,1,1,0.8333333333333334,1,1,1,1,1,Whipping Cream,Charm
AF 7,48 Hours,0.9000000000000001,5,0,0,1,1,1,1,1,0.8333333333333334,1,1,1,1,1,Whipping Cream,Charm
AF 7,48 Hours,1,5,0,0,1,1,1,1,1,0.8333333333333334,1,1,1,1,1,Whipping Cream,Charm
AF 7,48 Hours,1.1,4,0,1,1,0.8,1,1,0.5,0.8333333333333334,0.8333333333333334,0.888888888888889,0.8,0.6324555320336759,0.8,Whipping Cream,Charm
AF 7,48 Hours,1.2,3,0,2,1,0.6,1,1,0.3333333333333333,0.8333333333333334,0.6666666666666666,0.7499999999999999,0.6,0.44721359549995793,0.6000000000000001,Whipping Cream,Charm
AF 7,48 Hours,1.3,3,0,2,1,0.6,1,1,0.3333333333333333,0.8333333333333334,0.6666666666666666,0.7499999999999999,0.6,0.44721359549995793,0.6000000000000001,Whipping Cream,Charm
AF 7,48 Hours,1.4000000000000001,3,0,2,1,0.6,1,1,0.3333333333333333,0.8333333333333334,0.6666666666666666,0.7499999999999999,0.6,0.44721359549995793,0.6000000000000001,Whipping Cream,Charm
AF 7,48 Hours,1.5000000000000002,3,0,2,1,0.6,1,1,0.3333333333333333,0.8333333333333334,0.6666666666666666,0.7499999999999999,0.6,0.44721359549995793,0.6000000000000001,Whipping Cream,Charm
AF 7,48 Hours,1.6,3,0,2,1,0.6,1,1,0.3333333333333333,0.8333333333333334,0.6666666666666666,0.7499999999999999,0.6,0.44721359549995793,0.6000000000000001,Whipping Cream,Charm
AF 7,48 Hours,1.7000000000000002,2,0,3,1,0.4,1,1,0.25,0.8333333333333334,0.5,0.5714285714285715,0.4,0.31622776601683794,0.3999999999999999,Whipping Cream,Charm
AF 7,48 Hours,1.8,1,0,4,1,0.2,1,1,0.2,0.8333333333333334,0.3333333333333333,0.33333333333333337,0.2,0.2,0.19999999999999996,Whipping Cream,Charm
AF 7,48 Hours,1.9000000000000001,1,0,4,1,0.2,1,1,0.2,0.8333333333333334,0.3333333333333333,0.33333333333333337,0.2,0.2,0.19999999999999996,Whipping Cream,Charm
AF 7,48 Hours,2,1,0,4,1,0.2,1,1,0.2,0.8333333333333334,0.3333333333333333,0.33333333333333337,0.2,0.2,0.19999999999999996,Whipping Cream,Charm
AF 7,48 Hours,2.1,1,0,4,1,0.2,1,1,0.2,0.8333333333333334,0.3333333333333333,0.33333333333333337,0.2,0.2,0.19999999999999996,Whipping Cream,Charm
AF 7,48 Hours,2.2,1,0,4,1,0.2,1,1,0.2,0.8333333333333334,0.3333333333333333,0.33333333333333337,0.2,0.2,0.19999999999999996,Whipping Cream,Charm
AF 7,48 Hours,2.3,0,0,5,1,0,1,NA,0.16666666666666666,0.8333333333333334,0.16666666666666666,NA,0,NA,0,Whipping Cream,Charm
AF 7,48 Hours,2.4,0,0,5,1,0,1,NA,0.16666666666666666,0.8333333333333334,0.16666666666666666,NA,0,NA,0,Whipping Cream,Charm
AF 7,48 Hours,2.5,0,0,5,1,0,1,NA,0.16666666666666666,0.8333333333333334,0.16666666666666666,NA,0,NA,0,Whipping Cream,Charm
AF 7,48 Hours,2.6,0,0,5,1,0,1,NA,0.16666666666666666,0.8333333333333334,0.16666666666666666,NA,0,NA,0,Whipping Cream,Charm
AF 7,48 Hours,2.7,0,0,5,1,0,1,NA,0.16666666666666666,0.8333333333333334,0.16666666666666666,NA,0,NA,0,Whipping Cream,Charm
AF 7,48 Hours,2.8,0,0,5,1,0,1,NA,0.16666666666666666,0.8333333333333334,0.16666666666666666,NA,0,NA,0,Whipping Cream,Charm
AF 7,48 Hours,2.9,0,0,5,1,0,1,NA,0.16666666666666666,0.8333333333333334,0.16666666666666666,NA,0,NA,0,Whipping Cream,Charm
AF 7,48 Hours,3,0,0,5,1,0,1,NA,0.16666666666666666,0.8333333333333334,0.16666666666666666,NA,0,NA,0,Whipping Cream,Charm
AF 7,48 Hours,3.1,0,0,5,1,0,1,NA,0.16666666666666666,0.8333333333333334,0.16666666666666666,NA,0,NA,0,Whipping Cream,Charm
AF 7,48 Hours,3.2,0,0,5,1,0,1,NA,0.16666666666666666,0.8333333333333334,0.16666666666666666,NA,0,NA,0,Whipping Cream,Charm
AF 7,48 Hours,3.3,0,0,5,1,0,1,NA,0.16666666666666666,0.8333333333333334,0.16666666666666666,NA,0,NA,0,Whipping Cream,Charm
AF 7,48 Hours,3.4,0,0,5,1,0,1,NA,0.16666666666666666,0.8333333333333334,0.16666666666666666,NA,0,NA,0,Whipping Cream,Charm
AF 7,48 Hours,3.5,0,0,5,1,0,1,NA,0.16666666666666666,0.8333333333333334,0.16666666666666666,NA,0,NA,0,Whipping Cream,Charm
AF 7,48 Hours,3.6,0,0,5,1,0,1,NA,0.16666666666666666,0.8333333333333334,0.16666666666666666,NA,0,NA,0,Whipping Cream,Charm
AF 7,48 Hours,3.7,0,0,5,1,0,1,NA,0.16666666666666666,0.8333333333333334,0.16666666666666666,NA,0,NA,0,Whipping Cream,Charm
AF 7,48 Hours,3.8,0,0,5,1,0,1,NA,0.16666666666666666,0.8333333333333334,0.16666666666666666,NA,0,NA,0,Whipping Cream,Charm
AF 7,48 Hours,3.9,0,0,5,1,0,1,NA,0.16666666666666666,0.8333333333333334,0.16666666666666666,NA,0,NA,0,Whipping Cream,Charm
AF 7,48 Hours,4,0,0,5,1,0,1,NA,0.16666666666666666,0.8333333333333334,0.16666666666666666,NA,0,NA,0,Whipping Cream,Charm
AF 7,48 Hours,4.1000000000000005,0,0,5,1,0,1,NA,0.16666666666666666,0.8333333333333334,0.16666666666666666,NA,0,NA,0,Whipping Cream,Charm
AF 7,48 Hours,4.2,0,0,5,1,0,1,NA,0.16666666666666666,0.8333333333333334,0.16666666666666666,NA,0,NA,0,Whipping Cream,Charm
AF 7,48 Hours,4.3,0,0,5,1,0,1,NA,0.16666666666666666,0.8333333333333334,0.16666666666666666,NA,0,NA,0,Whipping Cream,Charm
AF 7,48 Hours,4.4,0,0,5,1,0,1,NA,0.16666666666666666,0.8333333333333334,0.16666666666666666,NA,0,NA,0,Whipping Cream,Charm
AF 7,48 Hours,4.5,0,0,5,1,0,1,NA,0.16666666666666666,0.8333333333333334,0.16666666666666666,NA,0,NA,0,Whipping Cream,Charm
AF 7,48 Hours,4.6,0,0,5,1,0,1,NA,0.16666666666666666,0.8333333333333334,0.16666666666666666,NA,0,NA,0,Whipping Cream,Charm
AF 7,72 Hours,0.3,5,1,0,0,1,0,0.8333333333333334,NA,0.8333333333333334,0.8333333333333334,0.9090909090909091,0.8333333333333334,NA,0,Whipping Cream,Charm
AF 7,72 Hours,0.4,5,1,0,0,1,0,0.8333333333333334,NA,0.8333333333333334,0.8333333333333334,0.9090909090909091,0.8333333333333334,NA,0,Whipping Cream,Charm
AF 7,72 Hours,0.5,5,0,0,1,1,1,1,1,0.8333333333333334,1,1,1,1,1,Whipping Cream,Charm
AF 7,72 Hours,0.6000000000000001,5,0,0,1,1,1,1,1,0.8333333333333334,1,1,1,1,1,Whipping Cream,Charm
AF 7,72 Hours,0.7,5,0,0,1,1,1,1,1,0.8333333333333334,1,1,1,1,1,Whipping Cream,Charm
AF 7,72 Hours,0.8,5,0,0,1,1,1,1,1,0.8333333333333334,1,1,1,1,1,Whipping Cream,Charm
AF 7,72 Hours,0.9000000000000001,5,0,0,1,1,1,1,1,0.8333333333333334,1,1,1,1,1,Whipping Cream,Charm
AF 7,72 Hours,1,3,0,2,1,0.6,1,1,0.3333333333333333,0.8333333333333334,0.6666666666666666,0.7499999999999999,0.6,0.44721359549995793,0.6000000000000001,Whipping Cream,Charm
AF 7,72 Hours,1.1,3,0,2,1,0.6,1,1,0.3333333333333333,0.8333333333333334,0.6666666666666666,0.7499999999999999,0.6,0.44721359549995793,0.6000000000000001,Whipping Cream,Charm
AF 7,72 Hours,1.2,2,0,3,1,0.4,1,1,0.25,0.8333333333333334,0.5,0.5714285714285715,0.4,0.31622776601683794,0.3999999999999999,Whipping Cream,Charm
AF 7,72 Hours,1.3,2,0,3,1,0.4,1,1,0.25,0.8333333333333334,0.5,0.5714285714285715,0.4,0.31622776601683794,0.3999999999999999,Whipping Cream,Charm
AF 7,72 Hours,1.4000000000000001,2,0,3,1,0.4,1,1,0.25,0.8333333333333334,0.5,0.5714285714285715,0.4,0.31622776601683794,0.3999999999999999,Whipping Cream,Charm
AF 7,72 Hours,1.5000000000000002,1,0,4,1,0.2,1,1,0.2,0.8333333333333334,0.3333333333333333,0.33333333333333337,0.2,0.2,0.19999999999999996,Whipping Cream,Charm
AF 7,72 Hours,1.6,1,0,4,1,0.2,1,1,0.2,0.8333333333333334,0.3333333333333333,0.33333333333333337,0.2,0.2,0.19999999999999996,Whipping Cream,Charm
AF 7,72 Hours,1.7000000000000002,1,0,4,1,0.2,1,1,0.2,0.8333333333333334,0.3333333333333333,0.33333333333333337,0.2,0.2,0.19999999999999996,Whipping Cream,Charm
AF 7,72 Hours,1.8,1,0,4,1,0.2,1,1,0.2,0.8333333333333334,0.3333333333333333,0.33333333333333337,0.2,0.2,0.19999999999999996,Whipping Cream,Charm
AF 7,72 Hours,1.9000000000000001,0,0,5,1,0,1,NA,0.16666666666666666,0.8333333333333334,0.16666666666666666,NA,0,NA,0,Whipping Cream,Charm
AF 7,72 Hours,2,0,0,5,1,0,1,NA,0.16666666666666666,0.8333333333333334,0.16666666666666666,NA,0,NA,0,Whipping Cream,Charm
AF 7,72 Hours,2.1,0,0,5,1,0,1,NA,0.16666666666666666,0.8333333333333334,0.16666666666666666,NA,0,NA,0,Whipping Cream,Charm
AF 7,72 Hours,2.2,0,0,5,1,0,1,NA,0.16666666666666666,0.8333333333333334,0.16666666666666666,NA,0,NA,0,Whipping Cream,Charm
AF 7,72 Hours,2.3,0,0,5,1,0,1,NA,0.16666666666666666,0.8333333333333334,0.16666666666666666,NA,0,NA,0,Whipping Cream,Charm
AF 7,72 Hours,2.4,0,0,5,1,0,1,NA,0.16666666666666666,0.8333333333333334,0.16666666666666666,NA,0,NA,0,Whipping Cream,Charm
AF 7,72 Hours,2.5,0,0,5,1,0,1,NA,0.16666666666666666,0.8333333333333334,0.16666666666666666,NA,0,NA,0,Whipping Cream,Charm
AF 7,72 Hours,2.6,0,0,5,1,0,1,NA,0.16666666666666666,0.8333333333333334,0.16666666666666666,NA,0,NA,0,Whipping Cream,Charm
AF 7,72 Hours,2.7,0,0,5,1,0,1,NA,0.16666666666666666,0.8333333333333334,0.16666666666666666,NA,0,NA,0,Whipping Cream,Charm
AF 7,72 Hours,2.8,0,0,5,1,0,1,NA,0.16666666666666666,0.8333333333333334,0.16666666666666666,NA,0,NA,0,Whipping Cream,Charm
AF 7,72 Hours,2.9,0,0,5,1,0,1,NA,0.16666666666666666,0.8333333333333334,0.16666666666666666,NA,0,NA,0,Whipping Cream,Charm
AF 7,72 Hours,3,0,0,5,1,0,1,NA,0.16666666666666666,0.8333333333333334,0.16666666666666666,NA,0,NA,0,Whipping Cream,Charm
AF 7,72 Hours,3.1,0,0,5,1,0,1,NA,0.16666666666666666,0.8333333333333334,0.16666666666666666,NA,0,NA,0,Whipping Cream,Charm
AF 7,72 Hours,3.2,0,0,5,1,0,1,NA,0.16666666666666666,0.8333333333333334,0.16666666666666666,NA,0,NA,0,Whipping Cream,Charm
AF 7,72 Hours,3.3,0,0,5,1,0,1,NA,0.16666666666666666,0.8333333333333334,0.16666666666666666,NA,0,NA,0,Whipping Cream,Charm
AF 7,72 Hours,3.4,0,0,5,1,0,1,NA,0.16666666666666666,0.8333333333333334,0.16666666666666666,NA,0,NA,0,Whipping Cream,Charm
AF 7,72 Hours,3.5,0,0,5,1,0,1,NA,0.16666666666666666,0.8333333333333334,0.16666666666666666,NA,0,NA,0,Whipping Cream,Charm
AF 7,72 Hours,3.6,0,0,5,1,0,1,NA,0.16666666666666666,0.8333333333333334,0.16666666666666666,NA,0,NA,0,Whipping Cream,Charm
AF 7,72 Hours,3.7,0,0,5,1,0,1,NA,0.16666666666666666,0.8333333333333334,0.16666666666666666,NA,0,NA,0,Whipping Cream,Charm
AF 7,72 Hours,3.8,0,0,5,1,0,1,NA,0.16666666666666666,0.8333333333333334,0.16666666666666666,NA,0,NA,0,Whipping Cream,Charm
AF 7,72 Hours,3.9,0,0,5,1,0,1,NA,0.16666666666666666,0.8333333333333334,0.16666666666666666,NA,0,NA,0,Whipping Cream,Charm
AF 7,72 Hours,4,0,0,5,1,0,1,NA,0.16666666666666666,0.8333333333333334,0.16666666666666666,NA,0,NA,0,Whipping Cream,Charm
AF 7,72 Hours,4.1000000000000005,0,0,5,1,0,1,NA,0.16666666666666666,0.8333333333333334,0.16666666666666666,NA,0,NA,0,Whipping Cream,Charm
AF 7,72 Hours,4.2,0,0,5,1,0,1,NA,0.16666666666666666,0.8333333333333334,0.16666666666666666,NA,0,NA,0,Whipping Cream,Charm
AF 7,72 Hours,4.3,0,0,5,1,0,1,NA,0.16666666666666666,0.8333333333333334,0.16666666666666666,NA,0,NA,0,Whipping Cream,Charm
AF 7,72 Hours,4.4,0,0,5,1,0,1,NA,0.16666666666666666,0.8333333333333334,0.16666666666666666,NA,0,NA,0,Whipping Cream,Charm
AF 7,72 Hours,4.5,0,0,5,1,0,1,NA,0.16666666666666666,0.8333333333333334,0.16666666666666666,NA,0,NA,0,Whipping Cream,Charm
AF 7,72 Hours,4.6,0,0,5,1,0,1,NA,0.16666666666666666,0.8333333333333334,0.16666666666666666,NA,0,NA,0,Whipping Cream,Charm
AF 8,12 Hours,0.3,5,1,0,0,1,0,0.8333333333333334,NA,0.8333333333333334,0.8333333333333334,0.9090909090909091,0.8333333333333334,NA,0,Whipping Cream,Charm
AF 8,12 Hours,0.4,5,1,0,0,1,0,0.8333333333333334,NA,0.8333333333333334,0.8333333333333334,0.9090909090909091,0.8333333333333334,NA,0,Whipping Cream,Charm
AF 8,12 Hours,0.5,5,1,0,0,1,0,0.8333333333333334,NA,0.8333333333333334,0.8333333333333334,0.9090909090909091,0.8333333333333334,NA,0,Whipping Cream,Charm
AF 8,12 Hours,0.6000000000000001,5,1,0,0,1,0,0.8333333333333334,NA,0.8333333333333334,0.8333333333333334,0.9090909090909091,0.8333333333333334,NA,0,Whipping Cream,Charm
AF 8,12 Hours,0.7,5,0,0,1,1,1,1,1,0.8333333333333334,1,1,1,1,1,Whipping Cream,Charm
AF 8,12 Hours,0.8,3,0,2,1,0.6,1,1,0.3333333333333333,0.8333333333333334,0.6666666666666666,0.7499999999999999,0.6,0.44721359549995793,0.6000000000000001,Whipping Cream,Charm
AF 8,12 Hours,0.9000000000000001,1,0,4,1,0.2,1,1,0.2,0.8333333333333334,0.3333333333333333,0.33333333333333337,0.2,0.2,0.19999999999999996,Whipping Cream,Charm
AF 8,12 Hours,1,0,0,5,1,0,1,NA,0.16666666666666666,0.8333333333333334,0.16666666666666666,NA,0,NA,0,Whipping Cream,Charm
AF 8,12 Hours,1.1,0,0,5,1,0,1,NA,0.16666666666666666,0.8333333333333334,0.16666666666666666,NA,0,NA,0,Whipping Cream,Charm
AF 8,12 Hours,1.2,0,0,5,1,0,1,NA,0.16666666666666666,0.8333333333333334,0.16666666666666666,NA,0,NA,0,Whipping Cream,Charm
AF 8,12 Hours,1.3,0,0,5,1,0,1,NA,0.16666666666666666,0.8333333333333334,0.16666666666666666,NA,0,NA,0,Whipping Cream,Charm
AF 8,12 Hours,1.4000000000000001,0,0,5,1,0,1,NA,0.16666666666666666,0.8333333333333334,0.16666666666666666,NA,0,NA,0,Whipping Cream,Charm
AF 8,12 Hours,1.5000000000000002,0,0,5,1,0,1,NA,0.16666666666666666,0.8333333333333334,0.16666666666666666,NA,0,NA,0,Whipping Cream,Charm
AF 8,12 Hours,1.6,0,0,5,1,0,1,NA,0.16666666666666666,0.8333333333333334,0.16666666666666666,NA,0,NA,0,Whipping Cream,Charm
AF 8,12 Hours,1.7000000000000002,0,0,5,1,0,1,NA,0.16666666666666666,0.8333333333333334,0.16666666666666666,NA,0,NA,0,Whipping Cream,Charm
AF 8,12 Hours,1.8,0,0,5,1,0,1,NA,0.16666666666666666,0.8333333333333334,0.16666666666666666,NA,0,NA,0,Whipping Cream,Charm
AF 8,12 Hours,1.9000000000000001,0,0,5,1,0,1,NA,0.16666666666666666,0.8333333333333334,0.16666666666666666,NA,0,NA,0,Whipping Cream,Charm
AF 8,12 Hours,2,0,0,5,1,0,1,NA,0.16666666666666666,0.8333333333333334,0.16666666666666666,NA,0,NA,0,Whipping Cream,Charm
AF 8,12 Hours,2.1,0,0,5,1,0,1,NA,0.16666666666666666,0.8333333333333334,0.16666666666666666,NA,0,NA,0,Whipping Cream,Charm
AF 8,12 Hours,2.2,0,0,5,1,0,1,NA,0.16666666666666666,0.8333333333333334,0.16666666666666666,NA,0,NA,0,Whipping Cream,Charm
AF 8,12 Hours,2.3,0,0,5,1,0,1,NA,0.16666666666666666,0.8333333333333334,0.16666666666666666,NA,0,NA,0,Whipping Cream,Charm
AF 8,12 Hours,2.4,0,0,5,1,0,1,NA,0.16666666666666666,0.8333333333333334,0.16666666666666666,NA,0,NA,0,Whipping Cream,Charm
AF 8,12 Hours,2.5,0,0,5,1,0,1,NA,0.16666666666666666,0.8333333333333334,0.16666666666666666,NA,0,NA,0,Whipping Cream,Charm
AF 8,12 Hours,2.6,0,0,5,1,0,1,NA,0.16666666666666666,0.8333333333333334,0.16666666666666666,NA,0,NA,0,Whipping Cream,Charm
AF 8,12 Hours,2.7,0,0,5,1,0,1,NA,0.16666666666666666,0.8333333333333334,0.16666666666666666,NA,0,NA,0,Whipping Cream,Charm
AF 8,12 Hours,2.8,0,0,5,1,0,1,NA,0.16666666666666666,0.8333333333333334,0.16666666666666666,NA,0,NA,0,Whipping Cream,Charm
AF 8,12 Hours,2.9,0,0,5,1,0,1,NA,0.16666666666666666,0.8333333333333334,0.16666666666666666,NA,0,NA,0,Whipping Cream,Charm
AF 8,12 Hours,3,0,0,5,1,0,1,NA,0.16666666666666666,0.8333333333333334,0.16666666666666666,NA,0,NA,0,Whipping Cream,Charm
AF 8,12 Hours,3.1,0,0,5,1,0,1,NA,0.16666666666666666,0.8333333333333334,0.16666666666666666,NA,0,NA,0,Whipping Cream,Charm
AF 8,12 Hours,3.2,0,0,5,1,0,1,NA,0.16666666666666666,0.8333333333333334,0.16666666666666666,NA,0,NA,0,Whipping Cream,Charm
AF 8,12 Hours,3.3,0,0,5,1,0,1,NA,0.16666666666666666,0.8333333333333334,0.16666666666666666,NA,0,NA,0,Whipping Cream,Charm
AF 8,12 Hours,3.4,0,0,5,1,0,1,NA,0.16666666666666666,0.8333333333333334,0.16666666666666666,NA,0,NA,0,Whipping Cream,Charm
AF 8,12 Hours,3.5,0,0,5,1,0,1,NA,0.16666666666666666,0.8333333333333334,0.16666666666666666,NA,0,NA,0,Whipping Cream,Charm
AF 8,12 Hours,3.6,0,0,5,1,0,1,NA,0.16666666666666666,0.8333333333333334,0.16666666666666666,NA,0,NA,0,Whipping Cream,Charm
AF 8,12 Hours,3.7,0,0,5,1,0,1,NA,0.16666666666666666,0.8333333333333334,0.16666666666666666,NA,0,NA,0,Whipping Cream,Charm
AF 8,12 Hours,3.8,0,0,5,1,0,1,NA,0.16666666666666666,0.8333333333333334,0.16666666666666666,NA,0,NA,0,Whipping Cream,Charm
AF 8,12 Hours,3.9,0,0,5,1,0,1,NA,0.16666666666666666,0.8333333333333334,0.16666666666666666,NA,0,NA,0,Whipping Cream,Charm
AF 8,12 Hours,4,0,0,5,1,0,1,NA,0.16666666666666666,0.8333333333333334,0.16666666666666666,NA,0,NA,0,Whipping Cream,Charm
AF 8,12 Hours,4.1000000000000005,0,0,5,1,0,1,NA,0.16666666666666666,0.8333333333333334,0.16666666666666666,NA,0,NA,0,Whipping Cream,Charm
AF 8,12 Hours,4.2,0,0,5,1,0,1,NA,0.16666666666666666,0.8333333333333334,0.16666666666666666,NA,0,NA,0,Whipping Cream,Charm
AF 8,12 Hours,4.3,0,0,5,1,0,1,NA,0.16666666666666666,0.8333333333333334,0.16666666666666666,NA,0,NA,0,Whipping Cream,Charm
AF 8,12 Hours,4.4,0,0,5,1,0,1,NA,0.16666666666666666,0.8333333333333334,0.16666666666666666,NA,0,NA,0,Whipping Cream,Charm
AF 8,12 Hours,4.5,0,0,5,1,0,1,NA,0.16666666666666666,0.8333333333333334,0.16666666666666666,NA,0,NA,0,Whipping Cream,Charm
AF 8,12 Hours,4.6,0,0,5,1,0,1,NA,0.16666666666666666,0.8333333333333334,0.16666666666666666,NA,0,NA,0,Whipping Cream,Charm
AF 8,24 Hours,0.3,5,1,0,0,1,0,0.8333333333333334,NA,0.8333333333333334,0.8333333333333334,0.9090909090909091,0.8333333333333334,NA,0,Whipping Cream,Charm
AF 8,24 Hours,0.4,5,1,0,0,1,0,0.8333333333333334,NA,0.8333333333333334,0.8333333333333334,0.9090909090909091,0.8333333333333334,NA,0,Whipping Cream,Charm
AF 8,24 Hours,0.5,5,1,0,0,1,0,0.8333333333333334,NA,0.8333333333333334,0.8333333333333334,0.9090909090909091,0.8333333333333334,NA,0,Whipping Cream,Charm
AF 8,24 Hours,0.6000000000000001,5,1,0,0,1,0,0.8333333333333334,NA,0.8333333333333334,0.8333333333333334,0.9090909090909091,0.8333333333333334,NA,0,Whipping Cream,Charm
AF 8,24 Hours,0.7,4,0,1,1,0.8,1,1,0.5,0.8333333333333334,0.8333333333333334,0.888888888888889,0.8,0.6324555320336759,0.8,Whipping Cream,Charm
AF 8,24 Hours,0.8,4,0,1,1,0.8,1,1,0.5,0.8333333333333334,0.8333333333333334,0.888888888888889,0.8,0.6324555320336759,0.8,Whipping Cream,Charm
AF 8,24 Hours,0.9000000000000001,4,0,1,1,0.8,1,1,0.5,0.8333333333333334,0.8333333333333334,0.888888888888889,0.8,0.6324555320336759,0.8,Whipping Cream,Charm
AF 8,24 Hours,1,1,0,4,1,0.2,1,1,0.2,0.8333333333333334,0.3333333333333333,0.33333333333333337,0.2,0.2,0.19999999999999996,Whipping Cream,Charm
AF 8,24 Hours,1.1,1,0,4,1,0.2,1,1,0.2,0.8333333333333334,0.3333333333333333,0.33333333333333337,0.2,0.2,0.19999999999999996,Whipping Cream,Charm
AF 8,24 Hours,1.2,1,0,4,1,0.2,1,1,0.2,0.8333333333333334,0.3333333333333333,0.33333333333333337,0.2,0.2,0.19999999999999996,Whipping Cream,Charm
AF 8,24 Hours,1.3,1,0,4,1,0.2,1,1,0.2,0.8333333333333334,0.3333333333333333,0.33333333333333337,0.2,0.2,0.19999999999999996,Whipping Cream,Charm
AF 8,24 Hours,1.4000000000000001,1,0,4,1,0.2,1,1,0.2,0.8333333333333334,0.3333333333333333,0.33333333333333337,0.2,0.2,0.19999999999999996,Whipping Cream,Charm
AF 8,24 Hours,1.5000000000000002,1,0,4,1,0.2,1,1,0.2,0.8333333333333334,0.3333333333333333,0.33333333333333337,0.2,0.2,0.19999999999999996,Whipping Cream,Charm
AF 8,24 Hours,1.6,1,0,4,1,0.2,1,1,0.2,0.8333333333333334,0.3333333333333333,0.33333333333333337,0.2,0.2,0.19999999999999996,Whipping Cream,Charm
AF 8,24 Hours,1.7000000000000002,0,0,5,1,0,1,NA,0.16666666666666666,0.8333333333333334,0.16666666666666666,NA,0,NA,0,Whipping Cream,Charm
AF 8,24 Hours,1.8,0,0,5,1,0,1,NA,0.16666666666666666,0.8333333333333334,0.16666666666666666,NA,0,NA,0,Whipping Cream,Charm
AF 8,24 Hours,1.9000000000000001,0,0,5,1,0,1,NA,0.16666666666666666,0.8333333333333334,0.16666666666666666,NA,0,NA,0,Whipping Cream,Charm
AF 8,24 Hours,2,0,0,5,1,0,1,NA,0.16666666666666666,0.8333333333333334,0.16666666666666666,NA,0,NA,0,Whipping Cream,Charm
AF 8,24 Hours,2.1,0,0,5,1,0,1,NA,0.16666666666666666,0.8333333333333334,0.16666666666666666,NA,0,NA,0,Whipping Cream,Charm
AF 8,24 Hours,2.2,0,0,5,1,0,1,NA,0.16666666666666666,0.8333333333333334,0.16666666666666666,NA,0,NA,0,Whipping Cream,Charm
AF 8,24 Hours,2.3,0,0,5,1,0,1,NA,0.16666666666666666,0.8333333333333334,0.16666666666666666,NA,0,NA,0,Whipping Cream,Charm
AF 8,24 Hours,2.4,0,0,5,1,0,1,NA,0.16666666666666666,0.8333333333333334,0.16666666666666666,NA,0,NA,0,Whipping Cream,Charm
AF 8,24 Hours,2.5,0,0,5,1,0,1,NA,0.16666666666666666,0.8333333333333334,0.16666666666666666,NA,0,NA,0,Whipping Cream,Charm
AF 8,24 Hours,2.6,0,0,5,1,0,1,NA,0.16666666666666666,0.8333333333333334,0.16666666666666666,NA,0,NA,0,Whipping Cream,Charm
AF 8,24 Hours,2.7,0,0,5,1,0,1,NA,0.16666666666666666,0.8333333333333334,0.16666666666666666,NA,0,NA,0,Whipping Cream,Charm
AF 8,24 Hours,2.8,0,0,5,1,0,1,NA,0.16666666666666666,0.8333333333333334,0.16666666666666666,NA,0,NA,0,Whipping Cream,Charm
AF 8,24 Hours,2.9,0,0,5,1,0,1,NA,0.16666666666666666,0.8333333333333334,0.16666666666666666,NA,0,NA,0,Whipping Cream,Charm
AF 8,24 Hours,3,0,0,5,1,0,1,NA,0.16666666666666666,0.8333333333333334,0.16666666666666666,NA,0,NA,0,Whipping Cream,Charm
AF 8,24 Hours,3.1,0,0,5,1,0,1,NA,0.16666666666666666,0.8333333333333334,0.16666666666666666,NA,0,NA,0,Whipping Cream,Charm
AF 8,24 Hours,3.2,0,0,5,1,0,1,NA,0.16666666666666666,0.8333333333333334,0.16666666666666666,NA,0,NA,0,Whipping Cream,Charm
AF 8,24 Hours,3.3,0,0,5,1,0,1,NA,0.16666666666666666,0.8333333333333334,0.16666666666666666,NA,0,NA,0,Whipping Cream,Charm
AF 8,24 Hours,3.4,0,0,5,1,0,1,NA,0.16666666666666666,0.8333333333333334,0.16666666666666666,NA,0,NA,0,Whipping Cream,Charm
AF 8,24 Hours,3.5,0,0,5,1,0,1,NA,0.16666666666666666,0.8333333333333334,0.16666666666666666,NA,0,NA,0,Whipping Cream,Charm
AF 8,24 Hours,3.6,0,0,5,1,0,1,NA,0.16666666666666666,0.8333333333333334,0.16666666666666666,NA,0,NA,0,Whipping Cream,Charm
AF 8,24 Hours,3.7,0,0,5,1,0,1,NA,0.16666666666666666,0.8333333333333334,0.16666666666666666,NA,0,NA,0,Whipping Cream,Charm
AF 8,24 Hours,3.8,0,0,5,1,0,1,NA,0.16666666666666666,0.8333333333333334,0.16666666666666666,NA,0,NA,0,Whipping Cream,Charm
AF 8,24 Hours,3.9,0,0,5,1,0,1,NA,0.16666666666666666,0.8333333333333334,0.16666666666666666,NA,0,NA,0,Whipping Cream,Charm
AF 8,24 Hours,4,0,0,5,1,0,1,NA,0.16666666666666666,0.8333333333333334,0.16666666666666666,NA,0,NA,0,Whipping Cream,Charm
AF 8,24 Hours,4.1000000000000005,0,0,5,1,0,1,NA,0.16666666666666666,0.8333333333333334,0.16666666666666666,NA,0,NA,0,Whipping Cream,Charm
AF 8,24 Hours,4.2,0,0,5,1,0,1,NA,0.16666666666666666,0.8333333333333334,0.16666666666666666,NA,0,NA,0,Whipping Cream,Charm
AF 8,24 Hours,4.3,0,0,5,1,0,1,NA,0.16666666666666666,0.8333333333333334,0.16666666666666666,NA,0,NA,0,Whipping Cream,Charm
AF 8,24 Hours,4.4,0,0,5,1,0,1,NA,0.16666666666666666,0.8333333333333334,0.16666666666666666,NA,0,NA,0,Whipping Cream,Charm
AF 8,24 Hours,4.5,0,0,5,1,0,1,NA,0.16666666666666666,0.8333333333333334,0.16666666666666666,NA,0,NA,0,Whipping Cream,Charm
AF 8,24 Hours,4.6,0,0,5,1,0,1,NA,0.16666666666666666,0.8333333333333334,0.16666666666666666,NA,0,NA,0,Whipping Cream,Charm
AF 8,48 Hours,0.3,5,1,0,0,1,0,0.8333333333333334,NA,0.8333333333333334,0.8333333333333334,0.9090909090909091,0.8333333333333334,NA,0,Whipping Cream,Charm
AF 8,48 Hours,0.4,5,1,0,0,1,0,0.8333333333333334,NA,0.8333333333333334,0.8333333333333334,0.9090909090909091,0.8333333333333334,NA,0,Whipping Cream,Charm
AF 8,48 Hours,0.5,3,0,2,1,0.6,1,1,0.3333333333333333,0.8333333333333334,0.6666666666666666,0.7499999999999999,0.6,0.44721359549995793,0.6000000000000001,Whipping Cream,Charm
AF 8,48 Hours,0.6000000000000001,3,0,2,1,0.6,1,1,0.3333333333333333,0.8333333333333334,0.6666666666666666,0.7499999999999999,0.6,0.44721359549995793,0.6000000000000001,Whipping Cream,Charm
AF 8,48 Hours,0.7,1,0,4,1,0.2,1,1,0.2,0.8333333333333334,0.3333333333333333,0.33333333333333337,0.2,0.2,0.19999999999999996,Whipping Cream,Charm
AF 8,48 Hours,0.8,1,0,4,1,0.2,1,1,0.2,0.8333333333333334,0.3333333333333333,0.33333333333333337,0.2,0.2,0.19999999999999996,Whipping Cream,Charm
AF 8,48 Hours,0.9000000000000001,1,0,4,1,0.2,1,1,0.2,0.8333333333333334,0.3333333333333333,0.33333333333333337,0.2,0.2,0.19999999999999996,Whipping Cream,Charm
AF 8,48 Hours,1,1,0,4,1,0.2,1,1,0.2,0.8333333333333334,0.3333333333333333,0.33333333333333337,0.2,0.2,0.19999999999999996,Whipping Cream,Charm
AF 8,48 Hours,1.1,1,0,4,1,0.2,1,1,0.2,0.8333333333333334,0.3333333333333333,0.33333333333333337,0.2,0.2,0.19999999999999996,Whipping Cream,Charm
AF 8,48 Hours,1.2,1,0,4,1,0.2,1,1,0.2,0.8333333333333334,0.3333333333333333,0.33333333333333337,0.2,0.2,0.19999999999999996,Whipping Cream,Charm
AF 8,48 Hours,1.3,1,0,4,1,0.2,1,1,0.2,0.8333333333333334,0.3333333333333333,0.33333333333333337,0.2,0.2,0.19999999999999996,Whipping Cream,Charm
AF 8,48 Hours,1.4000000000000001,0,0,5,1,0,1,NA,0.16666666666666666,0.8333333333333334,0.16666666666666666,NA,0,NA,0,Whipping Cream,Charm
AF 8,48 Hours,1.5000000000000002,0,0,5,1,0,1,NA,0.16666666666666666,0.8333333333333334,0.16666666666666666,NA,0,NA,0,Whipping Cream,Charm
AF 8,48 Hours,1.6,0,0,5,1,0,1,NA,0.16666666666666666,0.8333333333333334,0.16666666666666666,NA,0,NA,0,Whipping Cream,Charm
AF 8,48 Hours,1.7000000000000002,0,0,5,1,0,1,NA,0.16666666666666666,0.8333333333333334,0.16666666666666666,NA,0,NA,0,Whipping Cream,Charm
AF 8,48 Hours,1.8,0,0,5,1,0,1,NA,0.16666666666666666,0.8333333333333334,0.16666666666666666,NA,0,NA,0,Whipping Cream,Charm
AF 8,48 Hours,1.9000000000000001,0,0,5,1,0,1,NA,0.16666666666666666,0.8333333333333334,0.16666666666666666,NA,0,NA,0,Whipping Cream,Charm
AF 8,48 Hours,2,0,0,5,1,0,1,NA,0.16666666666666666,0.8333333333333334,0.16666666666666666,NA,0,NA,0,Whipping Cream,Charm
AF 8,48 Hours,2.1,0,0,5,1,0,1,NA,0.16666666666666666,0.8333333333333334,0.16666666666666666,NA,0,NA,0,Whipping Cream,Charm
AF 8,48 Hours,2.2,0,0,5,1,0,1,NA,0.16666666666666666,0.8333333333333334,0.16666666666666666,NA,0,NA,0,Whipping Cream,Charm
AF 8,48 Hours,2.3,0,0,5,1,0,1,NA,0.16666666666666666,0.8333333333333334,0.16666666666666666,NA,0,NA,0,Whipping Cream,Charm
AF 8,48 Hours,2.4,0,0,5,1,0,1,NA,0.16666666666666666,0.8333333333333334,0.16666666666666666,NA,0,NA,0,Whipping Cream,Charm
AF 8,48 Hours,2.5,0,0,5,1,0,1,NA,0.16666666666666666,0.8333333333333334,0.16666666666666666,NA,0,NA,0,Whipping Cream,Charm
AF 8,48 Hours,2.6,0,0,5,1,0,1,NA,0.16666666666666666,0.8333333333333334,0.16666666666666666,NA,0,NA,0,Whipping Cream,Charm
AF 8,48 Hours,2.7,0,0,5,1,0,1,NA,0.16666666666666666,0.8333333333333334,0.16666666666666666,NA,0,NA,0,Whipping Cream,Charm
AF 8,48 Hours,2.8,0,0,5,1,0,1,NA,0.16666666666666666,0.8333333333333334,0.16666666666666666,NA,0,NA,0,Whipping Cream,Charm
AF 8,48 Hours,2.9,0,0,5,1,0,1,NA,0.16666666666666666,0.8333333333333334,0.16666666666666666,NA,0,NA,0,Whipping Cream,Charm
AF 8,48 Hours,3,0,0,5,1,0,1,NA,0.16666666666666666,0.8333333333333334,0.16666666666666666,NA,0,NA,0,Whipping Cream,Charm
AF 8,48 Hours,3.1,0,0,5,1,0,1,NA,0.16666666666666666,0.8333333333333334,0.16666666666666666,NA,0,NA,0,Whipping Cream,Charm
AF 8,48 Hours,3.2,0,0,5,1,0,1,NA,0.16666666666666666,0.8333333333333334,0.16666666666666666,NA,0,NA,0,Whipping Cream,Charm
AF 8,48 Hours,3.3,0,0,5,1,0,1,NA,0.16666666666666666,0.8333333333333334,0.16666666666666666,NA,0,NA,0,Whipping Cream,Charm
AF 8,48 Hours,3.4,0,0,5,1,0,1,NA,0.16666666666666666,0.8333333333333334,0.16666666666666666,NA,0,NA,0,Whipping Cream,Charm
AF 8,48 Hours,3.5,0,0,5,1,0,1,NA,0.16666666666666666,0.8333333333333334,0.16666666666666666,NA,0,NA,0,Whipping Cream,Charm
AF 8,48 Hours,3.6,0,0,5,1,0,1,NA,0.16666666666666666,0.8333333333333334,0.16666666666666666,NA,0,NA,0,Whipping Cream,Charm
AF 8,48 Hours,3.7,0,0,5,1,0,1,NA,0.16666666666666666,0.8333333333333334,0.16666666666666666,NA,0,NA,0,Whipping Cream,Charm
AF 8,48 Hours,3.8,0,0,5,1,0,1,NA,0.16666666666666666,0.8333333333333334,0.16666666666666666,NA,0,NA,0,Whipping Cream,Charm
AF 8,48 Hours,3.9,0,0,5,1,0,1,NA,0.16666666666666666,0.8333333333333334,0.16666666666666666,NA,0,NA,0,Whipping Cream,Charm
AF 8,48 Hours,4,0,0,5,1,0,1,NA,0.16666666666666666,0.8333333333333334,0.16666666666666666,NA,0,NA,0,Whipping Cream,Charm
AF 8,48 Hours,4.1000000000000005,0,0,5,1,0,1,NA,0.16666666666666666,0.8333333333333334,0.16666666666666666,NA,0,NA,0,Whipping Cream,Charm
AF 8,48 Hours,4.2,0,0,5,1,0,1,NA,0.16666666666666666,0.8333333333333334,0.16666666666666666,NA,0,NA,0,Whipping Cream,Charm
AF 8,48 Hours,4.3,0,0,5,1,0,1,NA,0.16666666666666666,0.8333333333333334,0.16666666666666666,NA,0,NA,0,Whipping Cream,Charm
AF 8,48 Hours,4.4,0,0,5,1,0,1,NA,0.16666666666666666,0.8333333333333334,0.16666666666666666,NA,0,NA,0,Whipping Cream,Charm
AF 8,48 Hours,4.5,0,0,5,1,0,1,NA,0.16666666666666666,0.8333333333333334,0.16666666666666666,NA,0,NA,0,Whipping Cream,Charm
AF 8,48 Hours,4.6,0,0,5,1,0,1,NA,0.16666666666666666,0.8333333333333334,0.16666666666666666,NA,0,NA,0,Whipping Cream,Charm
AF 8,72 Hours,0.3,5,1,0,0,1,0,0.8333333333333334,NA,0.8333333333333334,0.8333333333333334,0.9090909090909091,0.8333333333333334,NA,0,Whipping Cream,Charm
AF 8,72 Hours,0.4,5,0,0,1,1,1,1,1,0.8333333333333334,1,1,1,1,1,Whipping Cream,Charm
AF 8,72 Hours,0.5,5,0,0,1,1,1,1,1,0.8333333333333334,1,1,1,1,1,Whipping Cream,Charm
AF 8,72 Hours,0.6000000000000001,5,0,0,1,1,1,1,1,0.8333333333333334,1,1,1,1,1,Whipping Cream,Charm
AF 8,72 Hours,0.7,5,0,0,1,1,1,1,1,0.8333333333333334,1,1,1,1,1,Whipping Cream,Charm
AF 8,72 Hours,0.8,5,0,0,1,1,1,1,1,0.8333333333333334,1,1,1,1,1,Whipping Cream,Charm
AF 8,72 Hours,0.9000000000000001,5,0,0,1,1,1,1,1,0.8333333333333334,1,1,1,1,1,Whipping Cream,Charm
AF 8,72 Hours,1,5,0,0,1,1,1,1,1,0.8333333333333334,1,1,1,1,1,Whipping Cream,Charm
AF 8,72 Hours,1.1,5,0,0,1,1,1,1,1,0.8333333333333334,1,1,1,1,1,Whipping Cream,Charm
AF 8,72 Hours,1.2,5,0,0,1,1,1,1,1,0.8333333333333334,1,1,1,1,1,Whipping Cream,Charm
AF 8,72 Hours,1.3,5,0,0,1,1,1,1,1,0.8333333333333334,1,1,1,1,1,Whipping Cream,Charm
AF 8,72 Hours,1.4000000000000001,5,0,0,1,1,1,1,1,0.8333333333333334,1,1,1,1,1,Whipping Cream,Charm
AF 8,72 Hours,1.5000000000000002,5,0,0,1,1,1,1,1,0.8333333333333334,1,1,1,1,1,Whipping Cream,Charm
AF 8,72 Hours,1.6,4,0,1,1,0.8,1,1,0.5,0.8333333333333334,0.8333333333333334,0.888888888888889,0.8,0.6324555320336759,0.8,Whipping Cream,Charm
AF 8,72 Hours,1.7000000000000002,4,0,1,1,0.8,1,1,0.5,0.8333333333333334,0.8333333333333334,0.888888888888889,0.8,0.6324555320336759,0.8,Whipping Cream,Charm
AF 8,72 Hours,1.8,2,0,3,1,0.4,1,1,0.25,0.8333333333333334,0.5,0.5714285714285715,0.4,0.31622776601683794,0.3999999999999999,Whipping Cream,Charm
AF 8,72 Hours,1.9000000000000001,2,0,3,1,0.4,1,1,0.25,0.8333333333333334,0.5,0.5714285714285715,0.4,0.31622776601683794,0.3999999999999999,Whipping Cream,Charm
AF 8,72 Hours,2,2,0,3,1,0.4,1,1,0.25,0.8333333333333334,0.5,0.5714285714285715,0.4,0.31622776601683794,0.3999999999999999,Whipping Cream,Charm
AF 8,72 Hours,2.1,2,0,3,1,0.4,1,1,0.25,0.8333333333333334,0.5,0.5714285714285715,0.4,0.31622776601683794,0.3999999999999999,Whipping Cream,Charm
AF 8,72 Hours,2.2,1,0,4,1,0.2,1,1,0.2,0.8333333333333334,0.3333333333333333,0.33333333333333337,0.2,0.2,0.19999999999999996,Whipping Cream,Charm
AF 8,72 Hours,2.3,0,0,5,1,0,1,NA,0.16666666666666666,0.8333333333333334,0.16666666666666666,NA,0,NA,0,Whipping Cream,Charm
AF 8,72 Hours,2.4,0,0,5,1,0,1,NA,0.16666666666666666,0.8333333333333334,0.16666666666666666,NA,0,NA,0,Whipping Cream,Charm
AF 8,72 Hours,2.5,0,0,5,1,0,1,NA,0.16666666666666666,0.8333333333333334,0.16666666666666666,NA,0,NA,0,Whipping Cream,Charm
AF 8,72 Hours,2.6,0,0,5,1,0,1,NA,0.16666666666666666,0.8333333333333334,0.16666666666666666,NA,0,NA,0,Whipping Cream,Charm
AF 8,72 Hours,2.7,0,0,5,1,0,1,NA,0.16666666666666666,0.8333333333333334,0.16666666666666666,NA,0,NA,0,Whipping Cream,Charm
AF 8,72 Hours,2.8,0,0,5,1,0,1,NA,0.16666666666666666,0.8333333333333334,0.16666666666666666,NA,0,NA,0,Whipping Cream,Charm
AF 8,72 Hours,2.9,0,0,5,1,0,1,NA,0.16666666666666666,0.8333333333333334,0.16666666666666666,NA,0,NA,0,Whipping Cream,Charm
AF 8,72 Hours,3,0,0,5,1,0,1,NA,0.16666666666666666,0.8333333333333334,0.16666666666666666,NA,0,NA,0,Whipping Cream,Charm
AF 8,72 Hours,3.1,0,0,5,1,0,1,NA,0.16666666666666666,0.8333333333333334,0.16666666666666666,NA,0,NA,0,Whipping Cream,Charm
AF 8,72 Hours,3.2,0,0,5,1,0,1,NA,0.16666666666666666,0.8333333333333334,0.16666666666666666,NA,0,NA,0,Whipping Cream,Charm
AF 8,72 Hours,3.3,0,0,5,1,0,1,NA,0.16666666666666666,0.8333333333333334,0.16666666666666666,NA,0,NA,0,Whipping Cream,Charm
AF 8,72 Hours,3.4,0,0,5,1,0,1,NA,0.16666666666666666,0.8333333333333334,0.16666666666666666,NA,0,NA,0,Whipping Cream,Charm
AF 8,72 Hours,3.5,0,0,5,1,0,1,NA,0.16666666666666666,0.8333333333333334,0.16666666666666666,NA,0,NA,0,Whipping Cream,Charm
AF 8,72 Hours,3.6,0,0,5,1,0,1,NA,0.16666666666666666,0.8333333333333334,0.16666666666666666,NA,0,NA,0,Whipping Cream,Charm
AF 8,72 Hours,3.7,0,0,5,1,0,1,NA,0.16666666666666666,0.8333333333333334,0.16666666666666666,NA,0,NA,0,Whipping Cream,Charm
AF 8,72 Hours,3.8,0,0,5,1,0,1,NA,0.16666666666666666,0.8333333333333334,0.16666666666666666,NA,0,NA,0,Whipping Cream,Charm
AF 8,72 Hours,3.9,0,0,5,1,0,1,NA,0.16666666666666666,0.8333333333333334,0.16666666666666666,NA,0,NA,0,Whipping Cream,Charm
AF 8,72 Hours,4,0,0,5,1,0,1,NA,0.16666666666666666,0.8333333333333334,0.16666666666666666,NA,0,NA,0,Whipping Cream,Charm
AF 8,72 Hours,4.1000000000000005,0,0,5,1,0,1,NA,0.16666666666666666,0.8333333333333334,0.16666666666666666,NA,0,NA,0,Whipping Cream,Charm
AF 8,72 Hours,4.2,0,0,5,1,0,1,NA,0.16666666666666666,0.8333333333333334,0.16666666666666666,NA,0,NA,0,Whipping Cream,Charm
AF 8,72 Hours,4.3,0,0,5,1,0,1,NA,0.16666666666666666,0.8333333333333334,0.16666666666666666,NA,0,NA,0,Whipping Cream,Charm
AF 8,72 Hours,4.4,0,0,5,1,0,1,NA,0.16666666666666666,0.8333333333333334,0.16666666666666666,NA,0,NA,0,Whipping Cream,Charm
AF 8,72 Hours,4.5,0,0,5,1,0,1,NA,0.16666666666666666,0.8333333333333334,0.16666666666666666,NA,0,NA,0,Whipping Cream,Charm
AF 8,72 Hours,4.6,0,0,5,1,0,1,NA,0.16666666666666666,0.8333333333333334,0.16666666666666666,NA,0,NA,0,Whipping Cream,Charm
